■ 개봉일람_월별,,,,,,,,,,,,,,,,,
- 조회일: 2021-03-18,,,,,,,,,,,,,,,,,
- 출처: 영화진흥위원회 통합전산망 (http://www.kobis.or.kr),,,,,,,,,,,,,,,,,
▶ 검색조건 [ 조회기간 : 2020~2021   국적 : 전체   영화명 : 전체   개봉일 : 전체   영화구분 : 전체   영화유형 : 개봉영화    ],,,,,,,,,,,,,,,,,
<,,,,,,,,,,,,,,,,,
순번,영화명,감독,제작사,수입사,배급사,개봉일,영화유형,영화형태,국적,전국,전국,전국,서울,서울,장르,등급,영화구분
,,,,,,,,,,스크린수,매출액,관객수,매출액,관객수,,,
1,담보,강대규,"(주)제이케이필름,(주)레드로버,씨제이이앤엠(주),(주)영화사연",,씨제이이앤엠(주),2020-09-29,개봉영화,장편,한국,"1,342","14,750,480,550","1,719,777","2,689,581,450","305,921",드라마,12세이상관람가,일반영화
2,삼진그룹 영어토익반,이종필,더램프(주),,롯데컬처웍스(주)롯데엔터테인먼트,2020-10-21,개봉영화,장편,한국,"1,616","13,986,138,870","1,571,820","3,946,153,940","444,282",드라마,12세이상관람가,일반영화
3,도굴,박정배,(주)싸이런픽쳐스,,씨제이이앤엠(주),2020-11-04,개봉영화,장편,한국,"1,635","13,947,664,670","1,543,775","3,235,832,320","355,865",범죄,12세이상관람가,일반영화
4,테넷,크리스토퍼 놀란,,워너브러더스 코리아(주),워너브러더스 코리아(주),2020-08-26,개봉영화,장편,미국,"2,228","11,962,885,850","1,284,073","4,596,473,470","464,556",액션,12세이상관람가,일반영화
5,소울,피트 닥터,"월트 디즈니 픽쳐스,픽사 애니메이션 스튜디오",월트디즈니컴퍼니코리아 유한책임회사,월트디즈니컴퍼니코리아 유한책임회사,2021-01-20,개봉영화,장편,미국,"2,018","7,936,332,910","875,001","2,578,880,980","275,009",애니메이션,전체관람가,일반영화
6,원더 우먼 1984,팻티 젠킨스,,워너브러더스 코리아(주),워너브러더스 코리아(주),2020-12-23,개봉영화,장편,미국,"2,260","4,935,655,460","546,550","1,457,693,500","154,656",액션,12세이상관람가,일반영화
7,국제수사,김봉한,(주)영화사장춘,,(주)쇼박스,2020-09-29,개봉영화,장편,한국,"1,074","4,496,549,760","537,470","868,003,360","103,185",코미디,15세이상관람가,일반영화
8,이웃사촌,이환경,"(주)시네마허브,환타지엔터테인먼트",,"(주)리틀빅픽쳐스,(주)트리니티픽쳐스",2020-11-25,개봉영화,장편,한국,"1,363","3,708,223,750","431,382","775,803,000","91,262",드라마,12세이상관람가,일반영화
9,소리도 없이,홍의정,"(주)루이스 픽쳐스,(주)브로콜리픽쳐스",,(주)에이스메이커무비웍스,2020-10-15,개봉영화,장편,한국,"1,084","3,558,622,900","403,432","843,075,990","93,396",범죄,15세이상관람가,일반영화
10,"그대, 고맙소 : 김호중 생애 첫 팬미팅 무비",,씨제이포디플렉스 주식회사,,씨제이포디플렉스 주식회사,2020-09-29,개봉영화,장편,한국,106,"3,129,974,000","102,008","986,730,500","31,301",공연,전체관람가,일반영화
11,오! 문희,정세교,(주)빅스톤픽쳐스,,CGV아트하우스,2020-09-02,개봉영화,장편,한국,"1,110","2,798,758,600","351,162","591,354,210","73,973",코미디,12세이상관람가,일반영화
12,그린랜드,릭 로먼 워,,(유)조이앤시네마,"(주)제이앤씨미디어그룹,TCO(주)더콘텐츠온",2020-09-29,개봉영화,장편,미국,779,"2,777,724,520","325,869","679,646,010","79,147",액션,12세이상관람가,일반영화
13,런,아니쉬 차간티,,(주)올스타엔터테인먼트,(주)올스타엔터테인먼트,2020-11-20,개봉영화,장편,미국,799,"2,603,262,370","283,573","803,179,720","86,674",미스터리,15세이상관람가,일반영화
14,내가 죽던 날,박지완,오스카10스튜디오,,워너브러더스 코리아(주),2020-11-12,개봉영화,장편,한국,909,"2,135,396,020","233,112","549,836,600","58,772",드라마,12세이상관람가,일반영화
15,뮬란,니키 카로,,월트디즈니컴퍼니코리아 유한책임회사,월트디즈니컴퍼니코리아 유한책임회사,2020-09-17,개봉영화,장편,미국,"1,420","2,079,737,620","236,247","600,704,000","65,400",어드벤처,12세이상관람가,일반영화
16,조제,김종관,볼미디어(주),,워너브러더스 코리아(주),2020-12-10,개봉영화,장편,한국,"1,179","1,884,431,540","209,988","468,226,490","51,461",멜로/로맨스,15세이상관람가,일반영화
17,극장판 귀멸의 칼날: 무한열차편,소토자키 하루오,,에스엠지홀딩스 주식회사,워터홀컴퍼니(주),2021-01-27,개봉영화,장편,일본,380,"1,820,102,670","206,309","507,360,670","54,677",애니메이션,15세이상관람가,일반영화
18,검객,최재훈,오퍼스픽쳐스(유),,"(주)키위미디어그룹,오퍼스픽쳐스(유)",2020-09-23,개봉영화,장편,한국,832,"1,619,781,870","190,237","315,861,680","36,965",액션,15세이상관람가,일반영화
19,미스터트롯: 더 무비,전수경,(주)영화사 그램,,(주)영화사 그램,2020-10-22,개봉영화,장편,한국,449,"1,288,613,100","150,094","356,326,100","41,283",공연,전체관람가,일반영화
20,브레이크 더 사일런스: 더 무비,박준수,빅히트쓰리식스티,,CGV ICECON,2020-09-24,개봉영화,장편,한국,205,"1,160,249,000","131,693","377,329,000","41,301",다큐멘터리,전체관람가,일반영화
21,언힌지드,데릭 보트,,(주)누리픽쳐스,"(주)누리픽쳐스,(주)영화특별시에스엠씨",2020-10-07,개봉영화,장편,미국,676,"1,016,037,190","118,112","302,552,340","35,166",스릴러,청소년관람불가,일반영화
22,디바,조슬예,"영화사올(주),팔팔애비뉴(주)",,메가박스중앙(주)플러스엠,2020-09-23,개봉영화,장편,한국,831,"901,717,350","108,122","258,175,260","31,164",스릴러,15세이상관람가,일반영화
23,기기괴괴 성형수,조경훈,"(주)에스에스애니멘트 ,(주)스튜디오 애니멀",,(주)트리플픽쳐스,2020-09-09,개봉영화,장편,한국,276,"871,629,560","103,251","287,238,540","36,203",공포(호러),15세이상관람가,독립/예술영화
24,죽지않는 인간들의 밤,신정원,"(주)브라더픽쳐스,TCO(주)더콘텐츠온",,TCO(주)더콘텐츠온,2020-09-29,개봉영화,장편,한국,570,"840,217,440","101,616","234,955,440","27,911",코미디,15세이상관람가,일반영화
25,다만 악에서 구하소서,홍원찬,(주)하이브미디어코프,,씨제이이앤엠(주),2020-08-05,개봉영화,장편,한국,"1,998","832,560,740","96,961","215,861,390","26,035",범죄,15세이상관람가,일반영화
26,극장판 포켓몬스터 뮤츠의 역습 EVOLUTION,"유야마 쿠니히코,사카키바라 모토노리",,(주)포켓몬코리아,(주)이수C&E,2020-09-30,개봉영화,장편,일본,591,"780,592,310","97,398","149,593,280","17,678",애니메이션,전체관람가,일반영화
27,페이트 스테이 나이트 헤븐즈필 제3장 스프링 송,스도 토모노리,,(주)애니플러스,(주)애니플러스,2020-10-22,개봉영화,장편,일본,149,"701,708,430","77,314","262,758,910","27,583",애니메이션,15세이상관람가,일반영화
28,뉴 뮤턴트,조쉬 분,,월트디즈니컴퍼니코리아 유한책임회사,월트디즈니컴퍼니코리아 유한책임회사,2020-09-10,개봉영화,장편,미국,817,"546,115,880","61,897","164,593,910","18,270",액션,15세이상관람가,일반영화
29,극장판 바이올렛 에버가든,이시다테 타이치,,미라지엔터테인먼트,(주)라이크콘텐츠,2020-11-12,개봉영화,장편,일본,131,"500,241,620","58,653","164,494,660","18,122",애니메이션,전체관람가,독립/예술영화
30,극장판 미니특공대: 햄버거괴물의 습격,이영준,(주)삼지애니메이션,,(주)리틀빅픽쳐스,2020-09-30,개봉영화,장편,한국,414,"466,063,620","57,883","77,247,430","9,126",애니메이션,전체관람가,일반영화
31,프리키 데스데이,크리스토퍼 랜던,,유니버설픽쳐스인터내셔널 코리아(유),유니버설픽쳐스인터내셔널 코리아(유),2020-11-25,개봉영화,장편,미국,631,"451,260,690","51,816","128,273,640","14,722",코미디,청소년관람불가,일반영화
32,아웃포스트,로드 루리,,(유)조이앤시네마,(주)제이앤씨미디어그룹,2020-09-23,개봉영화,장편,미국,454,"428,533,870","51,381","167,909,230","19,323",전쟁,15세이상관람가,일반영화
33,세자매,이승원,(주)영화사 업,,(주)리틀빅픽쳐스,2021-01-27,개봉영화,장편,한국,569,"354,451,240","42,290","110,117,100","12,825",드라마,15세이상관람가,독립/예술영화
34,다만 악에서 구하소서 파이널컷,홍원찬,(주)하이브미디어코프,,씨제이이앤엠(주),2020-10-28,개봉영화,장편,한국,475,"326,106,570","37,961","105,237,250","12,255",액션,청소년관람불가,일반영화
35,명탐정 코난: 진홍의 수학여행,야마모토 야스이치로,,씨제이이앤엠(주),씨제이이앤엠(주),2021-01-27,개봉영화,장편,일본,532,"316,132,440","38,131","61,262,750","7,166",애니메이션,12세이상관람가,일반영화
36,애프터: 그 후,로저 컴블,,판씨네마(주),판씨네마(주),2020-10-07,개봉영화,장편,미국,420,"304,956,040","36,962","102,372,690","12,502",멜로/로맨스,15세이상관람가,일반영화
37,뱅가드,당계례,,(주)엔케이컨텐츠,(주)디스테이션,2020-12-30,개봉영화,장편,중국,265,"265,893,700","31,546","64,605,900","7,759",액션,12세이상관람가,독립/예술영화
38,부활: 그 증거,김상철,파이오니아21,,(주)영화사 진진,2020-10-08,개봉영화,장편,한국,111,"236,483,600","29,153","47,493,200","5,734",다큐멘터리,전체관람가,독립/예술영화
39,"어디갔어, 버나뎃",리차드 링클레이터,,케이티하이텔(주),"(주)디스테이션,(주)엔케이컨텐츠",2020-10-08,개봉영화,장편,미국,253,"236,253,000","28,378","102,548,000","12,154",코미디,12세이상관람가,독립/예술영화
40,킹덤 오브 헤븐: 디렉터스 컷,리들리 스콧,,"(주)제이브로,포레스트",(주)영화사오원,2020-11-11,개봉영화,장편,영국,117,"230,971,600","25,153","118,553,900","12,497",액션,15세이상관람가,일반영화
41,극장판 짱구는 못말려: 신혼여행 허리케인~ 사라진 아빠!,하시모토 마사카즈,,씨제이이앤엠(주),씨제이이앤엠(주),2020-08-20,개봉영화,장편,일본,661,"221,664,710","27,094","36,558,650","4,171",애니메이션,전체관람가,일반영화
42,결백,박상현,(주)이디오플랜,,"소니픽쳐스엔터테인먼트코리아주식회사극장배급지점,(주)키다리이엔티",2020-06-10,개봉영화,장편,한국,"1,112","217,070,000","28,172","217,070,000","28,172",드라마,15세이상관람가,일반영화
43,더 프롬,라이언 머피,,,메가박스중앙(주)플러스엠,2020-12-02,개봉영화,장편,미국,662,"213,920,730","24,635","84,028,530","9,478",코미디,12세이상관람가,일반영화
44,폰조,조쉬 트랭크,,"(주)스톰픽쳐스코리아,(주)팀원픽쳐스",(주)키다리이엔티,2020-10-14,개봉영화,장편,미국,574,"211,759,310","25,383","79,202,080","9,237",범죄,청소년관람불가,독립/예술영화
45,애비규환,최하나,"(주)아토,(주)모토",,(주)리틀빅픽쳐스,2020-11-12,개봉영화,장편,한국,453,"206,731,300","22,729","96,040,940","9,985",드라마,12세이상관람가,독립/예술영화
46,마리 퀴리,마르잔 사트라피,,(주)엔케이컨텐츠,(주)디스테이션,2020-11-18,개봉영화,장편,프랑스,484,"191,500,920","24,573","86,961,990","11,943",드라마,15세이상관람가,독립/예술영화
47,오케이 마담,이철하,"영화사올(주),(주)사나이픽처스",,메가박스중앙(주)플러스엠,2020-08-12,개봉영화,장편,한국,"1,288","189,866,710","23,486","50,819,820","7,059",코미디,15세이상관람가,일반영화
48,테슬라,마이클 알메레이다,,(유)조이앤시네마,(주)제이앤씨미디어그룹,2020-10-28,개봉영화,장편,미국,460,"184,842,950","23,441","76,132,540","9,450",드라마,12세이상관람가,일반영화
49,에이바,테이트 테일러,,(유)조이앤시네마,(주)제이앤씨미디어그룹,2020-09-09,개봉영화,장편,미국,515,"178,670,250","22,832","57,166,200","7,244",액션,15세이상관람가,일반영화
50,아이 엠 우먼,문은주,,"주식회사 풍경소리,(주)팝엔터테인먼트",(주)팝엔터테인먼트,2021-01-14,개봉영화,장편,호주,494,"177,552,770","21,913","77,537,630","10,395",드라마,15세이상관람가,독립/예술영화
51,극장판 바다 탐험대 옥토넛 : 대산호초 보호작전,,,(주)얼리버드픽쳐스,와이드 릴리즈(주),2020-11-12,개봉영화,장편,영국,187,"174,069,000","25,889","32,135,000","4,680",애니메이션,전체관람가,독립/예술영화
52,추억의 검정고무신,송정율,(주)대교 미디어콘텐츠사업본부,,(주)대교 미디어콘텐츠사업본부,2020-11-19,개봉영화,장편,한국,215,"162,083,100","20,113","29,092,500","3,247",애니메이션,전체관람가,독립/예술영화
53,블라인드,타마르 반 덴 도프,,"주식회사 컨텐츠썬,와이드 릴리즈(주)",주식회사 컨텐츠썬,2021-01-14,개봉영화,장편,네덜란드,239,"158,532,100","18,297","58,848,700","6,742",드라마,15세이상관람가,일반영화
54,돌멩이,김정식,(주)영화사테이크,,(주)리틀빅픽쳐스,2020-10-15,개봉영화,장편,한국,425,"146,373,400","17,632","53,950,130","6,044",드라마,12세이상관람가,독립/예술영화
55,마틴 에덴,피에트로 마르첼로,,알토미디어(주),알토미디어(주),2020-10-29,개봉영화,장편,이탈리아,60,"143,383,430","15,593","105,415,830","11,136",드라마,12세이상관람가,독립/예술영화
56,800,관후,,(주)퍼스트런,"TCO(주)더콘텐츠온,(주)디스테이션",2020-12-10,개봉영화,장편,중국,223,"141,710,200","16,626","43,872,500","5,010",전쟁,15세이상관람가,일반영화
57,해수의 아이,와타나베 아유무,,"(주)제이브로,포레스트",(주)영화사오원,2020-09-30,개봉영화,장편,일본,76,"139,987,850","15,211","77,304,740","7,749",애니메이션,전체관람가,독립/예술영화
58,택스 콜렉터,데이비드 에이어,,(주)콘텐츠게이트,(주)팝엔터테인먼트,2020-11-18,개봉영화,장편,미국,372,"138,525,250","18,197","67,039,760","9,579",액션,청소년관람불가,일반영화
59,#아이엠히어,에릭 라티고,,(주)콘텐츠판다,(주)넥스트엔터테인먼트월드(NEW),2021-01-14,개봉영화,장편,프랑스,432,"135,795,710","16,290","55,923,950","7,437",멜로/로맨스,12세이상관람가,독립/예술영화
60,100% 울프: 푸들이 될 순 없어,알렉스 스타더만,,찬란,(주)팝엔터테인먼트,2020-12-24,개봉영화,장편,호주,370,"134,490,620","17,089","24,462,560","2,967",애니메이션,전체관람가,독립/예술영화
61,파티마의 기적,마르코 폰테코르보,,(주)스톰픽쳐스코리아,(주)디스테이션,2020-12-03,개봉영화,장편,미국,162,"129,090,600","16,062","40,968,000","5,267",드라마,12세이상관람가,독립/예술영화
62,커넥트,제이콥 체이스,,씨제이이앤엠(주),(주)이수C&E,2021-01-20,개봉영화,장편,미국,386,"125,557,510","14,140","28,726,470","3,117",공포(호러),15세이상관람가,독립/예술영화
63,밥정,박혜령,(주)하얀소엔터테인먼트,,(주)엣나인필름,2020-10-07,개봉영화,장편,한국,182,"123,204,940","15,650","76,969,530","9,458",다큐멘터리,전체관람가,독립/예술영화
64,빅풋 주니어2: 패밀리가 떴다,"벤 스타센,제레미 드그루손",,(주)이수C&E,(주)이수C&E,2021-01-06,개봉영화,장편,기타,308,"121,664,630","14,682","23,235,840","2,601",애니메이션,전체관람가,일반영화
65,극장판 요괴워치: 포에버 프렌즈,타카하시 시게하루,,씨제이이앤엠(주),씨제이이앤엠(주),2020-10-15,개봉영화,장편,일본,423,"120,935,750","15,434","15,573,740","1,840",애니메이션,전체관람가,일반영화
66,가나의 혼인잔치: 언약,,,(재)CBS,"(재)CBS,주식회사 블루필름웍스",2020-11-26,개봉영화,장편,미국,116,"120,050,330","13,678","37,789,630","4,167",다큐멘터리,전체관람가,일반영화
67,나이팅게일,제니퍼 켄트,,(유)조이앤시네마,(주)제이앤씨미디어그룹,2020-12-30,개봉영화,장편,호주,329,"112,682,610","13,702","35,213,240","4,301",스릴러,청소년관람불가,독립/예술영화
68,언플랜드,"척 콘젤만,캐리 솔로몬",,(주)달빛공장,(주)영화사오원,2020-12-17,개봉영화,장편,미국,281,"111,981,660","13,077","35,923,570","4,198",드라마,15세이상관람가,일반영화
69,극장판 엉덩이 탐정: 텐텐마을의 수수께끼,시바타 히로키,,에스엠지홀딩스 주식회사,(주)넥스트엔터테인먼트월드(NEW),2020-09-24,개봉영화,장편,일본,157,"109,191,540","14,799","21,351,240","2,745",애니메이션,전체관람가,일반영화
70,리플레이,데이비드 하인즈,,주식회사 모쿠슈라픽쳐스,(주)다자인소프트,2020-12-16,개봉영화,장편,미국,242,"103,182,310","12,692","56,517,660","6,934",드라마,12세이상관람가,독립/예술영화
71,걸후드,셀린 시아마,,(주)블루라벨픽쳐스,(주)영화특별시에스엠씨,2020-11-12,개봉영화,장편,프랑스,175,"98,925,000","11,409","52,746,500","6,282",드라마,12세이상관람가,독립/예술영화
72,미스터 존스,아그네츠카 홀란드,,(주)제이브로,(주)디오시네마,2021-01-07,개봉영화,장편,폴란드,277,"94,595,400","10,727","39,914,810","4,423",드라마,15세이상관람가,독립/예술영화
73,교실 안의 야크,,,주식회사 슈아픽처스,주식회사 슈아픽처스,2020-09-30,개봉영화,장편,기타,30,"93,716,210","11,059","61,505,580","6,721",드라마,전체관람가,독립/예술영화
74,강철비2 : 정상회담 확장판,양우석,(주)스튜디오게니우스우정,,롯데컬처웍스(주)롯데엔터테인먼트,2020-09-30,개봉영화,장편,한국,126,"89,922,500","18,306","28,311,500","7,243",드라마,15세이상관람가,일반영화
75,안티고네,소피 드라스프,,그린나래미디어(주),"그린나래미디어(주),(주)키다리이엔티",2020-11-19,개봉영화,장편,캐나다,130,"88,833,360","10,056","53,294,380","6,063",드라마,15세이상관람가,독립/예술영화
76,도망친 여자,홍상수,(주)영화제작전원사,,"(주)영화제작전원사 ,(주)콘텐츠판다",2020-09-17,개봉영화,장편,한국,143,"86,558,240","10,282","58,816,890","6,750",드라마,청소년관람불가,독립/예술영화
77,테스와 보낸 여름,스티븐 바우터루드,,에이케이엔터테인먼트(주),(주)팝엔터테인먼트,2020-09-10,개봉영화,장편,네덜란드,194,"84,421,250","9,459","46,726,440","5,009",드라마,전체관람가,독립/예술영화
78,잔칫날,김록경,스토리텔러 픽처스,,(주)트리플픽쳐스,2020-12-02,개봉영화,장편,한국,240,"83,221,060","10,806","31,181,890","4,166",드라마,12세이상관람가,독립/예술영화
79,썸머 85,프랑수아 오종,,찬란,찬란,2020-12-24,개봉영화,장편,기타,126,"81,822,490","9,318","49,732,590","5,406",멜로/로맨스,15세이상관람가,독립/예술영화
80,요가학원 : 죽음의 쿤달리니,"전재홍,김지한","(주)트리니티엔터테인먼트,오퍼스픽쳐스(유)",,(주)스마일이엔티,2020-11-18,개봉영화,장편,한국,267,"79,973,140","9,128","24,544,080","2,721",공포(호러),청소년관람불가,일반영화
81,나는 나를 해고하지 않는다,이태겸,"(주)홍시쥔,아트 윙",,(주)영화사 진진,2021-01-28,개봉영화,장편,한국,313,"76,303,260","9,660","35,748,040","4,539",드라마,12세이상관람가,독립/예술영화
82,토이 솔져스: 가짜사나이2 더 컴플리트,오윤동,씨제이포디플렉스 주식회사,,씨제이포디플렉스 주식회사,2021-01-27,개봉영화,장편,한국,155,"75,326,300","7,991","20,692,500","2,126",다큐멘터리,15세이상관람가,일반영화
83,완벽한 가족,로저 미첼,,(유)조이앤시네마,(주)제이앤씨미디어그룹,2021-01-06,개봉영화,장편,미국,318,"75,268,460","8,659","25,792,630","2,828",드라마,15세이상관람가,독립/예술영화
84,마이 리틀 포니: 레인보우 로드 트립,,,케이티하이텔(주),(주)박수엔터테인먼트,2020-10-29,개봉영화,장편,미국,226,"75,109,740","9,498","13,928,600","1,570",애니메이션,전체관람가,일반영화
85,남매의 여름밤,윤단비,오누필름,,그린나래미디어(주),2020-08-20,개봉영화,장편,한국,133,"74,408,642","8,704","53,192,682","5,916",드라마,전체관람가,독립/예술영화
86,카일라스 가는 길,정형민,빅트리,,(주)영화사 진진,2020-09-03,개봉영화,장편,한국,47,"71,290,540","9,389","33,524,330","4,203",다큐멘터리,전체관람가,독립/예술영화
87,피아니스트의 마지막 인터뷰,클로드 라롱드,,판씨네마(주),판씨네마(주),2020-11-19,개봉영화,장편,캐나다,55,"70,499,160","8,418","43,985,070","5,012",드라마,전체관람가,독립/예술영화
88,부니베어: 원시시대 대모험,정량,,(주)영화공간,(주)라이크콘텐츠,2020-10-22,개봉영화,장편,중국,216,"69,146,700","8,918","6,241,200",720,애니메이션,전체관람가,독립/예술영화
89,고스트 오브 워,에릭 브레스,,"(주)스톰픽쳐스코리아,(주)팀원픽쳐스",THE 픽쳐스,2020-09-02,개봉영화,장편,영국,228,"64,089,960","7,531","20,411,970","2,350",미스터리,15세이상관람가,독립/예술영화
90,종이꽃,고훈,"(주)로드픽쳐스,㈜스토리셋",,(주)스튜디오 보난자,2020-10-22,개봉영화,장편,한국,256,"61,388,310","7,323","23,165,270","2,624",드라마,12세이상관람가,독립/예술영화
91,미드나이트 스카이,조지 클루니,,,메가박스중앙(주)플러스엠,2020-12-09,개봉영화,장편,미국,257,"61,177,160","7,101","25,146,210","2,891",드라마,12세이상관람가,독립/예술영화
92,더 렌탈 : 소리없는 감시자,데이브 프랑코,,(유)조이앤시네마,(주)제이앤씨미디어그룹,2020-09-16,개봉영화,장편,미국,245,"60,294,280","7,476","19,305,990","2,363",공포(호러),15세이상관람가,일반영화
93,마이 미씽 발렌타인,진옥훈,,주식회사 디에스이이디,(주)트리플픽쳐스,2021-01-14,개봉영화,장편,기타,153,"59,948,070","7,796","25,595,930","3,370",멜로/로맨스,12세이상관람가,독립/예술영화
94,북스마트,올리비아 와일드,,(주)콘텐츠판다,(주)콘텐츠판다,2021-01-27,개봉영화,장편,미국,163,"58,561,900","9,435","29,102,900","5,756",코미디,15세이상관람가,독립/예술영화
95,남과 여: 여전히 찬란한,끌로드 를르슈,,(주)영화사내일,(주)팝엔터테인먼트,2020-10-15,개봉영화,장편,프랑스,69,"57,963,900","6,896","37,949,200","4,320",드라마,15세이상관람가,독립/예술영화
96,운디네,크리스티안 펫졸드,,M&M 인터내셔널,M&M 인터내셔널,2020-12-24,개봉영화,장편,독일,42,"56,119,020","6,538","37,256,850","4,109",드라마,12세이상관람가,독립/예술영화
97,"내 어깨 위 고양이, 밥 2",찰스 마틴 스미스,,(주)누리픽쳐스,(주)영화특별시에스엠씨,2020-12-24,개봉영화,장편,영국,202,"55,306,190","6,378","23,792,370","2,638",가족,전체관람가,일반영화
98,그리고 우린 춤을 추었다,레반 아킨,,(주)엣나인필름,(주)엣나인필름,2020-11-25,개봉영화,장편,프랑스,79,"53,405,810","6,062","37,957,840","4,088",드라마,15세이상관람가,독립/예술영화
99,마르지엘라,라이너 홀제메르,,크레센트 필름,하준사,2020-09-30,개봉영화,장편,기타,31,"51,368,170","5,637","43,872,200","4,712",다큐멘터리,전체관람가,독립/예술영화
100,파힘,피에르 프랑소와 마틴 라발,,그린나래미디어(주),(주)디스테이션,2021-01-21,개봉영화,장편,프랑스,165,"50,366,700","6,547","20,200,600","2,528",드라마,전체관람가,독립/예술영화
101,나이스 걸 라이크 유,,,(주)콘텐츠게이트,(주)영화사 빅,2020-11-18,개봉영화,장편,미국,149,"48,068,200","5,720","24,807,800","3,035",코미디,청소년관람불가,일반영화
102,비독: 파리의 황제,장-프랑소와 리셰,,(주)월드시네마,"(주)영화특별시에스엠씨,주식회사 더쿱",2020-09-17,개봉영화,장편,프랑스,182,"44,661,660","5,120","22,054,610","2,395",액션,15세이상관람가,독립/예술영화
103,젊은이의 양지,신수원,(주)준필름,,(주)리틀빅픽쳐스,2020-10-28,개봉영화,장편,한국,108,"44,082,770","5,199","28,739,100","3,315",드라마,15세이상관람가,독립/예술영화
104,걸,,,주식회사 더쿱,(주)리틀빅픽쳐스,2021-01-07,개봉영화,장편,독일,239,"44,053,510","4,853","21,646,570","2,248",드라마,15세이상관람가,독립/예술영화
105,공포분자,에드워드 양,,(주)에이썸엔터테인먼트,(주)에이썸엔터테인먼트,2020-09-17,개봉영화,장편,기타,52,"41,166,630","5,218","27,200,450","3,330",드라마,15세이상관람가,독립/예술영화
106,에브리타임 아이 다이,로비 마이클,,주식회사 모쿠슈라픽쳐스,(주)다자인소프트,2020-10-21,개봉영화,장편,미국,140,"40,982,970","4,960","21,546,770","2,484",미스터리,15세이상관람가,독립/예술영화
107,렛 힘 고,토마스 베주차,,유니버설픽쳐스인터내셔널 코리아(유),유니버설픽쳐스인터내셔널 코리아(유),2020-11-05,개봉영화,장편,미국,47,"40,874,000","5,800","23,792,500","3,457",범죄,15세이상관람가,독립/예술영화
108,봉쇄수도원 카르투시오,김동일,"KBS,커넥트픽쳐스(주),피엠픽쳐스",,커넥트픽쳐스(주),2020-11-19,개봉영화,장편,한국,125,"40,591,180","4,777","18,546,360","2,111",다큐멘터리,전체관람가,독립/예술영화
109,아무도 없다,존 하이암스,,판씨네마(주),판씨네마(주),2020-09-09,개봉영화,장편,미국,122,"38,901,450","4,478","13,157,650","1,556",스릴러,15세이상관람가,독립/예술영화
110,팔로우 미,,,위드 라이언 픽쳐스,(주)디스테이션,2020-10-22,개봉영화,장편,미국,138,"38,775,300","4,715","15,143,500","1,809",스릴러,15세이상관람가,일반영화
111,지니어스 독,길 정거,,(주)스톰픽쳐스코리아,(주)키다리이엔티,2020-09-16,개봉영화,장편,미국,142,"37,463,400","4,828","13,403,700","1,838",코미디,12세이상관람가,일반영화
112,다시 만난 날들,심찬양,(주)푸른나무픽쳐스,,(주)영화사오원,2020-09-24,개봉영화,장편,한국,105,"37,245,780","4,176","21,955,430","2,284",뮤지컬,12세이상관람가,독립/예술영화
113,베이비티스,,,M&M 인터내셔널,M&M 인터내셔널,2020-10-22,개봉영화,장편,호주,57,"36,583,130","4,329","26,299,730","3,014",코미디,15세이상관람가,독립/예술영화
114,페뷸러스,멜라니 샤르본느,,(주)싸이더스,"(주)싸이더스,찬란",2020-11-05,개봉영화,장편,캐나다,71,"36,572,280","4,109","25,567,870","2,876",코미디,15세이상관람가,독립/예술영화
115,트롤 킹,케빈 먼로,,(주)박수엔터테인먼트,(주)박수엔터테인먼트,2020-10-07,개봉영화,장편,기타,190,"36,520,010","4,728","5,655,900",662,애니메이션,전체관람가,일반영화
116,프록시마 프로젝트,앨리스 위노코,,(주)영화사 진진,(주)영화사 진진,2020-10-15,개봉영화,장편,프랑스,86,"36,329,750","4,185","25,624,880","2,845",드라마,12세이상관람가,독립/예술영화
117,극장판 기븐,야마구치 히카루,,(주)애니플러스,(주)애니플러스,2020-11-26,개봉영화,장편,일본,103,"36,194,770","4,127","15,466,460","1,651",애니메이션,15세이상관람가,일반영화
118,맹크,데이빗 핀처,,,메가박스중앙(주)플러스엠,2020-11-18,개봉영화,장편,미국,100,"36,063,560","4,036","24,934,870","2,735",드라마,15세이상관람가,독립/예술영화
119,트라이얼 오브 더 시카고 7,아론 소킨,,,메가박스중앙(주)플러스엠,2020-10-07,개봉영화,장편,미국,103,"35,893,730","4,412","19,914,960","2,338",드라마,15세이상관람가,독립/예술영화
120,미스터 보스,김형기,"(주)더 재미,대쉬 필름,강천산 픽쳐스",,"(주)스톰픽쳐스코리아,와이드 릴리즈(주)",2020-12-30,개봉영화,장편,한국,226,"34,516,640","4,267","8,285,480","1,031",드라마,15세이상관람가,일반영화
121,럭키 몬스터,봉준영,한국영화아카데미,,(주)영화사 그램,2020-12-03,개봉영화,장편,한국,101,"34,505,580","4,626","17,351,980","2,255",드라마,청소년관람불가,독립/예술영화
122,지옥의 묵시록 파이널 컷,프란시스 포드 코폴라,,(주)엔케이컨텐츠,(주)디스테이션,2020-11-26,개봉영화,장편,미국,64,"33,943,630","3,663","20,106,200","2,104",전쟁,청소년관람불가,독립/예술영화
123,담쟁이,한제이,다이노(DIE NO),,(주)트리플픽쳐스,2020-10-28,개봉영화,장편,한국,93,"33,705,130","4,258","19,435,220","2,347",가족,15세이상관람가,독립/예술영화
124,퍼스트 러브,미이케 다카시,,"(주)도키엔터테인먼트,와이드 릴리즈(주)",와이드 릴리즈(주),2020-12-17,개봉영화,장편,일본,79,"33,630,500","3,873","19,130,950","2,121",범죄,청소년관람불가,독립/예술영화
125,죽이는 여자,애슐리 해밀턴,,(주)영화사 안다미로,(주)영화사 안다미로,2020-08-23,개봉영화,장편,미국,1,"33,500,000","6,572","620,000",572,공포(호러),청소년관람불가,일반영화
126,무협: 더 코드,조니 우,,,(주)영화사 안다미로,2020-06-22,개봉영화,장편,미국,1,"33,488,040","6,549","599,000",551,액션,15세이상관람가,일반영화
127,안녕까지 30분,,,(주)엔케이컨텐츠,(주)디스테이션,2020-10-14,개봉영화,장편,일본,115,"33,447,800","4,305","18,622,500","2,432",판타지,12세이상관람가,독립/예술영화
128,빛의 아버지: 파이널 판타지 XIV,"노구치 테루오,야마모토 키요시",,(주)엔케이컨텐츠,(주)디스테이션,2021-01-14,개봉영화,장편,일본,98,"33,151,200","3,541","14,469,100","1,543",드라마,전체관람가,독립/예술영화
129,모추어리 컬렉션,,,(주)이놀미디어,(주)이놀미디어,2021-01-21,개봉영화,장편,미국,115,"32,241,800","3,767","12,162,700","1,425",판타지,청소년관람불가,독립/예술영화
130,매지컬: 공주를 웃겨라,정윤철,애니투아트(주),,(주)에이원엔터테인먼트,2020-09-17,개봉영화,장편,한국,220,"31,809,670","4,077","5,353,060",642,애니메이션,전체관람가,일반영화
131,보테로,돈 밀러,,(주)마노엔터테인먼트,(주)마노엔터테인먼트,2020-09-24,개봉영화,장편,캐나다,34,"31,301,840","3,805","21,537,040","2,406",다큐멘터리,전체관람가,독립/예술영화
132,로그,M.J. 버세트,,(주)스톰픽쳐스코리아,"(주)스톰픽쳐스코리아,와이드 릴리즈(주)",2020-11-25,개봉영화,장편,미국,180,"31,203,140","4,012","12,613,560","1,571",액션,15세이상관람가,일반영화
133,누군가 어디에서 나를 기다리면 좋겠다,아르노 비야르,,(주)영화사 진진,(주)영화사 진진,2020-12-17,개봉영화,장편,프랑스,54,"31,003,550","4,072","21,726,680","2,731",드라마,15세이상관람가,독립/예술영화
134,힐빌리의 노래,론 하워드,,,메가박스중앙(주)플러스엠,2020-11-11,개봉영화,장편,미국,84,"30,682,780","3,646","17,845,500","2,071",드라마,청소년관람불가,독립/예술영화
135,스웨그,임성관,(주)퍼플스트로우필름,,(주)영화사오원,2020-12-10,개봉영화,장편,한국,118,"30,300,660","3,214","18,971,540","1,998",드라마,15세이상관람가,독립/예술영화
136,증발,김성민,미들,,㈜인디스토리,2020-11-12,개봉영화,장편,한국,35,"28,672,300","3,922","17,390,100","2,154",다큐멘터리,전체관람가,독립/예술영화
137,마샤와 곰: 최고 중에 최고,,,(주)나이너스엔터테인먼트,(주)팝엔터테인먼트,2020-10-08,개봉영화,장편,러시아,158,"28,394,500","3,525","4,364,300",513,애니메이션,전체관람가,일반영화
138,맨슨 패밀리,앤드류 존스,,(주)영화사 안다미로,(주)영화사 안다미로,2020-06-15,개봉영화,장편,영국,1,"27,980,000","5,532","17,020,000","3,532",공포(호러),15세이상관람가,일반영화
139,호프,마리아 소달,,(주)이놀미디어,(주)이놀미디어,2020-12-17,개봉영화,장편,기타,171,"27,722,010","3,312","10,869,270","1,257",드라마,12세이상관람가,독립/예술영화
140,루브르박물관 기획특별전,,,,씨제이포디플렉스 주식회사,2020-09-16,개봉영화,장편,프랑스,22,"27,408,000","2,110","13,646,500","1,050",다큐멘터리,전체관람가,일반영화
141,강철비2: 정상회담,양우석,(주)스튜디오게니우스우정,,롯데컬처웍스(주)롯데엔터테인먼트,2020-07-29,개봉영화,장편,한국,"2,137","27,159,400","10,294","23,275,200","9,807",드라마,15세이상관람가,일반영화
142,소년시절의 너,증국상,,(주)더세컨드웨이브,"(주)콘텐츠패밀리,(주)영화특별시에스엠씨",2020-07-09,개봉영화,장편,중국,252,"26,747,800","3,985","12,458,500","1,790",멜로/로맨스,15세이상관람가,독립/예술영화
143,가을의 마티네,니시타니 히로시,,찬란,찬란,2020-12-31,개봉영화,장편,일본,19,"26,492,370","4,003","17,701,340","2,558",멜로/로맨스,12세이상관람가,독립/예술영화
144,레벨 16,,,(주)제이브로,(주)디오시네마,2020-12-10,개봉영화,장편,캐나다,137,"25,928,300","2,856","10,058,250","1,066",스릴러,15세이상관람가,독립/예술영화
145,태양의 소녀들,에바 허슨,,주식회사 더쿱,(주)이수C&E,2020-10-22,개봉영화,장편,프랑스,103,"25,580,970","2,971","13,742,370","1,501",드라마,15세이상관람가,독립/예술영화
146,타오르는 여인의 초상,셀린 시아마,,그린나래미디어(주),"그린나래미디어(주),(주)홈초이스",2020-01-16,개봉영화,장편,프랑스,120,"23,430,970","2,848","13,766,970","1,623",드라마,15세이상관람가,독립/예술영화
147,프리키 데스데이 순한맛,크리스토퍼 랜던,,유니버설픽쳐스인터내셔널 코리아(유),유니버설픽쳐스인터내셔널 코리아(유),2020-12-10,개봉영화,장편,미국,159,"23,273,230","2,541","5,965,220",637,코미디,15세이상관람가,일반영화
148,인퍼머스,,,(주)스톰픽쳐스코리아,(주)디스테이션,2020-11-11,개봉영화,장편,미국,135,"23,058,650","2,499","9,517,970",998,범죄,청소년관람불가,독립/예술영화
149,글로리아를 위하여,로베르 게디기앙,,(주)에이유앤씨,찬란,2020-10-29,개봉영화,장편,프랑스,36,"22,875,400","2,833","17,453,100","2,179",드라마,15세이상관람가,독립/예술영화
150,반교: 디텐션,존 쉬,,찬란,(주)팝엔터테인먼트,2020-08-13,개봉영화,장편,기타,128,"22,874,120","3,435","13,767,120","2,392",공포(호러),15세이상관람가,독립/예술영화
151,사냥의 시간: 데스 게임,아론 머티스,,,(주)영화사 안다미로,2020-06-22,개봉영화,장편,미국,1,"22,501,520","4,538","587,000",539,공포(호러),청소년관람불가,일반영화
152,사일런싱,,,(주)홈초이스,(주)홈초이스,2021-01-28,개봉영화,장편,미국,89,"22,311,180","2,873","9,436,340","1,236",공포(호러),15세이상관람가,일반영화
153,그리드,마이클 윈터바텀,,"(주)도키엔터테인먼트,와이드 릴리즈(주)",와이드 릴리즈(주),2020-10-15,개봉영화,장편,영국,66,"21,409,500","2,411","14,451,700","1,546",코미디,15세이상관람가,독립/예술영화
154,피원에이치 : 새로운 세계의 시작,창,"(주)에프엔씨스토리,(주)창픽쳐스",,롯데컬처웍스(주)롯데엔터테인먼트,2020-10-08,개봉영화,장편,한국,87,"21,109,200","2,284","12,031,200","1,223",드라마,15세이상관람가,일반영화
155,레전더리 콘서트: 헤르베르트 폰 카라얀,헤르베르트 폰 카라얀,,,(주)케빈앤컴퍼니,2020-11-01,개봉영화,장편,독일,15,"20,976,000",730,"12,899,000",429,공연,전체관람가,일반영화
156,나를 구하지 마세요,정연경,(주)아우라픽처스,,(주)리틀빅픽쳐스,2020-09-10,개봉영화,장편,한국,79,"20,403,800","2,334","10,538,220","1,140",드라마,12세이상관람가,독립/예술영화
157,후쿠오카,장률,(주)률필름,,"(주)률필름,㈜인디스토리",2020-08-27,개봉영화,장편,한국,101,"20,249,540","2,444","13,373,070","1,455",드라마,15세이상관람가,독립/예술영화
158,토스카,,,일미디어,일미디어,2020-12-01,개봉영화,장편,이탈리아,4,"20,175,850",684,"13,952,250",437,공연,12세이상관람가,일반영화
159,나인스 게이트: 아홉 번째 살인,니콜라이 콤메리키,,(유)조이앤시네마,(주)제이앤씨미디어그룹,2020-11-04,개봉영화,장편,러시아,93,"19,943,650","2,235","8,840,380",962,어드벤처,15세이상관람가,일반영화
160,포기와 베스,,,(주) 인스터 글로벌,(주) 인스터 글로벌,2020-10-06,개봉영화,장편,미국,7,"19,823,900",786,"14,663,600",582,공연,12세이상관람가,일반영화
161,69세,임선애,(주)기린제작사,,(주)엣나인필름,2020-08-20,개봉영화,장편,한국,105,"19,551,500","2,570","13,442,000","1,676",드라마,15세이상관람가,독립/예술영화
162,더 시크릿,유발 애들러,,(주)퍼스트런,"TCO(주)더콘텐츠온,(주)스튜디오디에이치엘",2021-01-21,개봉영화,장편,영국,72,"19,534,860","2,796","8,617,770","1,273",스릴러,15세이상관람가,독립/예술영화
163,얼론,조니 마틴,,(주)영화사 안다미로,(주)영화사 안다미로,2020-11-18,개봉영화,장편,미국,189,"19,474,290","2,294","7,069,010",794,액션,15세이상관람가,독립/예술영화
164,큰엄마의 미친봉고,백승환,(주)백그림,,(주)백그림,2021-01-21,개봉영화,장편,한국,67,"19,344,740","2,802","7,430,910","1,096",코미디,12세이상관람가,일반영화
165,버든: 세상을 바꾸는 힘,앤드류 헤클러,,(유)조이앤시네마,(주)제이앤씨미디어그룹,2020-11-25,개봉영화,장편,미국,82,"18,780,570","2,281","11,070,770","1,294",드라마,15세이상관람가,독립/예술영화
166,알피니스트 - 어느 카메라맨의 고백,"임일진,김민철",민치앤필름,,민치앤필름,2020-10-15,개봉영화,장편,한국,21,"18,762,430","2,316","11,944,030","1,451",다큐멘터리,12세이상관람가,독립/예술영화
167,코마,,,위드 라이언 픽쳐스,(주)까멜리아이엔티,2020-11-12,개봉영화,장편,러시아,46,"18,739,450","2,563","12,110,950","1,652",SF,15세이상관람가,독립/예술영화
168,우리가 이별 뒤에 알게 되는 것들,아이스링 친-이,,"(주)비싸이드 픽쳐스,필립 스튜디오",아이 엠,2020-09-30,개봉영화,장편,캐나다,37,"18,579,740","2,257","11,946,340","1,353",드라마,12세이상관람가,독립/예술영화
169,내언니전지현과 나,박윤진,,,호우주의보,2020-12-03,개봉영화,장편,한국,36,"18,358,300","2,142","13,307,030","1,454",다큐멘터리,12세이상관람가,독립/예술영화
170,엑설런트 어드벤쳐 3,딘 패리소트,,(주)누리픽쳐스,(주)누리픽쳐스,2020-11-19,개봉영화,장편,미국,54,"17,832,980","3,351","7,064,940","1,275",어드벤처,12세이상관람가,일반영화
171,관계의 가나다에 있는 우리는,이인의,굿인스토리,,(주)시네마달,2021-01-28,개봉영화,장편,한국,39,"17,658,070","2,380","11,724,770","1,499",드라마,전체관람가,독립/예술영화
172,레전더리 콘서트: 카를로스 클라이버,카를로스 클라이버,,,(주)케빈앤컴퍼니,2020-12-02,개봉영화,장편,독일,14,"17,130,000",583,"11,503,000",381,공연,전체관람가,일반영화
173,공포체험라디오 4DX,서정희,"CGV ICECON,씨제이포디플렉스 주식회사",,"CGV ICECON,씨제이포디플렉스 주식회사",2020-09-16,개봉영화,장편,한국,37,"16,604,000","1,794","6,099,500",650,공포(호러),15세이상관람가,일반영화
174,웰컴 투 X-월드,한태의,(주)시네마달,,(주)시네마달,2020-10-29,개봉영화,장편,한국,23,"16,522,400","2,064","12,760,900","1,444",다큐멘터리,전체관람가,독립/예술영화
175,용루각: 비정도시,최상훈,"(주)그노스,꿀잼컴퍼니(주)",,(주)드림팩트엔터테인먼트,2020-12-03,개봉영화,장편,한국,22,"16,308,210","2,740","6,068,750","1,024",액션,청소년관람불가,일반영화
176,제이티 르로이,,,(주)스톰픽쳐스코리아,(주)영화사 빅,2021-01-21,개봉영화,장편,미국,93,"16,266,700","1,977","8,115,900",969,드라마,15세이상관람가,독립/예술영화
177,송 오브 러브,,,(주)누리픽쳐스,(주)누리픽쳐스,2020-09-10,개봉영화,장편,기타,48,"16,134,080","3,133","5,667,600","1,069",드라마,12세이상관람가,일반영화
178,위 섬온 더 다크니스,,,(주)누리픽쳐스,(주)누리픽쳐스,2020-09-17,개봉영화,장편,미국,49,"16,101,320","3,131","5,432,800","1,053",공포(호러),청소년관람불가,일반영화
179,함께 있을 수 있다면,끌로드 베리,,(주)영화사 진진,(주)영화사 진진,2020-12-24,개봉영화,장편,프랑스,30,"15,876,610","2,053","9,277,210","1,185",멜로/로맨스,12세이상관람가,독립/예술영화
180,찬실이는 복도 많지,김초희,"(주)지이프로덕션,(주)사이드미러",,찬란,2020-03-05,개봉영화,장편,한국,241,"15,159,370","1,635","10,775,570","1,050",드라마,전체관람가,독립/예술영화
181,래시 컴 홈,올더디센 하노,,찬란,찬란,2021-01-07,개봉영화,장편,독일,13,"15,022,450","2,498","8,405,300","1,392",가족,전체관람가,독립/예술영화
182,프린세스 에미: 마법 책의 비밀,피엣 드 라이커,,(주)박수엔터테인먼트,(주)박수엔터테인먼트,2020-11-26,개봉영화,장편,독일,133,"14,555,780","1,871","1,460,400",181,애니메이션,전체관람가,일반영화
183,마치다군의 세계,이시이 유야,,(주)디오시네마,(주)디오시네마,2020-11-12,개봉영화,장편,일본,44,"14,124,170","1,483","10,592,800","1,076",멜로/로맨스,전체관람가,독립/예술영화
184,뮤직 앤 리얼리티,"빅 포니,스티브 리",(주)보더리스필름,,"(주)미로스페이스,(주)스튜디오 보난자",2020-12-23,개봉영화,장편,한국,38,"12,281,390","1,409","8,506,620",946,드라마,12세이상관람가,독립/예술영화
185,살로메,로메오 카스텔루치,,,(주)케빈앤컴퍼니,2020-09-20,개봉영화,장편,독일,8,"12,223,600",486,"8,921,800",347,공연,15세이상관람가,일반영화
186,그날이 온다,크리스토퍼 모리스,,(유)조이앤시네마,(주)제이앤씨미디어그룹,2020-12-09,개봉영화,장편,영국,105,"12,201,850","1,361","5,651,000",594,코미디,15세이상관람가,독립/예술영화
187,겨울밤에,장우진,봄내필름,,㈜인디스토리,2020-12-10,개봉영화,장편,한국,49,"12,083,970","1,425","7,835,570",869,드라마,12세이상관람가,독립/예술영화
188,라이어트: 기계들의 역습,,,하드릴컴퍼니,(주)노바이앤티,2020-12-23,개봉영화,장편,미국,52,"11,975,900","2,283","10,350,900","1,958",SF,15세이상관람가,일반영화
189,반도,연상호,(주)영화사레드피터,,(주)넥스트엔터테인먼트월드(NEW),2020-07-15,개봉영화,장편,한국,"2,575","11,821,000","1,768","9,326,000","1,440",액션,15세이상관람가,일반영화
190,아이 빌리브,,,(재)CBS,(재)CBS,2020-11-05,개봉영화,장편,미국,75,"11,757,600","1,433","5,082,500",607,드라마,전체관람가,일반영화
191,지옥의 오르페,"베리 코스키,마이클 베이어",,,(주)케빈앤컴퍼니,2020-10-25,개봉영화,장편,독일,7,"11,479,100",460,"8,781,400",353,공연,청소년관람불가,일반영화
192,크루아상,조성규,"(주)와우,(주)와이제이글로벌그룹",,하준사,2021-01-21,개봉영화,장편,한국,42,"11,463,450","1,221","7,007,310",736,드라마,12세이상관람가,독립/예술영화
193,엠티맨,,,월트디즈니컴퍼니코리아 유한책임회사,월트디즈니컴퍼니코리아 유한책임회사,2020-11-19,개봉영화,장편,미국,100,"11,314,120","1,266","4,967,810",556,공포(호러),15세이상관람가,일반영화
194,라스트 프론티어,,,주식회사 풍경소리,(주)까멜리아이엔티,2021-01-14,개봉영화,장편,러시아,20,"10,824,500","1,840","8,841,900","1,606",전쟁,15세이상관람가,독립/예술영화
195,어트랙션,"만스 말린드,비욘 스테인",,주식회사 더쿱,(주)이수C&E,2020-09-17,개봉영화,장편,독일,101,"10,807,570","1,286","4,452,080",522,드라마,12세이상관람가,독립/예술영화
196,스카이와 친구들: 로보시티의 비밀,,,에이케이엔터테인먼트(주),와이드 릴리즈(주),2020-12-10,개봉영화,장편,기타,83,"10,765,680","1,394","1,259,700",145,애니메이션,전체관람가,일반영화
197,황무지 5월의 고해,김태영,(주)인디컴,,시네마 뉴원,2020-10-28,개봉영화,장편,한국,39,"10,624,500","1,314","6,788,000",824,드라마,15세이상관람가,독립/예술영화
198,디어 마이 지니어스,구윤주,오엠지프로덕션,,필름다빈,2020-10-22,개봉영화,장편,한국,14,"10,582,400","1,807","4,748,900",711,다큐멘터리,전체관람가,독립/예술영화
199,앙상블,정형석,"닷 팩토리,전주 영상위원회",,"(주)스톰픽쳐스코리아,와이드 릴리즈(주)",2020-11-05,개봉영화,장편,한국,52,"10,376,610","1,140","6,412,540",678,드라마,12세이상관람가,독립/예술영화
200,레전더리 콘서트: 레너드 번스타인,,,,(주)케빈앤컴퍼니,2021-01-03,개봉영화,장편,독일,12,"10,132,500",366,"6,716,500",229,공연,전체관람가,일반영화
201,예티: 신비한 동물 탐험대,"피에르 그레코,낸시 플로렌스 사바드",,(주)퍼스트런,(주)디스테이션,2020-10-08,개봉영화,장편,캐나다,78,"10,032,160","1,307","1,023,000",131,애니메이션,전체관람가,독립/예술영화
202,라 보엠,,,,(주)케빈앤컴퍼니,2020-11-29,개봉영화,장편,독일,7,"9,719,400",379,"7,069,000",278,공연,전체관람가,일반영화
203,마지막 휴가,노거경,거경필름,,(주)드림팩트엔터테인먼트,2020-12-10,개봉영화,장편,한국,11,"9,561,000","1,164","6,319,000",790,기타,15세이상관람가,독립/예술영화
204,래드윔프스 안티 안티 제너레이션 2019,,,CGV ICECON,CGV ICECON,2020-11-05,개봉영화,장편,일본,27,"8,549,000",475,"3,887,500",216,공연,전체관람가,일반영화
205,구르는 수레바퀴,문정윤,아방가르드 필름,,아방가르드 필름,2020-09-23,개봉영화,장편,한국,4,"8,510,000","1,072","8,419,000","1,060",가족,12세이상관람가,독립/예술영화
206,구직자들,황승재,주식회사인시즌,,(주)이놀미디어,2020-11-12,개봉영화,장편,한국,29,"8,404,650",920,"5,921,080",631,SF,전체관람가,독립/예술영화
207,꿀벌과 천둥,이시카와 케이,,(주)엔케이컨텐츠,(주)디스테이션,2020-10-29,개봉영화,장편,일본,35,"8,270,600",923,"4,041,100",431,드라마,전체관람가,독립/예술영화
208,장 미쉘 바스키아: 더 레이디언트 차일드,탐라 데이비스,,,롯데컬처웍스(주)롯데엔터테인먼트,2020-12-09,개봉영화,장편,미국,18,"7,979,100",869,"5,381,300",580,다큐멘터리,12세이상관람가,일반영화
209,족벌 두 신문 이야기,"김용진,박중석",뉴스타파 필름,,(주)엣나인필름,2021-01-01,개봉영화,장편,한국,10,"7,879,400","1,030","5,621,400",686,다큐멘터리,12세이상관람가,독립/예술영화
210,438일,예스퍼 갠스란트,,(주)에스와이코마드,(주)에스와이코마드,2021-01-21,개봉영화,장편,기타,40,"7,872,810","1,000","4,108,410",500,드라마,15세이상관람가,독립/예술영화
211,요요현상,고두현,영화사 금요일,,영화배급협동조합 씨네소파,2021-01-14,개봉영화,장편,한국,27,"7,695,840",804,"5,331,640",516,다큐멘터리,전체관람가,독립/예술영화
212,"이별유예, 일주일",김규현,(주)에스비에스미디어넷,,(주)유어스토리블루,2020-12-09,개봉영화,장편,한국,29,"7,586,000",779,"3,386,500",348,드라마,15세이상관람가,일반영화
213,에듀케이션,김덕중,"(주)타이거시네마,DGC",,영화배급협동조합 씨네소파,2020-11-26,개봉영화,장편,한국,23,"7,510,670",886,"5,530,470",598,드라마,12세이상관람가,독립/예술영화
214,마라가 큰 결정을 해야 해,로버트 루케틱,,(주)영화사오원,(주)영화사오원,2021-01-07,개봉영화,장편,미국,79,"7,475,940",856,"2,830,800",321,멜로/로맨스,15세이상관람가,일반영화
215,시크릿 가든,마크 먼든,,주식회사 세미콜론스튜디오,(주)이수C&E,2020-08-19,개봉영화,장편,영국,267,"7,264,000",865,"5,614,500",696,드라마,전체관람가,독립/예술영화
216,해머 오브 갓,파렌 블랙번,,주식회사 모쿠슈라픽쳐스,(주)다자인소프트,2020-11-25,개봉영화,장편,영국,42,"7,175,470",960,"2,449,000",314,액션,청소년관람불가,독립/예술영화
217,극장판 시로바코,미즈시마 츠토무,,(주)애니플러스,(주)애니플러스,2020-08-20,개봉영화,장편,일본,64,"7,015,880",803,"5,018,400",569,애니메이션,12세이상관람가,일반영화
218,나의이름,허동우,(주)뉴데이픽쳐스,,시네마 뉴원,2020-10-14,개봉영화,장편,한국,38,"6,997,500",833,"4,819,500",560,멜로/로맨스,12세이상관람가,독립/예술영화
219,마음에 부는 바람,윤석호,,,(주)트리플픽쳐스,2020-11-05,개봉영화,장편,일본,13,"6,953,000",805,"6,345,500",739,기타,12세이상관람가,독립/예술영화
220,리메인,김민경,"리메인프로덕션,이유 필름",,(주)영화사오원,2020-08-27,개봉영화,장편,한국,45,"6,709,900",932,"1,340,900",156,드라마,청소년관람불가,독립/예술영화
221,나의 작은 동무,,,씨네라인월드(주),(주)라이크콘텐츠,2021-01-14,개봉영화,장편,기타,40,"6,526,440",777,"3,424,570",358,드라마,12세이상관람가,독립/예술영화
222,낙엽귀근,장양,,(주)시네마엔터,주식회사 블루필름웍스,2020-09-24,개봉영화,장편,중국,23,"6,259,880",777,"3,893,400",460,코미디,15세이상관람가,독립/예술영화
223,천사는 바이러스,김성준,전주 영상위원회,,주식회사 씨엠닉스,2021-01-06,개봉영화,장편,한국,44,"6,115,710",816,"2,404,810",278,드라마,15세이상관람가,독립/예술영화
224,아메리칸 잡,마크 스티븐 존슨,,(유)조이앤시네마,(주)제이앤씨미디어그룹,2020-09-03,개봉영화,장편,미국,36,"5,847,720","2,156","2,625,260",332,범죄,15세이상관람가,일반영화
225,유쾌한 과부,다미아노 미키엘레토,,일미디어,일미디어,2020-10-02,개봉영화,장편,이탈리아,4,"5,513,000",211,"3,154,500",102,공연,12세이상관람가,일반영화
226,치어리딩 클럽,자라 헤이즈,,찬란,찬란,2020-09-10,개봉영화,장편,캐나다,35,"5,145,240",672,"3,251,300",421,코미디,12세이상관람가,독립/예술영화
227,로맨틱 코미디,,,(주)영화사 안다미로,(주)영화사 안다미로,2020-12-03,개봉영화,장편,미국,28,"4,919,540",592,"3,215,200",355,다큐멘터리,12세이상관람가,독립/예술영화
228,나의 인생여행,,,미디어소프트,(주)라이크콘텐츠,2020-12-10,개봉영화,장편,영국,31,"4,822,210",603,"2,682,340",327,드라마,15세이상관람가,독립/예술영화
229,전쟁,요크 샤클톤,,(유)조이앤시네마,(주)제이앤씨미디어그룹,2020-12-30,개봉영화,장편,미국,35,"4,762,860",708,"1,190,940",170,액션,15세이상관람가,일반영화
230,내 사랑 찾기,,,주식회사 더쿱,(주)팝엔터테인먼트,2020-10-22,개봉영화,장편,미국,38,"4,557,300",560,"2,043,300",249,멜로/로맨스,12세이상관람가,독립/예술영화
231,뮤지컬 버드나무에 부는 바람,,,C 무비,C 무비,2020-10-07,개봉영화,장편,영국,11,"4,476,500",254,"2,611,500",148,뮤지컬,전체관람가,일반영화
232,귀여운 남자,김정욱,(주)드림팩트엔터테인먼트,,(주)드림팩트엔터테인먼트,2021-01-14,개봉영화,장편,한국,41,"4,376,470",546,"1,159,370",136,코미디,15세이상관람가,독립/예술영화
233,최미역행,판위린,,아트비전,시네마 뉴원,2020-11-25,개봉영화,장편,중국,20,"4,350,500",553,"2,204,000",289,드라마,12세이상관람가,독립/예술영화
234,캐리비안 해적과 마법 다이아몬드,라스무스 A. 실버르센,,(유)조이앤시네마,(주)제이앤씨미디어그룹,2020-08-26,개봉영화,장편,노르웨이,138,"4,312,660",563,"615,600",77,애니메이션,전체관람가,일반영화
235,블러드 킬,제임스 쿨렌 브레삭,,(주)스톰픽쳐스코리아,노바엔터테인먼트,2020-09-28,개봉영화,장편,미국,50,"4,283,500",829,"603,500",93,범죄,15세이상관람가,일반영화
236,무협강호,,,(주)스톰픽쳐스코리아,(주)원더스컴퍼니,2020-11-13,개봉영화,장편,중국,48,"4,230,000",824,"630,000",104,액션,12세이상관람가,일반영화
237,플레인 하이스트,앤드류 로렌스,,씨네쿼넌 픽쳐스,씨네쿼넌 픽쳐스,2020-09-29,개봉영화,장편,미국,50,"4,211,000",851,"1,200,000",240,액션,15세이상관람가,일반영화
238,메피스토,김동후,㈜아라유니버스,,(주)영화사 그램,2020-09-10,개봉영화,장편,한국,30,"4,054,900",502,"2,710,900",324,드라마,15세이상관람가,독립/예술영화
239,파이널 킬,저스틴 리,,(주)스톰픽쳐스코리아,(주)스톰픽쳐스코리아,2020-09-21,개봉영화,장편,미국,49,"4,046,000",804,"366,000",68,액션,15세이상관람가,일반영화
240,도둑까치,,,일미디어,일미디어,2020-11-03,개봉영화,장편,이탈리아,4,"3,965,600",153,"2,633,500",93,공연,전체관람가,일반영화
241,뮤지컬 남극 탐험가는 나를 좋아해,데이빗 혼,,C 무비,C 무비,2020-09-16,개봉영화,장편,미국,16,"3,940,000",219,"2,051,000",114,뮤지컬,15세이상관람가,일반영화
242,이 마스나디에리,데이비드 맥비커,,일미디어,일미디어,2020-09-01,개봉영화,장편,이탈리아,3,"3,604,050",153,"2,081,550",74,공연,12세이상관람가,일반영화
243,사랑이 눈뜰 때,마이클 메일러,,(주)이놀미디어,(주)이놀미디어,2020-08-26,개봉영화,장편,미국,92,"3,484,300",498,"1,686,300",228,드라마,12세이상관람가,독립/예술영화
244,선샤인 패밀리,김태식,필름라인,,시네마 뉴원,2020-12-31,개봉영화,장편,한국,26,"3,480,570",414,"2,172,070",245,드라마,12세이상관람가,독립/예술영화
245,골든맨,빈센조 알피리,,(주)액티버스엔터테인먼트,예지림엔터테인먼트,2021-01-27,개봉영화,장편,이탈리아,25,"3,326,600",441,"955,600",130,범죄,15세이상관람가,독립/예술영화
246,이십일세기 소녀,야마토 유키,,(주)디오시네마,(주)디오시네마,2020-09-03,개봉영화,장편,일본,20,"3,279,400",382,"2,655,400",292,드라마,15세이상관람가,독립/예술영화
247,워터 릴리스,셀린 시아마,,(주)블루라벨픽쳐스,(주)영화특별시에스엠씨,2020-08-13,개봉영화,장편,프랑스,89,"3,255,500",367,"2,375,500",265,드라마,15세이상관람가,독립/예술영화
248,사라센의 칼,임재영,대쉬 필름,,(주)콘텐츠윙,2021-01-14,개봉영화,장편,한국,14,"3,045,000",348,"2,080,900",217,드라마,15세이상관람가,독립/예술영화
249,킹 오브 프리즘 올 스타즈 -프리즘 쇼☆베스트10-,히시다 마사카즈,,동우에이앤이(주),동우에이앤이(주),2020-04-02,개봉영화,장편,일본,55,"3,032,010",366,"1,878,600",216,애니메이션,12세이상관람가,일반영화
250,게임의 법칙: 인간사냥,이수성,㈜리필름,,(주)제이앤씨미디어그룹,2021-01-28,개봉영화,장편,한국,20,"3,011,000",381,"1,256,500",155,스릴러,청소년관람불가,일반영화
251,동아시아반일무장전선,김미례,감 픽쳐스,,아이 엠,2020-08-20,개봉영화,장편,한국,23,"2,905,000",386,"2,500,000",326,다큐멘터리,15세이상관람가,독립/예술영화
252,머리카락,이미해,스튜디오 파동,,"목영엘티디,(주)다자인소프트",2020-12-10,개봉영화,장편,한국,12,"2,646,670",298,"1,990,070",210,다큐멘터리,전체관람가,독립/예술영화
253,스윈들러,이동환,환필름,,(주)이놀미디어,2020-10-08,개봉영화,장편,한국,16,"2,634,000",330,"1,654,500",201,드라마,15세이상관람가,독립/예술영화
254,"오늘, 우리 2","양재준,이나연,이준섭,여장천",필름다빈,,필름다빈,2021-01-21,개봉영화,장편,한국,14,"2,633,200",317,"2,065,200",234,드라마,12세이상관람가,독립/예술영화
255,인플루언서,오영근,(주)인터오리진아이엔씨,,(주)인터오리진아이엔씨,2020-11-25,개봉영화,장편,한국,7,"2,292,900",229,"1,739,000",164,다큐멘터리,전체관람가,일반영화
256,마티아스와 막심,자비에 돌란,,(주)엣나인필름,(주)엣나인필름,2020-07-23,개봉영화,장편,캐나다,91,"2,281,000",211,"2,194,000",197,드라마,15세이상관람가,독립/예술영화
257,엽문 리부트 2020,이입명,,씨네쿼넌 픽쳐스,(주)영화사 빅,2020-11-26,개봉영화,장편,중국,24,"2,277,770",302,"363,900",48,액션,12세이상관람가,독립/예술영화
258,밤쉘: 세상을 바꾼 폭탄선언,제이 로치,,그린나래미디어(주),(주)홈초이스,2020-07-08,개봉영화,장편,미국,882,"2,196,000",430,"2,180,000",428,드라마,15세이상관람가,독립/예술영화
259,붉은 눈,,,(주)미디어캐슬,(주)미디어캐슬,2020-12-24,개봉영화,장편,일본,5,"1,965,370",379,"1,565,370",299,미스터리,청소년관람불가,독립/예술영화
260,소년 아메드,"장 피에르 다르덴,뤽 다르덴",,(주)영화사 진진,(주)영화사 진진,2020-07-30,개봉영화,장편,프랑스,82,"1,919,500",373,"1,730,000",341,드라마,12세이상관람가,독립/예술영화
261,7월7일,손승현,필름소년,,(주)이놀미디어,2020-09-02,개봉영화,장편,한국,18,"1,846,560",219,"1,283,580",145,드라마,12세이상관람가,독립/예술영화
262,개 같은 것들,최종학,(주)에이치에이케이프로덕션,,(주)콘텐츠윙,2020-12-17,개봉영화,장편,한국,2,"1,797,000",207,"1,765,000",203,드라마,청소년관람불가,일반영화
263,이별식당,임왕태,"(주)미스터로맨스,HATCH FILM ,서울예술대학",,"(주)에스와이코마드,아이 엠",2020-08-27,개봉영화,장편,한국,24,"1,724,180",224,"1,094,500",136,뮤지컬,12세이상관람가,독립/예술영화
264,디노소어 어드벤쳐,,,(유)조이앤시네마,(주)제이앤씨미디어그룹,2021-01-27,개봉영화,장편,미국,26,"1,718,070",227,"422,000",56,어드벤처,15세이상관람가,일반영화
265,이별의 목적,이건우,(주)한영씨앤텍,,주식회사 블루필름웍스,2020-09-10,개봉영화,장편,한국,15,"1,690,470",214,"997,500",124,멜로/로맨스,12세이상관람가,독립/예술영화
266,애니멀 크래커,토니 밴크로프트,,주식회사 디에스이이디,(주)이수C&E,2020-08-05,개봉영화,장편,미국,473,"1,676,400",240,"1,364,000",195,애니메이션,전체관람가,독립/예술영화
267,벌새,김보라,에피파니(주),,"(주)엣나인필름,(주)콘텐츠판다",2019-08-29,개봉영화,장편,한국,145,"1,670,000",227,"484,000",65,드라마,15세이상관람가,독립/예술영화
268,여름날,오정석,오전필름,,영화배급협동조합 씨네소파,2020-08-20,개봉영화,장편,한국,12,"1,618,500",239,"791,500",98,드라마,전체관람가,독립/예술영화
269,나이트 언데드,,,(주)스톰픽쳐스코리아,(주)원더스컴퍼니,2021-01-27,개봉영화,장편,미국,20,"1,585,000",311,"1,210,000",236,미스터리,15세이상관람가,일반영화
270,젊은 모녀,왕지방,(주)디에이치미디어,,(주)소나무픽쳐스,2020-09-10,개봉영화,장편,한국,20,"1,562,000",269,"669,000",125,멜로/로맨스,청소년관람불가,일반영화
271,용감한 토끼 당당이,증헌림,,예지림엔터테인먼트,예지림엔터테인먼트,2020-12-17,개봉영화,장편,중국,5,"1,550,000",310,0,0,애니메이션,전체관람가,독립/예술영화
272,탱크 투 베를린,,,(유)조이앤시네마,(주)제이앤씨미디어그룹,2020-12-23,개봉영화,장편,러시아,16,"1,498,740",204,"877,800",98,액션,15세이상관람가,독립/예술영화
273,너와 파도를 탈 수 있다면,유아사 마사아키,,(주)미디어캐슬,메가박스중앙(주)플러스엠,2020-07-08,개봉영화,장편,일본,257,"1,421,000",135,"1,421,000",135,애니메이션,12세이상관람가,독립/예술영화
274,세트플레이,문승욱,"영화사 키노(주),키노비(주),(주)무빙픽쳐스컴퍼니,한국방송예술교육진흥원",,"주식회사 블루필름웍스,(주)무빙픽쳐스컴퍼니",2020-12-10,개봉영화,장편,한국,16,"1,363,000",170,"584,500",72,드라마,청소년관람불가,독립/예술영화
275,이장,정승오,㈜인디스토리,,㈜인디스토리,2020-03-25,개봉영화,장편,한국,82,"1,196,000",208,"100,000",12,드라마,12세이상관람가,독립/예술영화
276,야구소녀,최윤태,한국영화아카데미,,"(주)싸이더스,찬란",2020-06-18,개봉영화,장편,한국,264,"1,169,000",222,"100,000",19,드라마,12세이상관람가,독립/예술영화
277,터칭 더 보이드,케빈 맥도널드,,(주)피터팬픽쳐스,(주)피터팬픽쳐스,2020-09-24,개봉영화,장편,영국,8,"1,130,640",162,"881,660",126,다큐멘터리,12세이상관람가,독립/예술영화
278,초대받은 배달부,이상수,선셋 시네마,,선셋 시네마,2021-01-01,개봉영화,장편,한국,20,"1,066,000",179,"720,000",126,멜로/로맨스,청소년관람불가,일반영화
279,마농 레스코,,,일미디어,일미디어,2020-08-03,개봉영화,장편,이탈리아,5,"1,033,500",69,"329,500",22,공연,12세이상관람가,일반영화
280,더 듀얼,,,(주)제이브로,(주)제이브로,2020-11-19,개봉영화,장편,미국,5,"1,000,000",200,0,0,범죄,청소년관람불가,독립/예술영화
281,런 위드 더 헌티드,,,(주)제이브로,(주)제이브로,2020-11-04,개봉영화,장편,미국,5,"1,000,000",200,0,0,범죄,15세이상관람가,독립/예술영화
282,犬견 : 버려진 아이들,서하늘,바라봄엔터테인먼트,,주식회사 씨엠닉스,2020-10-18,개봉영화,장편,한국,1,"996,000",315,0,0,범죄,15세이상관람가,독립/예술영화
283,18 섹시퀸 유진의 섹스 스캔들,최진철,라임필름,,케이엘 픽쳐스,2020-11-13,개봉영화,장편,한국,20,"968,000",169,"666,000",125,멜로/로맨스,청소년관람불가,일반영화
284,용주골 2,김종석,컨텐츠레드,,(주)컨텐츠 빌리지,2020-11-12,개봉영화,장편,한국,20,"960,000",169,"663,000",125,멜로/로맨스,청소년관람불가,일반영화
285,천년여우 구미호,최환,(주)케이알씨지,,(주)케이알씨지,2020-12-03,개봉영화,장편,한국,11,"957,000",231,"914,000",188,멜로/로맨스,청소년관람불가,일반영화
286,관전녀2,김종석,컨텐츠레드,,(주)컨텐츠 빌리지,2020-11-06,개봉영화,장편,한국,20,"955,000",169,"663,000",125,멜로/로맨스,청소년관람불가,일반영화
287,음란 과외 3,김종석,너바나 필름,,(주)컨텐츠 빌리지,2020-11-26,개봉영화,장편,한국,20,"954,000",171,"667,000",127,멜로/로맨스,청소년관람불가,일반영화
288,셰이프 오브 뮤직: 알렉상드르 데스플라,파스칼 쾨노,,(주)영화사 진진,(주)영화사 진진,2020-08-13,개봉영화,장편,프랑스,30,"949,370",102,"745,370",73,다큐멘터리,전체관람가,독립/예술영화
289,금의위 3인의 무사,등연성,,,(유)조이앤시네마,2021-01-21,개봉영화,장편,중국,20,"941,000",210,"903,000",172,액션,15세이상관람가,독립/예술영화
290,기색충,김종석,모히또필름,,(주)컨텐츠 빌리지,2020-09-10,개봉영화,장편,한국,25,"940,000",174,"663,000",125,멜로/로맨스,청소년관람불가,일반영화
291,섹스의 세계,김종석,너바나 필름,,(주)컨텐츠 빌리지,2020-09-17,개봉영화,장편,한국,25,"940,000",174,"663,000",125,멜로/로맨스,청소년관람불가,일반영화
292,초대녀 3,김종석,모히또필름,,(주)컨텐츠 빌리지,2020-12-10,개봉영화,장편,한국,20,"940,000",169,"670,000",126,멜로/로맨스,청소년관람불가,일반영화
293,미세스 잘주리 미스 안주리,김종석,모히또필름,,(주)컨텐츠 빌리지,2021-01-07,개봉영화,장편,한국,21,"935,000",170,"663,000",125,멜로/로맨스,청소년관람불가,일반영화
294,애완남,김종석,너바나 필름,,(주)컨텐츠 빌리지,2020-10-23,개봉영화,장편,한국,20,"935,000",169,"663,000",125,멜로/로맨스,청소년관람불가,일반영화
295,어린 엄마4,김종석,모히또필름,,(주)컨텐츠 빌리지,2020-10-23,개봉영화,장편,한국,20,"935,000",169,"663,000",125,멜로/로맨스,청소년관람불가,일반영화
296,처제가 왜 거기서 나와?,김종석,컨텐츠레드,,(주)컨텐츠 빌리지,2020-12-23,개봉영화,장편,한국,20,"935,000",169,"663,000",125,멜로/로맨스,청소년관람불가,일반영화
297,형수 길들이기,정태준,컨텐츠레드,,(주)컨텐츠 빌리지,2020-10-07,개봉영화,장편,한국,20,"935,000",169,"663,000",125,멜로/로맨스,청소년관람불가,일반영화
298,에이리,오오토모 케이시,,(주)미디어캐슬,(주)미디어캐슬,2021-01-22,개봉영화,장편,일본,1,"926,540",86,"926,540",86,미스터리,15세이상관람가,독립/예술영화
299,두 번째 엄마-불륜정사,최환,(주)케이알씨지,,(주)케이알씨지,2020-12-03,개봉영화,장편,한국,20,"912,000",191,"903,000",182,멜로/로맨스,청소년관람불가,일반영화
300,어서오시게스트하우스,심요한,K'arts,,(주)리틀빅픽쳐스,2020-08-13,개봉영화,장편,한국,58,"776,000",105,"209,000",27,드라마,15세이상관람가,독립/예술영화
301,백년의 기억,피에르 올리비에 프랑수아,,전국예술영화관협회,"전국예술영화관협회,에무 시네마 앤 카페",2020-06-11,개봉영화,장편,프랑스,6,"755,000",149,"24,000",4,다큐멘터리,전체관람가,독립/예술영화
302,좀비캠프,데이빗 마탈론,,(주)스톰픽쳐스코리아,(주)스톰픽쳐스코리아,2020-09-25,개봉영화,장편,미국,5,"700,000",140,"300,000",60,스릴러,청소년관람불가,독립/예술영화
303,더 프린세스 : 도둑맞은 공주,올레말라므,,"(주)히스토리필름,(주)팝엔터테인먼트",(주)팝엔터테인먼트,2020-08-12,개봉영화,장편,우크라이나,423,"673,600",92,0,0,애니메이션,전체관람가,일반영화
304,외출 3,구재은,(주)영화사가을,,(주)영화사가을,2020-09-28,개봉영화,장편,한국,19,"672,000",134,"209,000",42,멜로/로맨스,청소년관람불가,일반영화
305,화끈한 미용실,김춘수,(주)영화사가을,,(주)영화사가을,2020-09-09,개봉영화,장편,한국,20,"672,000",134,"609,000",122,멜로/로맨스,청소년관람불가,일반영화
306,김비서는 정말 왜 그럴까?,김종석,컨텐츠레드,,(주)컨텐츠 빌리지,2020-09-03,개봉영화,장편,한국,20,"650,000",138,"603,000",122,멜로/로맨스,청소년관람불가,일반영화
307,작은 소망,전우성,,(주)콘텐츠판다,(주)콘텐츠판다,2020-08-13,개봉영화,장편,대만,151,"640,000",128,"640,000",128,코미디,12세이상관람가,독립/예술영화
308,부다페스트 스토리,아틸라 사스,,알토미디어(주),알토미디어(주),2020-08-13,개봉영화,장편,헝가리,33,"600,500",83,"452,000",64,스릴러,15세이상관람가,독립/예술영화
309,바람의 언덕,박석영,영화사 삼순,,영화사 삼순,2020-04-23,개봉영화,장편,한국,28,"551,000",76,"6,000",1,드라마,전체관람가,독립/예술영화
310,"그리고, 살아간다",츠키카와 쇼,,(주)미디어캐슬,(주)미디어캐슬,2021-01-15,개봉영화,장편,일본,1,"472,240",52,"472,240",52,드라마,12세이상관람가,독립/예술영화
311,나는보리,김진유,파도,,(주)영화사 진진,2020-05-21,개봉영화,장편,한국,158,"467,000",82,"172,000",41,가족,전체관람가,독립/예술영화
312,톰보이,셀린 시아마,,(주)블루라벨픽쳐스,(주)영화특별시에스엠씨,2020-05-14,개봉영화,장편,프랑스,361,"424,000",60,"389,000",54,드라마,12세이상관람가,독립/예술영화
313,마음 울적한 날엔,"한유원,강동완,김남석",,,필름다빈,2020-10-08,개봉영화,장편,한국,1,"403,000",44,"370,000",39,드라마,12세이상관람가,독립/예술영화
314,빅샤크3: 젤리몬스터 대소동,신우,,"(주)히스토리필름,(주)팝엔터테인먼트",(주)팝엔터테인먼트,2020-07-29,개봉영화,장편,중국,400,"339,000",63,0,0,애니메이션,전체관람가,일반영화
315,18 하라의 맛있는 수업,최진철,라임필름,,케이엘 픽쳐스,2020-09-29,개봉영화,장편,한국,20,"339,000",51,"70,000",6,멜로/로맨스,청소년관람불가,일반영화
316,가슴 큰 초희 - 무삭제판,이동준,미라클필름,,케이엘 픽쳐스,2020-09-18,개봉영화,장편,한국,1,"300,000",60,"300,000",60,멜로/로맨스,청소년관람불가,일반영화
317,계부의 욕정,사다오카 사다오,,,(주)라온컴퍼니플러스,2020-12-10,개봉영화,장편,일본,1,"300,000",60,"300,000",60,드라마,청소년관람불가,일반영화
318,고객센터: 살인예고,,,(주)라온컴퍼니플러스,(주)라온컴퍼니플러스,2020-11-15,개봉영화,장편,헝가리,1,"300,000",60,"300,000",60,스릴러,청소년관람불가,일반영화
319,공짜섹스,최진철,라임필름,,케이엘 픽쳐스,2020-11-23,개봉영화,장편,한국,1,"300,000",60,"300,000",60,멜로/로맨스,청소년관람불가,일반영화
320,관음증 남편 : 거유 아내,,,,(주)라온컴퍼니플러스,2020-12-08,개봉영화,장편,일본,1,"300,000",60,"300,000",60,드라마,청소년관람불가,일반영화
321,구멍청소부,,,,(주)라온컴퍼니플러스,2021-01-06,개봉영화,장편,일본,1,"300,000",60,"300,000",60,드라마,청소년관람불가,일반영화
322,그놈의 물건은 바이러스,최진철,라임필름,,케이엘 픽쳐스,2020-10-12,개봉영화,장편,한국,1,"300,000",60,"300,000",60,멜로/로맨스,청소년관람불가,일반영화
323,기운센 시아버지,칸바라 나오토,,,(주)라온컴퍼니플러스,2021-01-22,개봉영화,장편,일본,1,"300,000",60,"300,000",60,드라마,청소년관람불가,일반영화
324,남편 같은 큰 아들,카즈마,,,(주)라온컴퍼니플러스,2020-11-23,개봉영화,장편,일본,1,"300,000",60,"300,000",60,멜로/로맨스,청소년관람불가,일반영화
325,남편 친구,윤경식,(주)픽쳐레스크,,(주)픽쳐레스크,2020-12-03,개봉영화,장편,한국,1,"300,000",60,"300,000",60,성인물(에로),청소년관람불가,일반영화
326,남편상사들2,나기라 겐조,,(주)라온컴퍼니플러스,(주)라온컴퍼니플러스,2020-10-15,개봉영화,장편,일본,1,"300,000",60,"300,000",60,드라마,청소년관람불가,일반영화
327,내 아내가 아닌,윤경식,(주)픽쳐레스크,,(주)픽쳐레스크,2020-11-19,개봉영화,장편,한국,1,"300,000",60,"300,000",60,성인물(에로),청소년관람불가,일반영화
328,내 여자의 변태욕정,한길수,(주)가온콘텐츠,,(주)가온콘텐츠,2020-10-15,개봉영화,장편,한국,1,"300,000",60,"300,000",60,드라마,청소년관람불가,일반영화
329,너튜브 : 3인의 맛집,주현일,(주)담화,,(주)담화,2021-01-08,개봉영화,장편,한국,1,"300,000",60,"300,000",60,성인물(에로),청소년관람불가,일반영화
330,네 번째 엄마,윤경식,(주)픽쳐레스크,,(주)픽쳐레스크,2020-12-31,개봉영화,장편,한국,1,"300,000",60,"300,000",60,성인물(에로),청소년관람불가,일반영화
331,눈떠보니 제수씨,,,(주)라온컴퍼니플러스,(주)라온컴퍼니플러스,2020-10-19,개봉영화,장편,일본,1,"300,000",60,"300,000",60,드라마,청소년관람불가,일반영화
332,늑대소녀 야생소녀를 교육하다,에로핑,(주)가온콘텐츠,,(주)가온콘텐츠,2020-10-19,개봉영화,장편,한국,1,"300,000",60,"300,000",60,드라마,청소년관람불가,일반영화
333,더러운아내 무삭제판,최정자,(주)가온콘텐츠,,(주)가온콘텐츠,2020-12-23,개봉영화,장편,한국,1,"300,000",60,"300,000",60,드라마,청소년관람불가,일반영화
334,리얼섹스돌 : 사용설명서 무삭제,정미나,(주)담화,,(주)담화,2020-09-08,개봉영화,장편,한국,1,"300,000",60,"300,000",60,성인물(에로),청소년관람불가,일반영화
335,마녀 마음을 듣는 소녀,에로핑,(주)라온컴퍼니플러스,,(주)가온콘텐츠,2021-01-08,개봉영화,장편,한국,1,"300,000",60,"300,000",60,드라마,청소년관람불가,일반영화
336,막나가는 남편후배,,,,(주)라온컴퍼니플러스,2021-01-22,개봉영화,장편,일본,1,"300,000",60,"300,000",60,드라마,청소년관람불가,일반영화
337,맛동생,주현일,(주)담화,,(주)담화,2021-01-08,개봉영화,장편,한국,1,"300,000",60,"300,000",60,성인물(에로),청소년관람불가,일반영화
338,맛있는 너가 합격,정미나,(주)담화,,(주)담화,2020-09-22,개봉영화,장편,한국,1,"300,000",60,"300,000",60,성인물(에로),청소년관람불가,일반영화
339,목격자들 5번의 살인,,,(주)라온컴퍼니플러스,(주)라온컴퍼니플러스,2020-10-15,개봉영화,장편,헝가리,1,"300,000",60,"300,000",60,스릴러,청소년관람불가,일반영화
340,몰록 제물이 된 아이들,,,,(주)라온컴퍼니플러스,2020-11-04,개봉영화,장편,헝가리,1,"300,000",60,"300,000",60,스릴러,15세이상관람가,일반영화
341,무엇이든 도와드립니다,정미나,(주)담화,,(주)담화,2020-10-23,개봉영화,장편,한국,1,"300,000",60,"300,000",60,성인물(에로),청소년관람불가,일반영화
342,미소녀 파라다이스 베이글녀 마을,에로핑,(주)라온컴퍼니플러스,,(주)가온콘텐츠,2021-01-12,개봉영화,장편,한국,1,"300,000",60,"300,000",60,드라마,청소년관람불가,일반영화
343,미스캡틴 : 섹시 히어로즈,악셀 브라운,,(주)픽쳐레스크,(주)픽쳐레스크,2021-01-14,개봉영화,장편,미국,1,"300,000",60,"300,000",60,액션,청소년관람불가,일반영화
344,바람난 아내의 비밀,윤경식,(주)픽쳐레스크,,(주)픽쳐레스크,2020-11-19,개봉영화,장편,한국,1,"300,000",60,"300,000",60,성인물(에로),청소년관람불가,일반영화
345,발정난 동창,,,,(주)라온컴퍼니플러스,2020-12-10,개봉영화,장편,일본,1,"300,000",60,"300,000",60,드라마,청소년관람불가,일반영화
346,백신 모유를 가진 그녀,최진철,라임필름,,케이엘 픽쳐스,2020-11-29,개봉영화,장편,한국,1,"300,000",60,"300,000",60,멜로/로맨스,청소년관람불가,일반영화
347,빚투: 부부교환,정미나,(주)담화,,(주)담화,2020-10-09,개봉영화,장편,한국,1,"300,000",60,"300,000",60,성인물(에로),청소년관람불가,일반영화
348,빚투: 부부교환 무삭제,정미나,,,,2020-12-02,개봉영화,장편,한국,1,"300,000",60,"300,000",60,성인물(에로),청소년관람불가,일반영화
349,섹스 소녀 10,최진철,라임필름,,케이엘 픽쳐스,2020-12-18,개봉영화,장편,한국,1,"300,000",60,"300,000",60,멜로/로맨스,청소년관람불가,일반영화
350,섹스 소녀 11,최진철,라임필름,,케이엘 픽쳐스,2021-01-02,개봉영화,장편,한국,1,"300,000",60,"300,000",60,멜로/로맨스,청소년관람불가,일반영화
351,섹스 소녀 3,최진철,케이엘 픽쳐스,,케이엘 픽쳐스,2020-09-15,개봉영화,장편,한국,1,"300,000",60,"300,000",60,멜로/로맨스,청소년관람불가,일반영화
352,섹스 소녀 5,최진철,라임필름,,케이엘 픽쳐스,2020-10-27,개봉영화,장편,한국,1,"300,000",60,"300,000",60,멜로/로맨스,청소년관람불가,일반영화
353,섹스 소녀 7,최진철,라임필름,,케이엘 픽쳐스,2020-11-17,개봉영화,장편,한국,1,"300,000",60,"300,000",60,멜로/로맨스,청소년관람불가,일반영화
354,섹스 소녀 8,최진철,라임필름,,케이엘 픽쳐스,2020-12-10,개봉영화,장편,한국,1,"300,000",60,"300,000",60,멜로/로맨스,청소년관람불가,일반영화
355,섹스 소녀 9,최진철,라임필름,,케이엘 픽쳐스,2020-12-08,개봉영화,장편,한국,1,"300,000",60,"300,000",60,멜로/로맨스,청소년관람불가,일반영화
356,섹스 소녀12,최진철,라임필름,,케이엘 픽쳐스,2021-01-03,개봉영화,장편,한국,1,"300,000",60,"300,000",60,멜로/로맨스,청소년관람불가,일반영화
357,섹스 소녀2,최진철,라임필름,,케이엘 픽쳐스,2020-10-05,개봉영화,장편,한국,1,"300,000",60,"300,000",60,멜로/로맨스,청소년관람불가,일반영화
358,섹스 소녀6,최진철,라임필름,,케이엘 픽쳐스,2020-10-17,개봉영화,장편,한국,1,"300,000",60,"300,000",60,멜로/로맨스,청소년관람불가,일반영화
359,섹스소녀4,최진철,라임필름,,케이엘 픽쳐스,2020-10-08,개봉영화,장편,한국,1,"300,000",60,"300,000",60,멜로/로맨스,청소년관람불가,일반영화
360,섹스인듯 촬영인듯 섹스하는 너,정미나,(주)담화,,(주)담화,2020-09-08,개봉영화,장편,한국,1,"300,000",60,"300,000",60,성인물(에로),청소년관람불가,일반영화
361,소녀 소리를 보는 소녀,에로핑,(주)라온컴퍼니플러스,,(주)가온콘텐츠,2021-01-08,개봉영화,장편,한국,1,"300,000",60,"300,000",60,드라마,청소년관람불가,일반영화
362,"스와핑, 그 위험한 섹스",윤경식,(주)픽쳐레스크,,(주)픽쳐레스크,2020-12-08,개봉영화,장편,한국,1,"300,000",60,"300,000",60,성인물(에로),청소년관람불가,일반영화
363,스토커 광기의 살인,,,,(주)라온컴퍼니플러스,2020-11-16,개봉영화,장편,헝가리,1,"300,000",60,"300,000",60,스릴러,청소년관람불가,일반영화
364,싸버린 택배기사,니쿠 미코토,,(주)라온컴퍼니플러스,(주)라온컴퍼니플러스,2020-09-02,개봉영화,장편,일본,1,"300,000",60,"300,000",60,드라마,청소년관람불가,일반영화
365,아내의 내조 : 빼앗긴 아내,나기라 겐조,,,(주)라온컴퍼니플러스,2020-12-08,개봉영화,장편,일본,1,"300,000",60,"300,000",60,드라마,청소년관람불가,일반영화
366,아들의 여친 아빠의 여친,주현일,(주)담화,,(주)담화,2020-11-13,개봉영화,장편,한국,1,"300,000",60,"300,000",60,성인물(에로),청소년관람불가,일반영화
367,아이돌 섹스: LA 교포녀 무삭제,정미나,(주)담화,,(주)담화,2020-09-30,개봉영화,장편,한국,1,"300,000",60,"300,000",60,성인물(에로),청소년관람불가,일반영화
368,애인의 가슴 큰 친구,정미나,(주)담화,,(주)담화,2020-12-11,개봉영화,장편,한국,1,"300,000",60,"300,000",60,성인물(에로),청소년관람불가,일반영화
369,어른장난감 : 제가 해드려요?,주현일,(주)담화,,(주)담화,2021-01-22,개봉영화,장편,한국,1,"300,000",60,"300,000",60,성인물(에로),청소년관람불가,일반영화
370,에이전트 미스터 찬,제프 청,,,(주)라온컴퍼니플러스,2021-01-25,개봉영화,장편,중국,1,"300,000",60,"300,000",60,코미디,12세이상관람가,일반영화
371,여대생의 은밀한 불륜,윤경식,(주)픽쳐레스크,,(주)픽쳐레스크,2020-11-12,개봉영화,장편,한국,1,"300,000",60,"300,000",60,멜로/로맨스,청소년관람불가,일반영화
372,여동생과 은밀한 거래,윤경식,(주)픽쳐레스크,,(주)픽쳐레스크,2020-11-12,개봉영화,장편,한국,1,"300,000",60,"300,000",60,멜로/로맨스,청소년관람불가,일반영화
373,여동생의 맛,최진철,라임필름,,케이엘 픽쳐스,2020-11-27,개봉영화,장편,한국,1,"300,000",60,"300,000",60,멜로/로맨스,청소년관람불가,일반영화
374,여배우들: 섹스 오디션 무삭제,정미나,(주)담화,,(주)담화,2020-09-30,개봉영화,장편,한국,1,"300,000",60,"300,000",60,성인물(에로),청소년관람불가,일반영화
375,여자친구의 맛,최진철,라임필름,,케이엘 픽쳐스,2020-09-29,개봉영화,장편,한국,1,"300,000",60,"300,000",60,멜로/로맨스,청소년관람불가,일반영화
376,여자친구의 맛 2,최진철,라임필름,,케이엘 픽쳐스,2020-11-13,개봉영화,장편,한국,1,"300,000",60,"300,000",60,멜로/로맨스,청소년관람불가,일반영화
377,여자친구의 맛 3,최진철,라임필름,,케이엘 픽쳐스,2020-11-16,개봉영화,장편,한국,1,"300,000",60,"300,000",60,멜로/로맨스,청소년관람불가,일반영화
378,여직원의 육체영업,,,,(주)라온컴퍼니플러스,2021-01-22,개봉영화,장편,일본,1,"300,000",60,"300,000",60,드라마,청소년관람불가,일반영화
379,옆집유부녀 강탈,나기라 겐조,,,(주)라온컴퍼니플러스,2020-11-23,개봉영화,장편,일본,1,"300,000",60,"300,000",60,멜로/로맨스,청소년관람불가,일반영화
380,예쁜 여동생 2,최진철,케이엘 픽쳐스,,케이엘 픽쳐스,2020-09-06,개봉영화,장편,한국,1,"300,000",60,"300,000",60,멜로/로맨스,청소년관람불가,일반영화
381,예쁜 여동생 4,최진철,라임필름,,케이엘 픽쳐스,2021-01-18,개봉영화,장편,한국,1,"300,000",60,"300,000",60,멜로/로맨스,청소년관람불가,일반영화
382,예쁜 여동생 5,최진철,라임필름,,케이엘 픽쳐스,2021-01-25,개봉영화,장편,한국,1,"300,000",60,"300,000",60,멜로/로맨스,청소년관람불가,일반영화
383,예쁜 여동생3,최진철,라임필름,,케이엘 픽쳐스,2020-10-13,개봉영화,장편,한국,1,"300,000",60,"300,000",60,멜로/로맨스,청소년관람불가,일반영화
384,오빠는 음식은 가려도 여자는 안가려 무삭제,정미나,(주)담화,,(주)담화,2020-09-01,개봉영화,장편,한국,1,"300,000",60,"300,000",60,성인물(에로),청소년관람불가,일반영화
385,왕가슴 그녀,최진철,라임필름,,케이엘 픽쳐스,2020-10-26,개봉영화,장편,한국,1,"300,000",60,"300,000",60,멜로/로맨스,청소년관람불가,일반영화
386,외설마사지 고삐풀린아내,,,,(주)라온컴퍼니플러스,2020-12-08,개봉영화,장편,일본,1,"300,000",60,"300,000",60,드라마,청소년관람불가,일반영화
387,욕정의 며느리2,,,,(주)라온컴퍼니플러스,2020-09-02,개봉영화,장편,일본,1,"300,000",60,"300,000",60,드라마,청소년관람불가,일반영화
388,욕정의 며느리3,,,,(주)라온컴퍼니플러스,2020-12-10,개봉영화,장편,일본,1,"300,000",60,"300,000",60,드라마,청소년관람불가,일반영화
389,위자 악마소환게임,헨리크 쿠토,,(주)라온컴퍼니플러스,(주)라온컴퍼니플러스,2020-10-15,개봉영화,장편,헝가리,1,"300,000",60,"300,000",60,공포(호러),12세이상관람가,일반영화
390,위험한 삼촌들,양호열,(주)가온콘텐츠,,(주)가온콘텐츠,2020-10-15,개봉영화,장편,한국,1,"300,000",60,"300,000",60,드라마,청소년관람불가,일반영화
391,이모네 미용실 문 닫는 날,에로핑,(주)가온콘텐츠,,(주)가온콘텐츠,2021-01-25,개봉영화,장편,한국,1,"300,000",60,"300,000",60,드라마,청소년관람불가,일반영화
392,인턴의 입사교육,,,,(주)라온컴퍼니플러스,2021-01-14,개봉영화,장편,일본,1,"300,000",60,"300,000",60,드라마,청소년관람불가,일반영화
393,좀비랜드 파이널,,,(주)라온컴퍼니플러스,(주)라온컴퍼니플러스,2020-10-15,개봉영화,장편,헝가리,1,"300,000",60,"300,000",60,스릴러,15세이상관람가,일반영화
394,주부남편의 발기찬 바깥생활 무삭제,정미나,(주)담화,,(주)담화,2020-10-21,개봉영화,장편,한국,1,"300,000",60,"300,000",60,성인물(에로),청소년관람불가,일반영화
395,채승하의 비밀의 숲,최진철,라임필름,,케이엘 픽쳐스,2020-10-29,개봉영화,장편,한국,1,"300,000",60,"300,000",60,멜로/로맨스,청소년관람불가,일반영화
396,처제의 은밀한 맛,윤경식,(주)픽쳐레스크,,(주)픽쳐레스크,2020-12-17,개봉영화,장편,한국,1,"300,000",60,"300,000",60,성인물(에로),청소년관람불가,일반영화
397,충격 실제정사,최진철,라임필름,,케이엘 픽쳐스,2020-12-21,개봉영화,장편,한국,1,"300,000",60,"300,000",60,멜로/로맨스,청소년관람불가,일반영화
398,팽말숙 : 실전주의,정미나,(주)담화,,(주)담화,2020-11-19,개봉영화,장편,한국,1,"300,000",60,"300,000",60,성인물(에로),청소년관람불가,일반영화
399,편의점 알바생 변태사장의교육,한동호,(주)가온콘텐츠,,(주)가온콘텐츠,2020-11-13,개봉영화,장편,한국,1,"300,000",60,"300,000",60,드라마,청소년관람불가,일반영화
400,한지붕 세가족,양호열,(주)가온콘텐츠,,(주)가온콘텐츠,2020-10-15,개봉영화,장편,한국,1,"300,000",60,"300,000",60,드라마,청소년관람불가,일반영화
401,해브 어 나이스 데이,류건,,,(주)라온컴퍼니플러스,2021-01-25,개봉영화,장편,중국,1,"300,000",60,"300,000",60,애니메이션,15세이상관람가,일반영화
402,화이트 블러드,,,(주)라온컴퍼니플러스,(주)라온컴퍼니플러스,2020-11-04,개봉영화,장편,헝가리,1,"300,000",60,"300,000",60,범죄,15세이상관람가,일반영화
403,황금화 : 엄마의 일기,,,,(주)라온컴퍼니플러스,2021-01-25,개봉영화,장편,홍콩,1,"300,000",60,"300,000",60,드라마,15세이상관람가,일반영화
404,18 걸그룹 승하의 눈치게임,최진철,라임필름,,라임필름,2020-09-17,개봉영화,장편,한국,1,"300,000",60,"300,000",60,멜로/로맨스,청소년관람불가,일반영화
405,18 모델 리카의 화려한 외출,최진철,라임필름,,케이엘 픽쳐스,2020-09-24,개봉영화,장편,한국,1,"300,000",60,"300,000",60,멜로/로맨스,청소년관람불가,일반영화
406,18 성인배우 이수의 섹스 판타지,최진철,라임필름,,케이엘 픽쳐스,2021-01-26,개봉영화,장편,한국,1,"300,000",60,"300,000",60,멜로/로맨스,청소년관람불가,일반영화
407,18 출사녀 화진의 미친 섹스,최진철,라임필름,,케이엘 픽쳐스,2020-12-07,개봉영화,장편,한국,1,"300,000",60,"300,000",60,멜로/로맨스,청소년관람불가,일반영화
408,18 클럽녀 새봄의 섹스 파티,최진철,라임필름,,케이엘 픽쳐스,2021-01-04,개봉영화,장편,한국,1,"300,000",60,"300,000",60,성인물(에로),청소년관람불가,일반영화
409,18 BJ 하연의 화려한 테크닉,최진철,라임필름,,케이엘 픽쳐스,2021-01-12,개봉영화,장편,한국,1,"300,000",60,"300,000",60,멜로/로맨스,청소년관람불가,일반영화
410,2020년 마지막 섹스,최진철,라임필름,,케이엘 픽쳐스,2021-01-07,개봉영화,장편,한국,1,"300,000",60,"300,000",60,멜로/로맨스,청소년관람불가,일반영화
411,부다페스트 느와르,에바 가르도스,,알토미디어(주),알토미디어(주),2020-09-18,개봉영화,장편,헝가리,1,"256,000",38,"256,000",38,미스터리,15세이상관람가,독립/예술영화
412,엘라 벨라 빙고: 친구 찾기 대작전,"아틀 솔버그 블락세트,프랭크 모스볼드",,,(주)박수엔터테인먼트,2020-08-12,개봉영화,장편,노르웨이,180,"248,480",42,0,0,애니메이션,전체관람가,일반영화
413,음악,,,,(주)미디어캐슬,2021-01-16,개봉영화,장편,일본,1,"233,400",24,"233,400",24,애니메이션,12세이상관람가,독립/예술영화
414,러브라인,"오두경,김성훈,권아영,정다이",주식회사 씨엠닉스,,주식회사 씨엠닉스,2020-11-01,개봉영화,장편,한국,1,"221,000",78,"221,000",78,기타,15세이상관람가,독립/예술영화
415,주식회사 스페셜액터스,우에다 신이치로,,찬란,찬란,2020-08-06,개봉영화,장편,일본,43,"217,000",38,"100,000",12,코미디,전체관람가,독립/예술영화
416,페이블,에구치 칸,,(주)미디어캐슬,쇼치쿠,2021-01-16,개봉영화,장편,일본,1,"189,510",21,"189,510",21,코미디,15세이상관람가,독립/예술영화
417,우리 안의 그들,"김태진,송원준,이진영",주식회사 씨엠닉스,,주식회사 씨엠닉스,2020-11-01,개봉영화,장편,한국,1,"147,000",61,"147,000",61,기타,12세이상관람가,독립/예술영화
418,카오산 탱고,김범삼,,,(주)영화사 그램,2020-07-30,개봉영화,장편,한국,45,"115,000",14,"82,000",9,드라마,12세이상관람가,독립/예술영화
419,더 게이트,,,(주)액티버스엔터테인먼트,(주)액티버스엔터테인먼트,2020-12-08,개봉영화,장편,스페인,5,"113,000",22,"110,000",19,드라마,15세이상관람가,독립/예술영화
420,어게인,조창열,(주)하늬바람,,(주)에스와이코마드,2020-07-30,개봉영화,장편,한국,22,"109,000",15,"27,000",3,뮤지컬,12세이상관람가,독립/예술영화
421,블러드하운드,제이슨 R. 밀러,,(주)퍼스트런,(주)퍼스트런,2021-01-07,개봉영화,장편,미국,5,"101,000",17,0,0,미스터리,15세이상관람가,독립/예술영화
422,가정부가 야동처럼 보일때,스즈키 켄이치로,,,(주)도키엔터테인먼트,2020-10-05,개봉영화,장편,일본,1,"100,000",20,0,0,성인물(에로),청소년관람불가,일반영화
423,남편몰래 들이대는 새아들,코지마 유키오,,,(주)도키엔터테인먼트,2020-11-06,개봉영화,장편,일본,1,"100,000",20,0,0,성인물(에로),청소년관람불가,일반영화
424,낯선 남자와 청순 글래머,히로아키,,,(주)플라이어,2020-10-06,개봉영화,장편,일본,1,"100,000",20,0,0,드라마,청소년관람불가,일반영화
425,너무나 커버린 새아들이 좋아,코지마 유키오,,,(주)도키엔터테인먼트,2020-11-06,개봉영화,장편,일본,1,"100,000",20,0,0,성인물(에로),청소년관람불가,일반영화
426,라이즈 오브 워리어 퀸: 부디카,,,(주)도키엔터테인먼트,(주)도키엔터테인먼트,2020-12-16,개봉영화,장편,영국,1,"100,000",20,0,0,액션,15세이상관람가,일반영화
427,로마-저항군의 탄생,,,(주)도키엔터테인먼트,(주)도키엔터테인먼트,2020-12-10,개봉영화,장편,영국,1,"100,000",20,0,0,액션,15세이상관람가,일반영화
428,로스트 바이킹: 전쟁의 신의 아들,,,(주)도키엔터테인먼트,(주)도키엔터테인먼트,2020-09-24,개봉영화,장편,영국,1,"100,000",20,0,0,액션,15세이상관람가,일반영화
429,불륜축제-깊숙한 그곳에,사사키 히로히사,,,(주)도키엔터테인먼트,2020-10-05,개봉영화,장편,일본,1,"100,000",20,0,0,성인물(에로),청소년관람불가,일반영화
430,사촌누나의 성상담,스즈키 켄이치로,,,(주)도키엔터테인먼트,2020-10-05,개봉영화,장편,일본,1,"100,000",20,0,0,성인물(에로),청소년관람불가,일반영화
431,새엄마는 오늘도 오르가즘,,,,(주)도키엔터테인먼트,2020-09-04,개봉영화,장편,일본,1,"100,000",20,0,0,성인물(에로),청소년관람불가,일반영화
432,선넘은 F컵 물리치료사,스즈키 켄이치로,,(주)도키엔터테인먼트,(주)도키엔터테인먼트,2020-12-04,개봉영화,장편,일본,1,"100,000",20,0,0,성인물(에로),청소년관람불가,일반영화
433,소금맛이 나는 여자,야마우치 다이스케,,,(주)도키엔터테인먼트,2020-10-05,개봉영화,장편,일본,1,"100,000",20,0,0,성인물(에로),청소년관람불가,일반영화
434,술취한 직장후배와 원나잇 가능,스즈키 켄이치로,,(주)도키엔터테인먼트,(주)도키엔터테인먼트,2020-12-04,개봉영화,장편,일본,1,"100,000",20,0,0,성인물(에로),청소년관람불가,일반영화
435,시아버지의 여자 2,잠파,,,(주)플라이어,2020-10-13,개봉영화,장편,일본,1,"100,000",20,0,0,드라마,청소년관람불가,일반영화
436,시아버지의 흑심에 불붙은 여름밤,코지마 유키오,,,(주)도키엔터테인먼트,2020-11-06,개봉영화,장편,일본,1,"100,000",20,0,0,성인물(에로),청소년관람불가,일반영화
437,아들 여친이 샤워를 하고 있다,,,,(주)도키엔터테인먼트,2020-09-04,개봉영화,장편,일본,1,"100,000",20,0,0,성인물(에로),청소년관람불가,일반영화
438,아버지의 여자,키무라 히로유키,,,(주)플라이어,2020-10-06,개봉영화,장편,일본,1,"100,000",20,0,0,드라마,청소년관람불가,일반영화
439,야한 첫경험,히로아키,,,(주)플라이어,2020-10-13,개봉영화,장편,일본,1,"100,000",20,0,0,드라마,청소년관람불가,일반영화
440,엄마의 직업 2,노현진,(주)나우콘텐츠,,(주)나우콘텐츠,2020-10-21,개봉영화,장편,한국,1,"100,000",20,0,0,드라마,청소년관람불가,일반영화
441,여자마사지사는 정말 주는가,스즈키 켄이치로,,(주)도키엔터테인먼트,(주)도키엔터테인먼트,2020-12-04,개봉영화,장편,일본,1,"100,000",20,0,0,성인물(에로),청소년관람불가,일반영화
442,유카타를 벗고 홀딱 마사지,,,,(주)도키엔터테인먼트,2020-09-04,개봉영화,장편,일본,1,"100,000",20,0,0,성인물(에로),청소년관람불가,일반영화
443,의동생의 팬티를 벗길 때,,,,(주)도키엔터테인먼트,2020-09-04,개봉영화,장편,일본,1,"100,000",20,0,0,성인물(에로),청소년관람불가,일반영화
444,첫사랑인 숙모에게 고백한 밤,코지마 유키오,,,(주)도키엔터테인먼트,2020-11-06,개봉영화,장편,일본,1,"100,000",20,0,0,성인물(에로),청소년관람불가,일반영화
445,첫키스부터 XX까지 엄마친구,다나카 켄타로,,(주)도키엔터테인먼트,(주)도키엔터테인먼트,2020-12-04,개봉영화,장편,일본,1,"100,000",20,0,0,성인물(에로),청소년관람불가,일반영화
446,친구엄마의 승부속옷,고바야시 이치로,,,(주)도키엔터테인먼트,2020-09-04,개봉영화,장편,일본,1,"100,000",20,0,0,성인물(에로),청소년관람불가,일반영화
447,침대에서 만난 가정부,스즈키 켄이치로,,,(주)도키엔터테인먼트,2020-10-05,개봉영화,장편,일본,1,"100,000",20,0,0,성인물(에로),청소년관람불가,일반영화
448,콴타: 외계와의 조우,,,(주)도키엔터테인먼트,(주)도키엔터테인먼트,2020-11-18,개봉영화,장편,호주,1,"100,000",20,0,0,SF,12세이상관람가,일반영화
449,피부좋은 육덕 새엄마,코지마 유키오,,,(주)도키엔터테인먼트,2020-11-06,개봉영화,장편,일본,1,"100,000",20,0,0,성인물(에로),청소년관람불가,일반영화
450,흑심을 보인 시아버지,코지마 유키오,,(주)도키엔터테인먼트,(주)도키엔터테인먼트,2020-12-04,개봉영화,장편,일본,1,"100,000",20,0,0,성인물(에로),청소년관람불가,일반영화
451,남매의 세계,왕지방,(주)메이크아트,,(주)메이크아트,2020-11-03,개봉영화,장편,한국,1,"90,000",18,0,0,멜로/로맨스,청소년관람불가,일반영화
452,별에서 온 순임,전지원,(주)메이크아트,,(주)메이크아트,2020-11-10,개봉영화,장편,한국,1,"90,000",18,0,0,드라마,청소년관람불가,일반영화
453,슬기로운 불륜생활,전지원,(주)메이크아트,,(주)메이크아트,2020-11-10,개봉영화,장편,한국,1,"90,000",18,0,0,멜로/로맨스,청소년관람불가,일반영화
454,엣지 오브 더 월드,,,더그레이트 컴퍼니,더그레이트 컴퍼니,2020-09-01,개봉영화,장편,독일,1,"90,000",45,"90,000",45,드라마,12세이상관람가,일반영화
455,8년을 뛰어넘은 신부,제제 다카히사,,,(주)미디어캐슬,2021-01-26,개봉영화,장편,일본,1,"86,470",12,"86,470",12,가족,전체관람가,독립/예술영화
456,마지막 사랑,윤준세,(주)영진크리에이티브,,(주)영진크리에이티브,2020-09-04,개봉영화,장편,한국,20,"85,000",20,"1,000",1,멜로/로맨스,청소년관람불가,일반영화
457,먹어주는 유부녀,윤준세,(주)영진크리에이티브,,(주)영진크리에이티브,2020-09-14,개봉영화,장편,한국,20,"85,000",20,"1,000",1,멜로/로맨스,청소년관람불가,일반영화
458,언니의 남자들,윤준세,(주)영진크리에이티브,,(주)영진크리에이티브,2020-10-16,개봉영화,장편,한국,20,"85,000",20,0,0,멜로/로맨스,청소년관람불가,일반영화
459,완벽한 여자,윤준세,(주)영진크리에이티브,,(주)영진크리에이티브,2020-10-09,개봉영화,장편,한국,20,"85,000",20,0,0,멜로/로맨스,청소년관람불가,일반영화
460,싸이코: 13번째 희생자,,,더그레이트 컴퍼니,더그레이트 컴퍼니,2020-12-01,개봉영화,장편,미국,1,"76,000",38,"76,000",38,공포(호러),청소년관람불가,일반영화
461,세인트 주디,,,주식회사 제이씨엔터웍스,"(주)미로스페이스,주식회사 제이씨엔터웍스",2020-07-29,개봉영화,장편,미국,151,"73,000",8,"65,000",7,드라마,12세이상관람가,독립/예술영화
462,교수님의 이중생활,윤준세,(주)영진크리에이티브,,(주)영진크리에이티브,2021-01-26,개봉영화,장편,한국,20,"71,000",25,"3,000",2,멜로/로맨스,청소년관람불가,일반영화
463,내로남불,윤준세,(주)영진크리에이티브,,(주)영진크리에이티브,2020-11-23,개봉영화,장편,한국,20,"68,000",21,"5,000",3,멜로/로맨스,청소년관람불가,일반영화
464,핫바디 처제,윤준세,(주)영진크리에이티브,,(주)영진크리에이티브,2020-11-28,개봉영화,장편,한국,20,"68,000",21,"5,000",3,멜로/로맨스,청소년관람불가,일반영화
465,은밀한 스와핑,판,(주)영진크리에이티브,,(주)영진크리에이티브,2020-12-12,개봉영화,장편,한국,20,"67,000",21,"4,000",3,멜로/로맨스,청소년관람불가,일반영화
466,아이돌 승하의 화려한 테크닉,윤준세,(주)영진크리에이티브,,(주)영진크리에이티브,2020-10-23,개봉영화,장편,한국,20,"66,000",20,"3,000",2,멜로/로맨스,청소년관람불가,일반영화
467,친구 여동생,판,(주)영진크리에이티브,,(주)영진크리에이티브,2021-01-18,개봉영화,장편,한국,20,"66,000",20,"3,000",2,멜로/로맨스,청소년관람불가,일반영화
468,블루 아워,하코타 유코,,오드,오드,2020-07-22,개봉영화,장편,일본,322,"65,000",7,"65,000",7,드라마,12세이상관람가,독립/예술영화
469,태백권,최상훈,"(주)그노스,꿀잼컴퍼니(주)",,(주)드림팩트엔터테인먼트,2020-08-20,개봉영화,장편,한국,62,"60,000",46,"9,000",9,코미디,15세이상관람가,일반영화
470,광주비디오: 사라진 4시간,이조훈,(주)훈프로,,(주)인디플러그,2020-07-16,개봉영화,장편,한국,70,"57,500",8,"27,000",3,다큐멘터리,12세이상관람가,독립/예술영화
471,인비저블 라이프,카림 아이노우즈,,(주)피터팬픽쳐스,(주)삼백상회,2020-06-24,개봉영화,장편,기타,49,"53,000",6,"45,000",5,드라마,청소년관람불가,독립/예술영화
472,모든 것을 벗어던진 특별한 여행,,,주식회사 블루필름웍스,주식회사 블루필름웍스,2020-07-29,개봉영화,장편,호주,51,"42,000",5,"42,000",5,코미디,15세이상관람가,독립/예술영화
473,트로이 디렉터스 컷,볼프강 페터젠,"플랜 비 엔터테인먼트,워너 브러더스 픽쳐스",판씨네마(주),판씨네마(주),2020-07-03,개봉영화,장편,미국,159,"33,500",4,"33,500",4,전쟁,청소년관람불가,일반영화
474,스페셜 솔져,대니 레너,,,(유)조이앤시네마,2020-12-22,개봉영화,장편,폴란드,5,"33,000",33,"1,000",1,액션,15세이상관람가,독립/예술영화
475,죽도 서핑 다이어리,이현승,스튜디오블루(주),,(주)에스와이코마드,2020-05-07,개봉영화,장편,한국,2,"28,000",4,0,0,드라마,12세이상관람가,독립/예술영화
476,파리의 인어,마티아스 마르지유,,(주)빅웨이브시네마,(주)빅웨이브시네마,2020-07-23,개봉영화,장편,프랑스,204,"25,000",5,"25,000",5,멜로/로맨스,12세이상관람가,독립/예술영화
477,섹스가 좋은 그 여자,이세일,(주)케이알씨지,,(주)케이알씨지,2020-09-18,개봉영화,장편,한국,10,"24,000",13,"3,000",2,성인물(에로),청소년관람불가,일반영화
478,여대생 누드모델,이가온,(주)케이알씨지,,(주)케이알씨지,2020-09-23,개봉영화,장편,한국,12,"24,000",13,"3,000",2,성인물(에로),청소년관람불가,일반영화
479,베이 오브 사일런스,파울라 반 데르 우에스트,,,㈜코리아스크린,2021-01-14,개봉영화,장편,영국,5,"23,000",19,"6,000",6,미스터리,15세이상관람가,독립/예술영화
480,언니는 섹스티쳐,신효성,(주)케이알씨지,,(주)케이알씨지,2020-09-18,개봉영화,장편,한국,9,"23,000",12,"3,000",2,멜로/로맨스,청소년관람불가,일반영화
481,춘사월의 정사,이동현,(주)케이알씨지,,(주)케이알씨지,2020-10-02,개봉영화,장편,한국,11,"22,000",21,"3,000",2,멜로/로맨스,청소년관람불가,일반영화
482,하녀엄마 : 끝없는 정사,노세기,(주)케이알씨지,,(주)케이알씨지,2020-10-09,개봉영화,장편,한국,11,"22,000",21,"3,000",2,멜로/로맨스,청소년관람불가,일반영화
483,태양을 삼켜버린 자들,,,(주)액티버스엔터테인먼트,(주)액티버스엔터테인먼트,2020-12-03,개봉영화,장편,호주,5,"16,000",10,"13,000",7,범죄,청소년관람불가,독립/예술영화
484,스파이 전쟁,,,(유)조이앤시네마,(유)조이앤시네마,2020-09-17,개봉영화,장편,영국,5,"13,000",13,"1,000",1,드라마,15세이상관람가,독립/예술영화
485,소셜노마드,"마영민,이상묵",,,주식회사 씨엠닉스,2020-08-01,개봉영화,장편,한국,2,"11,000",3,"11,000",3,다큐멘터리,전체관람가,독립/예술영화
486,고급창녀,에로핑,(주)케이알씨지,,(주)케이알씨지,2021-01-21,개봉영화,장편,한국,8,"10,000",10,"2,000",2,성인물(에로),청소년관람불가,일반영화
487,밀애- 섹스가 좋아,이가온,(주)케이알씨지,,(주)케이알씨지,2020-10-16,개봉영화,장편,한국,10,"10,000",10,"1,000",1,멜로/로맨스,청소년관람불가,일반영화
488,여관발이,노세기,비스킷미디어,,(주)케이알씨지,2020-07-10,개봉영화,장편,한국,11,"10,000",10,0,0,성인물(에로),청소년관람불가,일반영화
489,완벽한 스와핑,이가온,(주)케이알씨지,,(주)케이알씨지,2020-10-02,개봉영화,장편,한국,10,"10,000",10,"1,000",1,성인물(에로),청소년관람불가,일반영화
490,완벽한 스와핑2,이가온,(주)케이알씨지,,(주)케이알씨지,2020-10-09,개봉영화,장편,한국,10,"10,000",10,"1,000",1,멜로/로맨스,청소년관람불가,일반영화
491,터키쉬 아이스크림,칸 울카이,,주식회사 더쿱,주식회사 더쿱,2020-11-12,개봉영화,장편,기타,5,"10,000",7,"7,000",4,코미디,15세이상관람가,독립/예술영화
492,하녀엄마,노세기,비스킷미디어,,(주)케이알씨지,2020-07-11,개봉영화,장편,한국,6,"10,000",10,0,0,성인물(에로),청소년관람불가,일반영화
493,루비,박한진,(주)펠리스,,주식회사 더쿱,2020-07-30,개봉영화,장편,한국,12,"9,000",1,"9,000",1,드라마,12세이상관람가,독립/예술영화
494,김일성의 아이들,김덕영,다큐스토리,,다큐스토리,2020-06-25,개봉영화,장편,한국,13,"8,000",1,0,0,다큐멘터리,전체관람가,독립/예술영화
495,매춘: 은밀한 제안들,이동현,(주)디에이치미디어,,(주)케이알씨지,2021-01-29,개봉영화,장편,한국,8,"8,000",8,"1,000",1,성인물(에로),청소년관람불가,일반영화
496,바다로 가자,김량,ZONE Film,,ZONE Film,2020-06-18,개봉영화,장편,한국,15,"8,000",1,0,0,가족,전체관람가,독립/예술영화
497,비바리움,,,주식회사 루믹스미디어,(주)드림팩트엔터테인먼트,2020-07-16,개봉영화,장편,미국,129,"8,000",1,0,0,미스터리,15세이상관람가,독립/예술영화
498,가슴이 이쁜 그녀와 섹스판타지,아라시야마 미치루,,,(주)빅콘미디어,2021-01-05,개봉영화,장편,일본,1,"6,000",1,0,0,성인물(에로),청소년관람불가,일반영화
499,개인교수 : 세 여자의 섹스수업,구재은,(주)영화사가을,,(주)영화사가을,2021-01-01,개봉영화,장편,한국,1,"6,000",1,0,0,멜로/로맨스,청소년관람불가,일반영화
500,거짓말 : 친구엄마,이대길,뷰소프트,,뷰소프트,2020-10-07,개봉영화,장편,한국,1,"6,000",1,0,0,성인물(에로),청소년관람불가,일반영화
501,거짓말 : 친구엄마 무삭제,이대길,뷰소프트,,뷰소프트,2020-12-25,개봉영화,장편,한국,1,"6,000",1,0,0,성인물(에로),청소년관람불가,일반영화
502,결혼 전:조금은 특별한 마사지,코고로 킨다이치,,,(주)영진크리에이티브,2020-10-04,개봉영화,장편,일본,1,"6,000",1,0,0,멜로/로맨스,청소년관람불가,일반영화
503,고독의 의리,시부야 슈이치,,,(주)영진크리에이티브,2021-01-15,개봉영화,장편,일본,1,"6,000",1,0,0,멜로/로맨스,청소년관람불가,일반영화
504,과부의 발정:밤이면 밤마다,코이케.Jp,,,(주)영진크리에이티브,2020-12-03,개봉영화,장편,일본,1,"6,000",1,0,0,멜로/로맨스,청소년관람불가,일반영화
505,과부장모:속궁합이 궁금해,버드맨 텟페이,,,(주)영진크리에이티브,2020-10-03,개봉영화,장편,일본,1,"6,000",1,0,0,멜로/로맨스,청소년관람불가,일반영화
506,관계 : 특별한 형수 2,김진우,(주)영화사가을,,(주)영화사가을,2020-10-19,개봉영화,장편,한국,1,"6,000",1,0,0,멜로/로맨스,청소년관람불가,일반영화
507,관계 : 특별한 형수 2 무삭제,김진우,(주)영화사가을,,(주)영화사가을,2020-12-11,개봉영화,장편,한국,1,"6,000",1,0,0,멜로/로맨스,청소년관람불가,일반영화
508,구멍동서2,이상수,선셋 시네마,,선셋 시네마,2020-09-28,개봉영화,장편,한국,1,"6,000",1,0,0,기타,청소년관람불가,일반영화
509,구멍새댁,신우찬,(주)영화사가을,,(주)영화사가을,2021-01-11,개봉영화,장편,한국,1,"6,000",1,0,0,멜로/로맨스,청소년관람불가,일반영화
510,귀여운 옆집여자의 유혹,야만카 소쿠스,,,(주)영진크리에이티브,2020-12-23,개봉영화,장편,일본,1,"6,000",1,0,0,멜로/로맨스,청소년관람불가,일반영화
511,그녀의 복수:남자사냥,진 류지,,(주)영진크리에이티브,(주)영진크리에이티브,2020-10-29,개봉영화,장편,일본,1,"6,000",1,0,0,멜로/로맨스,청소년관람불가,일반영화
512,그녀의 은밀한 아르바이트,버드맨 텟페이,,,(주)영진크리에이티브,2021-01-04,개봉영화,장편,일본,1,"6,000",1,0,0,멜로/로맨스,청소년관람불가,일반영화
513,깨끗이 닦아주는 아줌마,히이라기 엔부,,,(주)영진크리에이티브,2020-10-16,개봉영화,장편,일본,1,"6,000",1,0,0,멜로/로맨스,청소년관람불가,일반영화
514,끼부리는 새엄마,이즈미 류지,,,(주)영진크리에이티브,2020-09-22,개봉영화,장편,일본,1,"6,000",1,0,0,멜로/로맨스,청소년관람불가,일반영화
515,나만의 판타지 섹스,타케다 케이시,,,(주)빅콘미디어,2020-12-01,개봉영화,장편,일본,1,"6,000",1,0,0,성인물(에로),청소년관람불가,일반영화
516,나만의 판타지 섹스2,타케다 케이시,,,(주)빅콘미디어,2020-12-01,개봉영화,장편,일본,1,"6,000",1,0,0,성인물(에로),청소년관람불가,일반영화
517,나쁜 섹스 : 그놈에게 당한 날,,(주)영화사가을,,(주)영화사가을,2020-10-19,개봉영화,장편,한국,1,"6,000",1,0,0,멜로/로맨스,청소년관람불가,일반영화
518,나쁜 섹스 : 그놈에게 당한 날 무삭제,한대위,(주)영화사가을,,(주)영화사가을,2021-01-19,개봉영화,장편,한국,1,"6,000",1,0,0,멜로/로맨스,청소년관람불가,일반영화
519,나쁜 처제 2,김진우,(주)영화사가을,,(주)영화사가을,2020-10-19,개봉영화,장편,한국,1,"6,000",1,0,0,멜로/로맨스,청소년관람불가,일반영화
520,나쁜 처제 2 무삭제,김진우,(주)영화사가을,,(주)영화사가을,2020-12-16,개봉영화,장편,한국,1,"6,000",1,0,0,멜로/로맨스,청소년관람불가,일반영화
521,나쁜남자:남편 앞에서 당하다,하라다 칸토나,,,(주)영진크리에이티브,2021-01-13,개봉영화,장편,일본,1,"6,000",1,0,0,멜로/로맨스,청소년관람불가,일반영화
522,남자 맛보기:영계가 좋아,아카바네 류지,,,(주)영진크리에이티브,2020-12-07,개봉영화,장편,일본,1,"6,000",1,0,0,멜로/로맨스,청소년관람불가,일반영화
523,남편 동료의 농밀한 섹스테크닉,이즈미 류지,,,(주)영진크리에이티브,2020-09-23,개봉영화,장편,일본,1,"6,000",1,0,0,멜로/로맨스,청소년관람불가,일반영화
524,남편 몰래 당하는 거유 유부녀,히이라기 엔부,,,(주)영진크리에이티브,2020-12-23,개봉영화,장편,일본,1,"6,000",1,0,0,멜로/로맨스,청소년관람불가,일반영화
525,남편 친구의 유혹,사노 B사쿠,,,(주)영진크리에이티브,2020-12-07,개봉영화,장편,일본,1,"6,000",1,0,0,멜로/로맨스,청소년관람불가,일반영화
526,남편보다 뜨거운 그것,사노 B사쿠,,,(주)영진크리에이티브,2020-10-22,개봉영화,장편,일본,1,"6,000",1,0,0,멜로/로맨스,청소년관람불가,일반영화
527,남편이 잠든 사이 옛 애인과의 정사,코이케.Jp,,,(주)영진크리에이티브,2020-11-25,개봉영화,장편,일본,1,"6,000",1,0,0,멜로/로맨스,청소년관람불가,일반영화
528,내 아내의 섹파 무삭제판,토미죠 타로,,,(주)영진크리에이티브,2020-12-15,개봉영화,장편,일본,1,"6,000",1,0,0,멜로/로맨스,청소년관람불가,일반영화
529,내 아내의 스캔들,나카지마 타로,,,(주)영진크리에이티브,2021-01-08,개봉영화,장편,일본,1,"6,000",1,0,0,멜로/로맨스,청소년관람불가,일반영화
530,내 아내의 엄마 2 무삭제,최찬호,(주)영화사가을,,(주)영화사가을,2020-12-16,개봉영화,장편,한국,1,"6,000",1,0,0,멜로/로맨스,청소년관람불가,일반영화
531,내 여자가 된 선생님 2,아이바 켄타,,,(주)플라이어,2020-09-15,개봉영화,장편,일본,1,"6,000",1,0,0,드라마,청소년관람불가,일반영화
532,내 친구 아내 무삭제판,윤준세,(주)영진크리에이티브,,(주)영진크리에이티브,2020-11-30,개봉영화,장편,한국,1,"6,000",1,0,0,멜로/로맨스,청소년관람불가,일반영화
533,내여자에게 남자가 생겼다,이하,(주)디에이치미디어,,(주)디에이치미디어,2021-01-28,개봉영화,장편,한국,1,"6,000",1,0,0,멜로/로맨스,청소년관람불가,일반영화
534,너무 급한 새엄마,키무라 히로유키,,,(주)영진크리에이티브,2020-09-05,개봉영화,장편,일본,1,"6,000",1,0,0,멜로/로맨스,청소년관람불가,일반영화
535,너무 잘하는 형수,최찬호,(주)영화사가을,,(주)영화사가을,2020-09-22,개봉영화,장편,한국,1,"6,000",1,0,0,멜로/로맨스,청소년관람불가,일반영화
536,농익은 친구엄마:시간아 멈춰라,와카마츠 쇼군,,,(주)영진크리에이티브,2020-10-17,개봉영화,장편,일본,1,"6,000",1,0,0,멜로/로맨스,청소년관람불가,일반영화
537,누드모델이 된 아내,토미죠 타로,,,(주)영진크리에이티브,2020-12-15,개봉영화,장편,일본,1,"6,000",1,0,0,멜로/로맨스,청소년관람불가,일반영화
538,다 해주는 친구엄마,아카바네 류지,,,(주)영진크리에이티브,2021-01-08,개봉영화,장편,일본,1,"6,000",1,0,0,멜로/로맨스,청소년관람불가,일반영화
539,대물 : 아내의 불륜,최찬호,(주)영화사가을,,(주)영화사가을,2020-10-19,개봉영화,장편,한국,1,"6,000",1,0,0,멜로/로맨스,청소년관람불가,일반영화
540,대물의 유혹:많이 쌓였죠?,야만카 소쿠스,,,(주)영진크리에이티브,2020-12-16,개봉영화,장편,일본,1,"6,000",1,0,0,멜로/로맨스,청소년관람불가,일반영화
541,대학선배에게 뺏긴 약혼녀,핫시이,,,(주)빅콘미디어,2020-12-01,개봉영화,장편,일본,1,"6,000",1,0,0,성인물(에로),청소년관람불가,일반영화
542,더 인터프리터,마틴 술릭,,주식회사 플릭스코,주식회사 플릭스코,2020-11-06,개봉영화,장편,프랑스,1,"6,000",1,0,0,드라마,12세이상관람가,일반영화
543,돈이 없으면 몸으로,"쿠로아카 긴조,사노 B사쿠",,,(주)영진크리에이티브,2020-10-17,개봉영화,장편,일본,1,"6,000",1,0,0,멜로/로맨스,청소년관람불가,일반영화
544,동생 남친 돌려쓰기 무삭제판,윤준세,(주)영진크리에이티브,,(주)영진크리에이티브,2020-09-01,개봉영화,장편,한국,1,"6,000",1,0,0,멜로/로맨스,청소년관람불가,일반영화
545,동생의 어린 아내-무삭제판,오자키 히로코우지,,,(주)플라이어,2020-09-29,개봉영화,장편,일본,1,"6,000",1,0,0,드라마,청소년관람불가,일반영화
546,뜨거운 방판녀:농익은 영업기술,버드맨 텟페이,,,(주)영진크리에이티브,2021-01-25,개봉영화,장편,일본,1,"6,000",1,0,0,멜로/로맨스,청소년관람불가,일반영화
547,롯폰기:불타는 하룻밤,미시마 로쿠사부로,,,(주)영진크리에이티브,2020-11-16,개봉영화,장편,일본,1,"6,000",1,0,0,멜로/로맨스,청소년관람불가,일반영화
548,리얼돌:부드럽게 다뤄줘요,코이케.Jp,,,(주)영진크리에이티브,2020-12-30,개봉영화,장편,일본,1,"6,000",1,0,0,멜로/로맨스,청소년관람불가,일반영화
549,리얼돌:최고의 명기,코이케.Jp,,,(주)영진크리에이티브,2020-10-16,개봉영화,장편,일본,1,"6,000",1,0,0,멜로/로맨스,청소년관람불가,일반영화
550,마사지에 빠진 스튜어디스들,텐사이 후지타,,,(주)영진크리에이티브,2020-09-22,개봉영화,장편,일본,1,"6,000",1,0,0,멜로/로맨스,청소년관람불가,일반영화
551,막장자매 클라쓰,한길수,주식회사 플릭스코,,주식회사 플릭스코,2020-12-30,개봉영화,장편,한국,1,"6,000",1,0,0,성인물(에로),청소년관람불가,일반영화
552,말할 수 없는 비밀:이모와의 관계 무삭제판,윤준세,(주)영진크리에이티브,,(주)영진크리에이티브,2020-10-13,개봉영화,장편,한국,1,"6,000",1,0,0,멜로/로맨스,청소년관람불가,일반영화
553,맛있는 동거 2 무삭제,김진우,(주)영화사가을,,(주)영화사가을,2021-01-18,개봉영화,장편,한국,1,"6,000",1,0,0,멜로/로맨스,청소년관람불가,일반영화
554,먹어주는 유부녀 무삭제판,윤준세,(주)영진크리에이티브,,(주)영진크리에이티브,2020-12-28,개봉영화,장편,한국,1,"6,000",1,0,0,멜로/로맨스,청소년관람불가,일반영화
555,며느리 : 잘못된 관계,최찬호,(주)영화사가을,,(주)영화사가을,2020-12-04,개봉영화,장편,한국,1,"6,000",1,0,0,멜로/로맨스,청소년관람불가,일반영화
556,며느리 : 탐스러운 육체,조태호,(주)영화사가을,,(주)영화사가을,2020-12-29,개봉영화,장편,한국,1,"6,000",1,0,0,멜로/로맨스,청소년관람불가,일반영화
557,모녀들의 은밀한 유혹,히이라기 엔부,,,(주)영진크리에이티브,2020-12-30,개봉영화,장편,일본,1,"6,000",1,0,0,멜로/로맨스,청소년관람불가,일반영화
558,모델 박아라 감독판,이상수,선셋 시네마,,선셋 시네마,2020-12-10,개봉영화,장편,한국,1,"6,000",1,0,0,성인물(에로),청소년관람불가,일반영화
559,몸으로 빼앗은 여동생의 남자친구,핫시이,,(주)빅콘미디어,(주)빅콘미디어,2020-09-25,개봉영화,장편,일본,1,"6,000",1,0,0,성인물(에로),청소년관람불가,일반영화
560,미망인:많이 쌓였어요,"쿠로아카 긴조,사노 B사쿠",,,(주)영진크리에이티브,2020-12-04,개봉영화,장편,일본,1,"6,000",1,0,0,멜로/로맨스,청소년관람불가,일반영화
561,미모의 리얼돌과 황홀한 정사,코이케.Jp,,,(주)영진크리에이티브,2020-11-26,개봉영화,장편,일본,1,"6,000",1,0,0,멜로/로맨스,청소년관람불가,일반영화
562,바람난 아내:남편상사와 아찔한 섹스,버드맨 텟페이,,,(주)영진크리에이티브,2021-01-04,개봉영화,장편,일본,1,"6,000",1,0,0,멜로/로맨스,청소년관람불가,일반영화
563,바람난 처제,이대길,뷰소프트,,뷰소프트,2020-10-07,개봉영화,장편,한국,1,"6,000",1,0,0,성인물(에로),청소년관람불가,일반영화
564,바람바람,선우용,(주)룬컴퍼니,,(주)룬컴퍼니,2021-01-20,개봉영화,장편,한국,5,"6,000",5,"2,000",1,성인물(에로),청소년관람불가,일반영화
565,바람에 날라온 유부녀 팬티,이와나가 스토루네,,(주)영진크리에이티브,(주)영진크리에이티브,2020-10-29,개봉영화,장편,일본,1,"6,000",1,0,0,멜로/로맨스,청소년관람불가,일반영화
566,바람피기 좋은 날,이즈미 류지,,,(주)영진크리에이티브,2020-09-23,개봉영화,장편,일본,1,"6,000",1,0,0,멜로/로맨스,청소년관람불가,일반영화
567,바람피기 좋은 하루,김진우,(주)영화사가을,,(주)영화사가을,2020-09-22,개봉영화,장편,한국,1,"6,000",1,0,0,멜로/로맨스,청소년관람불가,일반영화
568,바람피기 좋은 하루 무삭제,김진우,(주)영화사가을,,(주)영화사가을,2021-01-26,개봉영화,장편,한국,1,"6,000",1,0,0,멜로/로맨스,청소년관람불가,일반영화
569,발정기:이복누나,아카바네 류지,,,(주)영진크리에이티브,2020-09-22,개봉영화,장편,일본,1,"6,000",1,0,0,멜로/로맨스,청소년관람불가,일반영화
570,발정난 가족,이즈미 류지,,,(주)영진크리에이티브,2020-09-08,개봉영화,장편,일본,1,"6,000",1,0,0,멜로/로맨스,청소년관람불가,일반영화
571,발정난 미망인의 유혹,나카지마 타로,,,(주)영진크리에이티브,2020-12-31,개봉영화,장편,일본,1,"6,000",1,0,0,멜로/로맨스,청소년관람불가,일반영화
572,발정난 새엄마:은밀한 유혹,고키겐 요,,(주)영진크리에이티브,(주)영진크리에이티브,2020-11-05,개봉영화,장편,일본,1,"6,000",1,0,0,멜로/로맨스,청소년관람불가,일반영화
573,발정난 아내의 유혹,히이라기 엔부,,,(주)영진크리에이티브,2020-11-24,개봉영화,장편,일본,1,"6,000",1,0,0,멜로/로맨스,청소년관람불가,일반영화
574,밝히는 여상사:신입 교육,타카기,,(주)영진크리에이티브,(주)영진크리에이티브,2020-11-07,개봉영화,장편,일본,1,"6,000",1,0,0,멜로/로맨스,청소년관람불가,일반영화
575,버스납치,후카자와 요시후미,,,(주)영진크리에이티브,2021-01-15,개봉영화,장편,일본,1,"6,000",1,0,0,코미디,12세이상관람가,일반영화
576,벌거벗은 옆집여자들,야마나카 소쿠스,,,(주)영진크리에이티브,2020-12-07,개봉영화,장편,일본,1,"6,000",1,0,0,멜로/로맨스,청소년관람불가,일반영화
577,불륜 동창회 3,조태호,(주)영화사가을,,(주)영화사가을,2020-12-08,개봉영화,장편,한국,1,"6,000",1,0,0,성인물(에로),청소년관람불가,일반영화
578,불륜여행 : 여친의 언니,이대길,뷰소프트,,뷰소프트,2020-12-04,개봉영화,장편,한국,1,"6,000",1,0,0,성인물(에로),청소년관람불가,일반영화
579,불륜의 세계 무삭제판,신성진,선셋 시네마,,선셋 시네마,2020-11-03,개봉영화,장편,한국,1,"6,000",1,0,0,성인물(에로),청소년관람불가,일반영화
580,블랙아웃 : 인베이젼 어스,예고르 바라노프,,(유)조이앤시네마,(주)제이앤씨미디어그룹,2020-08-05,개봉영화,장편,러시아,51,"6,000",6,0,0,SF,15세이상관람가,일반영화
581,비뇨기과 여의사들 3,조태호,(주)영화사가을,,(주)영화사가을,2020-11-24,개봉영화,장편,한국,1,"6,000",1,0,0,성인물(에로),청소년관람불가,일반영화
582,비밀친구,노현진,(주)나우콘텐츠,,(주)나우콘텐츠,2020-09-29,개봉영화,장편,한국,1,"6,000",1,0,0,멜로/로맨스,청소년관람불가,일반영화
583,비키니 바 : 맛있는 서비스,조태호,(주)영화사가을,,(주)영화사가을,2020-11-17,개봉영화,장편,한국,1,"6,000",1,0,0,성인물(에로),청소년관람불가,일반영화
584,사이버 브라이드,루이자 워렌,,,주식회사 플릭스코,2020-11-25,개봉영화,장편,미국,1,"6,000",1,0,0,SF,청소년관람불가,일반영화
585,사장에게 실제 흥분하는 육덕미인 무삭제판,,,,주식회사 플릭스코,2020-09-10,개봉영화,장편,일본,1,"6,000",1,0,0,성인물(에로),청소년관람불가,일반영화
586,산부인과 남의사들,조태호,(주)영화사가을,,(주)영화사가을,2020-11-06,개봉영화,장편,한국,1,"6,000",1,0,0,성인물(에로),청소년관람불가,일반영화
587,삼촌의 여자들 무삭제,최민현,(주)영화사가을,,(주)영화사가을,2021-01-07,개봉영화,장편,한국,1,"6,000",1,0,0,멜로/로맨스,청소년관람불가,일반영화
588,새엄마:풍만한 가슴,코메이,,(주)영진크리에이티브,(주)영진크리에이티브,2020-10-29,개봉영화,장편,일본,1,"6,000",1,0,0,멜로/로맨스,청소년관람불가,일반영화
589,새엄마들:대물이 필요해,쿠로아카 긴조,,,(주)영진크리에이티브,2021-01-19,개봉영화,장편,일본,1,"6,000",1,0,0,멜로/로맨스,청소년관람불가,일반영화
590,새엄마의 섹스 스캔들,나가에 타카미,,,(주)영진크리에이티브,2021-01-25,개봉영화,장편,일본,1,"6,000",1,0,0,멜로/로맨스,청소년관람불가,일반영화
591,색기 꽉 찬 불륜녀들,이즈미 류지,,,(주)영진크리에이티브,2020-09-05,개봉영화,장편,일본,1,"6,000",1,0,0,멜로/로맨스,청소년관람불가,일반영화
592,성교육 시켜주는 리얼돌,코이케.Jp,,,(주)영진크리에이티브,2020-12-08,개봉영화,장편,일본,1,"6,000",1,0,0,멜로/로맨스,청소년관람불가,일반영화
593,섹귀 : 섹스에 미친 귀신들,한동호,주식회사 플릭스코,,주식회사 플릭스코,2021-01-06,개봉영화,장편,한국,1,"6,000",1,0,0,드라마,청소년관람불가,일반영화
594,섹스 카운셀러:성감 클리닉,후나다 테루유키,,(주)영진크리에이티브,(주)영진크리에이티브,2020-11-07,개봉영화,장편,일본,1,"6,000",1,0,0,멜로/로맨스,청소년관람불가,일반영화
595,섹스남녀 : 우린 속 궁합이 잘 맞아,한대위,(주)영화사가을,,(주)영화사가을,2020-10-20,개봉영화,장편,한국,1,"6,000",1,0,0,멜로/로맨스,청소년관람불가,일반영화
596,섹스에 환장한 아줌마들 무삭제판,이즈미 류지,,,(주)영진크리에이티브,2020-12-15,개봉영화,장편,일본,1,"6,000",1,0,0,멜로/로맨스,청소년관람불가,일반영화
597,손빨래하는 여자 무삭제판,최정자,주식회사 플릭스코,,주식회사 플릭스코,2020-09-10,개봉영화,장편,한국,1,"6,000",1,0,0,드라마,청소년관람불가,일반영화
598,숙모의 망사팬티,와카마츠 쇼군,,,(주)영진크리에이티브,2020-09-22,개봉영화,장편,일본,1,"6,000",1,0,0,멜로/로맨스,청소년관람불가,일반영화
599,숙모의 망사팬티 무삭제판,와카마츠 쇼군,,,(주)영진크리에이티브,2020-12-31,개봉영화,장편,일본,1,"6,000",1,0,0,멜로/로맨스,청소년관람불가,일반영화
600,술집마담 섹스서비스,겐겐,,,(주)영진크리에이티브,2020-11-25,개봉영화,장편,일본,1,"6,000",1,0,0,멜로/로맨스,청소년관람불가,일반영화
601,스릴만점 불륜 섹스,진 류지,,,(주)영진크리에이티브,2020-10-21,개봉영화,장편,일본,1,"6,000",1,0,0,멜로/로맨스,청소년관람불가,일반영화
602,스와핑 : 내 아내의 친구,김진우,(주)영화사가을,,(주)영화사가을,2020-10-20,개봉영화,장편,한국,1,"6,000",1,0,0,멜로/로맨스,청소년관람불가,일반영화
603,스와핑 : 내 아내의 친구 무삭제,김진우,(주)영화사가을,,(주)영화사가을,2021-01-19,개봉영화,장편,한국,1,"6,000",1,0,0,멜로/로맨스,청소년관람불가,일반영화
604,스와핑 : 두 부부의 이혼여행 무삭제,이대길,뷰소프트,,뷰소프트,2020-11-12,개봉영화,장편,한국,1,"6,000",1,0,0,성인물(에로),청소년관람불가,일반영화
605,스와핑 : 부부모임 무삭제,최민현,(주)영화사가을,,(주)영화사가을,2020-10-22,개봉영화,장편,한국,1,"6,000",1,0,0,멜로/로맨스,청소년관람불가,일반영화
606,스와핑 : 선배의 아내 무삭제,한대위,(주)영화사가을,,(주)영화사가을,2020-12-16,개봉영화,장편,한국,1,"6,000",1,0,0,멜로/로맨스,청소년관람불가,일반영화
607,스와핑 : 자매의 남자들,이대길,뷰소프트,,뷰소프트,2020-09-06,개봉영화,장편,한국,1,"6,000",1,0,0,성인물(에로),청소년관람불가,일반영화
608,스와핑 : 자매의 남자들 무삭제,이대길,뷰소프트,,뷰소프트,2020-12-25,개봉영화,장편,한국,1,"6,000",1,0,0,성인물(에로),청소년관람불가,일반영화
609,스트레인지 네이처,,,,주식회사 플릭스코,2020-10-29,개봉영화,장편,미국,1,"6,000",1,0,0,공포(호러),청소년관람불가,일반영화
610,시진5,,,,주식회사 플릭스코,2020-12-15,개봉영화,장편,미국,1,"6,000",1,0,0,공포(호러),청소년관람불가,일반영화
611,식지 않는 유부녀의 팬티 속,코이케.Jp,,,(주)영진크리에이티브,2020-11-25,개봉영화,장편,일본,1,"6,000",1,0,0,멜로/로맨스,청소년관람불가,일반영화
612,신인 AV 여배우의 첫 촬영,타케다 케이시,,(주)빅콘미디어,(주)빅콘미디어,2020-11-02,개봉영화,장편,일본,1,"6,000",1,0,0,성인물(에로),청소년관람불가,일반영화
613,신입 여사원,한동호,주식회사 플릭스코,,주식회사 플릭스코,2020-12-23,개봉영화,장편,한국,1,"6,000",1,0,0,성인물(에로),청소년관람불가,일반영화
614,신혼 여선배:시간아 멈춰라,와카마츠 쇼군,,,(주)영진크리에이티브,2020-10-21,개봉영화,장편,일본,1,"6,000",1,0,0,멜로/로맨스,청소년관람불가,일반영화
615,쌍둥이 여친 과외하기 무삭제판,최정자,주식회사 플릭스코,,주식회사 플릭스코,2020-09-10,개봉영화,장편,한국,1,"6,000",1,0,0,드라마,청소년관람불가,일반영화
616,쌓여버린 여자들:잔뜩 해주세요,야만카 소쿠스,,(주)영진크리에이티브,(주)영진크리에이티브,2020-10-30,개봉영화,장편,일본,1,"6,000",1,0,0,멜로/로맨스,청소년관람불가,일반영화
617,쌓여버린 욕정:너무 하고싶어요,호소카와 켄,,,(주)영진크리에이티브,2021-01-19,개봉영화,장편,일본,1,"6,000",1,0,0,멜로/로맨스,청소년관람불가,일반영화
618,씨 받는 며느리,사노 B사쿠,,,(주)영진크리에이티브,2020-10-16,개봉영화,장편,일본,1,"6,000",1,0,0,멜로/로맨스,청소년관람불가,일반영화
619,아내의 남자친구-무삭제판,오자키 히로코우지,,,(주)플라이어,2020-09-01,개봉영화,장편,일본,1,"6,000",1,0,0,드라마,청소년관람불가,일반영화
620,아내의 봉사,토미죠 타로,,,(주)영진크리에이티브,2020-10-21,개봉영화,장편,일본,1,"6,000",1,0,0,멜로/로맨스,청소년관람불가,일반영화
621,아내의 음탕한 비밀,토미죠 타로,,,(주)영진크리에이티브,2020-12-07,개봉영화,장편,일본,1,"6,000",1,0,0,멜로/로맨스,청소년관람불가,일반영화
622,아내의 친구 : 아내 몰래 섹스한 날 무삭제,최민현,(주)영화사가을,,(주)영화사가을,2020-11-02,개봉영화,장편,한국,1,"6,000",1,0,0,멜로/로맨스,청소년관람불가,일반영화
623,아는사이,에로핑,비스킷미디어,,(주)메이크아트,2020-11-20,개봉영화,장편,한국,1,"6,000",1,0,0,성인물(에로),청소년관람불가,일반영화
624,아들의 끼부리는 여자,사이유키,,,(주)영진크리에이티브,2020-10-22,개봉영화,장편,일본,1,"6,000",1,0,0,멜로/로맨스,청소년관람불가,일반영화
625,아주버님의 끝내주는 물건 무삭제판,버드맨 텟페이,,,(주)영진크리에이티브,2020-11-16,개봉영화,장편,일본,1,"6,000",1,0,0,멜로/로맨스,청소년관람불가,일반영화
626,아트 오브 더 데드,롤프 카네프스키,,,주식회사 플릭스코,2020-11-04,개봉영화,장편,미국,1,"6,000",1,0,0,드라마,청소년관람불가,일반영화
627,애인공유,리차드 킴,(주)룬컴퍼니,,(주)액티버스엔터테인먼트,2020-12-18,개봉영화,장편,한국,1,"6,000",1,0,0,성인물(에로),청소년관람불가,일반영화
628,애인이 생기면 하고 싶은 일,양호열,케이제이픽처스,,케이제이픽처스,2020-10-19,개봉영화,장편,한국,1,"6,000",1,0,0,성인물(에로),청소년관람불가,일반영화
629,애첩,리차드 킴,(주)룬컴퍼니,,(주)액티버스엔터테인먼트,2020-12-24,개봉영화,장편,한국,1,"6,000",1,0,0,성인물(에로),청소년관람불가,일반영화
630,야간학교 : 음란한 누나들의 아찔한 수업,,,,(주)온비즈넷,2020-12-04,개봉영화,장편,일본,1,"6,000",1,0,0,성인물(에로),청소년관람불가,일반영화
631,야한 짓:오늘은 무슨 자세?,토미죠 타로,,,(주)영진크리에이티브,2020-10-04,개봉영화,장편,일본,1,"6,000",1,0,0,멜로/로맨스,청소년관람불가,일반영화
632,야한 첫경험:남편 앞에서 간통 무삭제판,하라다 칸토나,,,(주)영진크리에이티브,2020-09-08,개봉영화,장편,일본,1,"6,000",1,0,0,멜로/로맨스,청소년관람불가,일반영화
633,양아버지의 뜨거운 맛,"쿠로아카 긴조,사노 B사쿠",,,(주)영진크리에이티브,2020-12-15,개봉영화,장편,일본,1,"6,000",1,0,0,멜로/로맨스,청소년관람불가,일반영화
634,어린 작은엄마 무삭제,최민현,(주)영화사가을,,(주)영화사가을,2020-11-24,개봉영화,장편,한국,1,"6,000",1,0,0,멜로/로맨스,청소년관람불가,일반영화
635,어린과부 무삭제,한동호,제뉴어리이공 현프로,,제뉴어리이공 현프로,2020-12-15,개봉영화,장편,한국,1,"6,000",1,0,0,멜로/로맨스,청소년관람불가,일반영화
636,엄마가 바람났어요,토미죠 타로,,,(주)영진크리에이티브,2020-10-04,개봉영화,장편,일본,1,"6,000",1,0,0,멜로/로맨스,청소년관람불가,일반영화
637,엄마의 사랑,한대위,(주)영화사가을,,(주)영화사가을,2020-10-20,개봉영화,장편,한국,1,"6,000",1,0,0,멜로/로맨스,청소년관람불가,일반영화
638,엄마의 사랑 무삭제,한대위,(주)영화사가을,,(주)영화사가을,2021-01-12,개봉영화,장편,한국,1,"6,000",1,0,0,멜로/로맨스,청소년관람불가,일반영화
639,엄마친구 2020 무삭제,김환,(주)영화사가을,,(주)영화사가을,2020-12-15,개봉영화,장편,한국,1,"6,000",1,0,0,멜로/로맨스,청소년관람불가,일반영화
640,엄마친구 7,김춘수,(주)영화사가을,,(주)영화사가을,2020-10-23,개봉영화,장편,한국,1,"6,000",1,0,0,멜로/로맨스,청소년관람불가,일반영화
641,여자 동창 : 우리 지금 할까?,한대위,(주)영화사가을,,(주)영화사가을,2020-11-10,개봉영화,장편,한국,1,"6,000",1,0,0,멜로/로맨스,청소년관람불가,일반영화
642,여자 동창들 : 친구 오빠와 섹스한 날 무삭제,최민현,(주)영화사가을,,(주)영화사가을,2020-12-15,개봉영화,장편,한국,1,"6,000",1,0,0,멜로/로맨스,청소년관람불가,일반영화
643,여자 하숙집 4,구재은,(주)영화사가을,,(주)영화사가을,2020-11-10,개봉영화,장편,한국,1,"6,000",1,0,0,멜로/로맨스,청소년관람불가,일반영화
644,여중개인과 폭풍우 치는 밤,마메자와 마메타로,,주식회사 플릭스코,주식회사 플릭스코,2020-09-03,개봉영화,장편,일본,1,"6,000",1,0,0,드라마,청소년관람불가,일반영화
645,여친 엄마 4,최찬호,(주)영화사가을,,(주)영화사가을,2020-11-11,개봉영화,장편,한국,1,"6,000",1,0,0,멜로/로맨스,청소년관람불가,일반영화
646,연애 완전 정복 - 무삭제판,김재현,(주)영화사 사계절,,(주)영화사 사계절,2020-09-24,개봉영화,장편,한국,1,"6,000",1,0,0,기타,청소년관람불가,일반영화
647,연애 : 아빠친구,김부곤,(주)영화사가을,,(주)영화사가을,2020-10-20,개봉영화,장편,한국,1,"6,000",1,0,0,멜로/로맨스,청소년관람불가,일반영화
648,연애 : 아빠친구 무삭제,김부곤,(주)영화사가을,,(주)영화사가을,2021-01-12,개봉영화,장편,한국,1,"6,000",1,0,0,멜로/로맨스,청소년관람불가,일반영화
649,연애 : 엄마친구 3,최찬호,(주)영화사가을,,(주)영화사가을,2020-11-11,개봉영화,장편,한국,1,"6,000",1,0,0,멜로/로맨스,청소년관람불가,일반영화
650,옆집 누나 : 한번 줄까?,한대위,(주)영화사가을,,(주)영화사가을,2020-11-10,개봉영화,장편,한국,1,"6,000",1,0,0,멜로/로맨스,청소년관람불가,일반영화
651,옆집여자의 술버릇 무삭제판,버드맨 텟페이,,,(주)영진크리에이티브,2020-10-17,개봉영화,장편,일본,1,"6,000",1,0,0,멜로/로맨스,청소년관람불가,일반영화
652,예민한 모녀 무삭제판,성운아,(주)픽쳐레스크,,(주)픽쳐레스크,2020-11-30,개봉영화,장편,한국,1,"6,000",1,0,0,멜로/로맨스,청소년관람불가,일반영화
653,예비신부의 첫날밤,히이라기 엔부,,,(주)영진크리에이티브,2020-12-16,개봉영화,장편,일본,1,"6,000",1,0,0,멜로/로맨스,청소년관람불가,일반영화
654,예쁜 리포터,리차드 킴,영화사 산들바람,,(주)액티버스엔터테인먼트,2021-01-29,개봉영화,장편,한국,1,"6,000",1,0,0,성인물(에로),청소년관람불가,일반영화
655,오피스텔: 친구애인,이하,(주)디에이치미디어,,(주)디에이치미디어,2020-10-05,개봉영화,장편,한국,1,"6,000",1,0,0,멜로/로맨스,청소년관람불가,일반영화
656,와이프 렌탈 서비스,사이유키,,,(주)영진크리에이티브,2020-09-23,개봉영화,장편,일본,1,"6,000",1,0,0,멜로/로맨스,청소년관람불가,일반영화
657,와이프 렌탈 서비스 무삭제판,사이유키,,,(주)영진크리에이티브,2020-12-31,개봉영화,장편,일본,1,"6,000",1,0,0,멜로/로맨스,청소년관람불가,일반영화
658,완벽한 몸매:새엄마의 성교육,진 류지,,,(주)영진크리에이티브,2020-11-26,개봉영화,장편,일본,1,"6,000",1,0,0,멜로/로맨스,청소년관람불가,일반영화
659,외도의 이유 무삭제판,윤준세,(주)영진크리에이티브,,(주)영진크리에이티브,2020-09-08,개봉영화,장편,일본,1,"6,000",1,0,0,멜로/로맨스,청소년관람불가,일반영화
660,외출 3 무삭제,구재은,(주)영화사가을,,(주)영화사가을,2021-01-02,개봉영화,장편,한국,1,"6,000",1,0,0,멜로/로맨스,청소년관람불가,일반영화
661,욕구불만 아내의 사생활,사노 B사쿠,,,(주)영진크리에이티브,2020-12-31,개봉영화,장편,일본,1,"6,000",1,0,0,멜로/로맨스,청소년관람불가,일반영화
662,욕구불만 친구엄마 무삭제,최민현,(주)영화사가을,,(주)영화사가을,2020-10-21,개봉영화,장편,한국,1,"6,000",1,0,0,멜로/로맨스,청소년관람불가,일반영화
663,욕구불만녀:누구라도 오케이,진 류지,,,(주)영진크리에이티브,2021-01-19,개봉영화,장편,일본,1,"6,000",1,0,0,멜로/로맨스,청소년관람불가,일반영화
664,욕구해결:풀어주는 여자들,이즈미 류지,,,(주)영진크리에이티브,2020-10-03,개봉영화,장편,일본,1,"6,000",1,0,0,멜로/로맨스,청소년관람불가,일반영화
665,욕망 : 친구의 아내,최찬호,(주)영화사가을,,(주)영화사가을,2020-11-11,개봉영화,장편,한국,1,"6,000",1,0,0,멜로/로맨스,청소년관람불가,일반영화
666,우즈벡 사돈처녀,김환,(주)영화사가을,,(주)영화사가을,2020-10-21,개봉영화,장편,한국,1,"6,000",1,0,0,멜로/로맨스,청소년관람불가,일반영화
667,원나잇 : 어플 만남의 목적,,,,(주)온비즈넷,2021-01-15,개봉영화,장편,일본,1,"6,000",1,0,0,멜로/로맨스,청소년관람불가,일반영화
668,월세 대신 몸을 요구하는 여주인,사노 B사쿠,,,(주)영진크리에이티브,2021-01-19,개봉영화,장편,일본,1,"6,000",1,0,0,멜로/로맨스,청소년관람불가,일반영화
669,유부녀 팬클럽 무삭제판,윤준세,(주)영진크리에이티브,,(주)영진크리에이티브,2020-11-03,개봉영화,장편,한국,1,"6,000",1,0,0,멜로/로맨스,청소년관람불가,일반영화
670,"유부녀, 배달원에게",시미즈 하지메,,,(주)영진크리에이티브,2020-09-08,개봉영화,장편,일본,1,"6,000",1,0,0,멜로/로맨스,청소년관람불가,일반영화
671,"유부녀, 이웃남자에게",와카마츠 쇼군,,,(주)영진크리에이티브,2020-09-05,개봉영화,장편,일본,1,"6,000",1,0,0,멜로/로맨스,청소년관람불가,일반영화
672,육덕 여직원과 러브호텔에서...,이시카와 킨,,(주)빅콘미디어,(주)빅콘미디어,2020-11-02,개봉영화,장편,일본,1,"6,000",1,0,0,성인물(에로),청소년관람불가,일반영화
673,육덕녀의 황홀한 서비스,핫시이,,,(주)빅콘미디어,2020-12-01,개봉영화,장편,일본,1,"6,000",1,0,0,성인물(에로),청소년관람불가,일반영화
674,은밀하고 음란한 아내의 헌신,나가에 타카미,,,(주)영진크리에이티브,2020-09-05,개봉영화,장편,일본,1,"6,000",1,0,0,멜로/로맨스,청소년관람불가,일반영화
675,음란 택배기사와 거유 사모님,아카츠키 신타로,,,(주)플라이어,2020-09-15,개봉영화,장편,일본,1,"6,000",1,0,0,드라마,청소년관람불가,일반영화
676,음란문학선생,,,주식회사 플릭스코,주식회사 플릭스코,2020-09-03,개봉영화,장편,일본,1,"6,000",1,0,0,드라마,청소년관람불가,일반영화
677,음란한 안드로이드,코메이,,,(주)영진크리에이티브,2020-12-30,개봉영화,장편,일본,1,"6,000",1,0,0,멜로/로맨스,청소년관람불가,일반영화
678,음란한 여사원들,아마엔보 쇼군,,(주)영진크리에이티브,(주)영진크리에이티브,2020-11-05,개봉영화,장편,일본,1,"6,000",1,0,0,멜로/로맨스,청소년관람불가,일반영화
679,음란한 유부녀들:남편친구와 정사,나카지마 타로,,,(주)영진크리에이티브,2021-01-04,개봉영화,장편,일본,1,"6,000",1,0,0,멜로/로맨스,청소년관람불가,일반영화
680,음란한 회의실:신입 여직원과,미시마 로쿠사부로,,,(주)영진크리에이티브,2021-01-25,개봉영화,장편,일본,1,"6,000",1,0,0,멜로/로맨스,청소년관람불가,일반영화
681,음탕한 누나의 성욕 무삭제판,"쿠로아카 긴조,사노 B사쿠",,,(주)영진크리에이티브,2020-10-17,개봉영화,장편,일본,1,"6,000",1,0,0,멜로/로맨스,청소년관람불가,일반영화
682,음탕한 슬렌더 그녀,,,,(주)빅콘미디어,2021-01-05,개봉영화,장편,일본,1,"6,000",1,0,0,성인물(에로),청소년관람불가,일반영화
683,음탕한 유부녀의 밀회,사노 B사쿠,,,(주)영진크리에이티브,2021-01-04,개봉영화,장편,일본,1,"6,000",1,0,0,멜로/로맨스,청소년관람불가,일반영화
684,의붓오빠의 맛,이와나가 스토루네,,,(주)영진크리에이티브,2020-10-03,개봉영화,장편,일본,1,"6,000",1,0,0,멜로/로맨스,청소년관람불가,일반영화
685,이비자,,,케이티하이텔(주),케이티하이텔(주),2020-10-08,개봉영화,장편,프랑스,1,"6,000",1,0,0,코미디,15세이상관람가,독립/예술영화
686,이웃여자:다 보여줄게,시온,,,(주)영진크리에이티브,2020-11-24,개봉영화,장편,일본,1,"6,000",1,0,0,멜로/로맨스,청소년관람불가,일반영화
687,이웃여자의 팬티,진 류지,,(주)영진크리에이티브,(주)영진크리에이티브,2020-11-05,개봉영화,장편,일본,1,"6,000",1,0,0,멜로/로맨스,청소년관람불가,일반영화
688,이웃집 돌싱녀:섹스상담,버드맨 텟페이,,,(주)영진크리에이티브,2020-12-03,개봉영화,장편,일본,1,"6,000",1,0,0,멜로/로맨스,청소년관람불가,일반영화
689,이웃집 명기녀,와카마츠 쇼군,,,(주)영진크리에이티브,2020-09-23,개봉영화,장편,일본,1,"6,000",1,0,0,멜로/로맨스,청소년관람불가,일반영화
690,이웃집 영계:아이를 갖고싶어,고토지 미츠루,,,(주)영진크리에이티브,2020-12-03,개봉영화,장편,일본,1,"6,000",1,0,0,멜로/로맨스,청소년관람불가,일반영화
691,자매 : 탐스러운 가슴,한대위,(주)영화사가을,,(주)영화사가을,2021-01-01,개봉영화,장편,한국,1,"6,000",1,0,0,멜로/로맨스,청소년관람불가,일반영화
692,자세가 좋은 제수씨,고혼마츠 사에,,,(주)플라이어,2020-09-15,개봉영화,장편,일본,1,"6,000",1,0,0,드라마,청소년관람불가,일반영화
693,적극적인 G컵 접대녀,헤이키 치로,,(주)빅콘미디어,(주)빅콘미디어,2020-09-25,개봉영화,장편,일본,1,"6,000",1,0,0,성인물(에로),청소년관람불가,일반영화
694,젊은형수:한 번 해볼래?,버드맨 텟페이,,,(주)영진크리에이티브,2021-01-08,개봉영화,장편,일본,1,"6,000",1,0,0,멜로/로맨스,청소년관람불가,일반영화
695,정사 : 엄마친구 2,김진우,(주)영화사가을,,(주)영화사가을,2020-10-21,개봉영화,장편,한국,1,"6,000",1,0,0,멜로/로맨스,청소년관람불가,일반영화
696,정사 : 타인의 아내,조태호,(주)영화사가을,,(주)영화사가을,2020-12-15,개봉영화,장편,한국,1,"6,000",1,0,0,성인물(에로),청소년관람불가,일반영화
697,젖어버린 아내:만족시켜 드릴게요,사노 B사쿠,,,(주)영진크리에이티브,2020-11-24,개봉영화,장편,일본,1,"6,000",1,0,0,멜로/로맨스,청소년관람불가,일반영화
698,젖어버린 오후:착한 제수씨,나가에 타카미,,(주)영진크리에이티브,(주)영진크리에이티브,2020-11-07,개봉영화,장편,일본,1,"6,000",1,0,0,멜로/로맨스,청소년관람불가,일반영화
699,착한 숙모 : 삼촌이 출장 간 날,이대길,뷰소프트,,뷰소프트,2020-09-06,개봉영화,장편,한국,1,"6,000",1,0,0,성인물(에로),청소년관람불가,일반영화
700,착한 아내 : 남편의 대리만족,최찬호,(주)영화사가을,,(주)영화사가을,2020-09-23,개봉영화,장편,한국,1,"6,000",1,0,0,멜로/로맨스,청소년관람불가,일반영화
701,착한 유부녀들,조태호,(주)영화사가을,,(주)영화사가을,2020-12-21,개봉영화,장편,한국,1,"6,000",1,0,0,성인물(에로),청소년관람불가,일반영화
702,착한 형부 무삭제,한대위,(주)영화사가을,,(주)영화사가을,2021-01-26,개봉영화,장편,한국,1,"6,000",1,0,0,멜로/로맨스,청소년관람불가,일반영화
703,착한 형수 5,최찬호,(주)영화사가을,,(주)영화사가을,2020-10-21,개봉영화,장편,한국,1,"6,000",1,0,0,멜로/로맨스,청소년관람불가,일반영화
704,착한 형수 : 두 부부가 이혼한 날,이대길,뷰소프트,,뷰소프트,2020-11-23,개봉영화,장편,한국,1,"6,000",1,0,0,성인물(에로),청소년관람불가,일반영화
705,착한 형수 : 두 부부가 이혼한 날 무삭제,이대길,뷰소프트,,뷰소프트,2020-11-23,개봉영화,장편,한국,1,"6,000",1,0,0,성인물(에로),청소년관람불가,일반영화
706,참을 수 없는 아주버님의 맛,토미죠 타로,,,(주)영진크리에이티브,2020-10-04,개봉영화,장편,일본,1,"6,000",1,0,0,멜로/로맨스,청소년관람불가,일반영화
707,처제길들이기,패콘,주식회사 패콘,,(주)룬컴퍼니,2020-12-11,개봉영화,장편,한국,1,"6,000",1,0,0,성인물(에로),청소년관람불가,일반영화
708,처제의 순결,한대위,(주)영화사가을,,(주)영화사가을,2020-10-21,개봉영화,장편,한국,1,"6,000",1,0,0,멜로/로맨스,청소년관람불가,일반영화
709,최면 무도 클럽,한동호,주식회사 플릭스코,,주식회사 플릭스코,2020-09-03,개봉영화,장편,한국,1,"6,000",1,0,0,드라마,청소년관람불가,일반영화
710,출장 마사지 : 흥분한 여자들 2 무삭제,김진우,(주)영화사가을,,(주)영화사가을,2020-12-16,개봉영화,장편,한국,1,"6,000",1,0,0,멜로/로맨스,청소년관람불가,일반영화
711,친구 누나의 팬티,타나카 스나오,,(주)영진크리에이티브,(주)영진크리에이티브,2020-11-07,개봉영화,장편,일본,1,"6,000",1,0,0,멜로/로맨스,청소년관람불가,일반영화
712,친구엄마:아들 친구의 맛,빈센트 갸루,,,(주)영진크리에이티브,2020-10-03,개봉영화,장편,일본,1,"6,000",1,0,0,멜로/로맨스,청소년관람불가,일반영화
713,친구엄마들 3,최찬호,(주)영화사가을,,(주)영화사가을,2021-01-05,개봉영화,장편,한국,1,"6,000",1,0,0,멜로/로맨스,청소년관람불가,일반영화
714,친구의 새엄마,김환,(주)영화사가을,,(주)영화사가을,2020-10-22,개봉영화,장편,한국,1,"6,000",1,0,0,멜로/로맨스,청소년관람불가,일반영화
715,친척 여동생 - 무삭제,최성은,윤스,,윤스,2020-10-05,개봉영화,장편,한국,1,"6,000",1,0,0,기타,청소년관람불가,일반영화
716,캠핑촌 아내,최정자,주식회사 플릭스코,,주식회사 플릭스코,2020-12-17,개봉영화,장편,한국,1,"6,000",1,0,0,드라마,청소년관람불가,일반영화
717,커플교환섹스,한대위,(주)영화사가을,,(주)영화사가을,2020-11-10,개봉영화,장편,한국,1,"6,000",1,0,0,멜로/로맨스,청소년관람불가,일반영화
718,콩가루 가족,진 류지,,,(주)영진크리에이티브,2020-10-21,개봉영화,장편,일본,1,"6,000",1,0,0,멜로/로맨스,청소년관람불가,일반영화
719,쾌락마사지:낯선 남자들의 손기술,빈센트 갸루,,,(주)영진크리에이티브,2021-01-08,개봉영화,장편,일본,1,"6,000",1,0,0,멜로/로맨스,청소년관람불가,일반영화
720,쿨한 유부녀:몸으로 말해요,하라다 칸토나,,,(주)영진크리에이티브,2020-12-03,개봉영화,장편,일본,1,"6,000",1,0,0,멜로/로맨스,청소년관람불가,일반영화
721,클라운 돌,스콧 제프리,,,주식회사 플릭스코,2020-12-23,개봉영화,장편,미국,1,"6,000",1,0,0,공포(호러),청소년관람불가,일반영화
722,탐스러운 장모님,최찬호,(주)영화사가을,,(주)영화사가을,2020-10-28,개봉영화,장편,한국,1,"6,000",1,0,0,성인물(에로),청소년관람불가,일반영화
723,패티쉬 : 흥분한 남자들,이종기,(주)영화사가을,,(주)영화사가을,2021-01-01,개봉영화,장편,한국,1,"6,000",1,0,0,멜로/로맨스,청소년관람불가,일반영화
724,페이섹스,리차드 킴,(주)룬컴퍼니,,(주)룬컴퍼니,2020-10-29,개봉영화,장편,한국,1,"6,000",1,0,0,성인물(에로),청소년관람불가,일반영화
725,포르노 여작가의 체험취재,이시바시 클리트,,,(주)영진크리에이티브,2020-11-25,개봉영화,장편,일본,1,"6,000",1,0,0,멜로/로맨스,청소년관람불가,일반영화
726,하마사키 마오의 은밀한 투잡,호소카와 켄,,,(주)영진크리에이티브,2020-12-23,개봉영화,장편,일본,1,"6,000",1,0,0,멜로/로맨스,청소년관람불가,일반영화
727,하마사키마오의 은밀한 수영강습,야만카 소쿠스,,,(주)영진크리에이티브,2020-11-16,개봉영화,장편,일본,1,"6,000",1,0,0,멜로/로맨스,청소년관람불가,일반영화
728,학교는 끝났다,,,,주식회사 플릭스코,2020-11-04,개봉영화,장편,프랑스,1,"6,000",1,0,0,미스터리,15세이상관람가,일반영화
729,한번 맛보면 참을 수 없는 육덕 유부녀 무삭제판,잠파,,,(주)플라이어,2020-09-10,개봉영화,장편,일본,1,"6,000",1,0,0,성인물(에로),청소년관람불가,일반영화
730,핫 바디 리얼돌:황홀한 정사,코이케.Jp,,,(주)영진크리에이티브,2020-11-24,개봉영화,장편,일본,1,"6,000",1,0,0,멜로/로맨스,청소년관람불가,일반영화
731,핫바디 여의사:야한진료,후나다 테루유키,,,(주)영진크리에이티브,2020-12-04,개봉영화,장편,일본,1,"6,000",1,0,0,멜로/로맨스,청소년관람불가,일반영화
732,핫바디-무삭제판,잠파,,,(주)플라이어,2020-09-02,개봉영화,장편,일본,1,"6,000",1,0,0,드라마,청소년관람불가,일반영화
733,핫섹스:위기의 유부녀들,사노 B사쿠,,(주)영진크리에이티브,(주)영진크리에이티브,2020-11-05,개봉영화,장편,일본,1,"6,000",1,0,0,멜로/로맨스,청소년관람불가,일반영화
734,항상 열려있는 육체,아라시야마 미치루,,(주)빅콘미디어,(주)빅콘미디어,2020-09-25,개봉영화,장편,일본,1,"6,000",1,0,0,성인물(에로),청소년관람불가,일반영화
735,헤픈여자:오늘은 누구와 할까,코메이,,(주)영진크리에이티브,(주)영진크리에이티브,2020-10-29,개봉영화,장편,일본,1,"6,000",1,0,0,멜로/로맨스,청소년관람불가,일반영화
736,형의 여자를 탐하다,김환,(주)영화사가을,,(주)영화사가을,2020-10-22,개봉영화,장편,한국,1,"6,000",1,0,0,멜로/로맨스,청소년관람불가,일반영화
737,형의 여자를 탐하다 무삭제,김환,(주)영화사가을,,(주)영화사가을,2020-12-22,개봉영화,장편,한국,1,"6,000",1,0,0,멜로/로맨스,청소년관람불가,일반영화
738,혼전순결:아래보단 입으로,아카바네 류지,,,(주)영진크리에이티브,2020-12-23,개봉영화,장편,일본,1,"6,000",1,0,0,멜로/로맨스,청소년관람불가,일반영화
739,화끈한 미용실 무삭제,,(주)영화사가을,,(주)영화사가을,2021-01-02,개봉영화,장편,한국,1,"6,000",1,0,0,멜로/로맨스,청소년관람불가,일반영화
740,후배아내:남편보다 우람해 무삭제판,사노 B사쿠,,,(주)영진크리에이티브,2020-09-08,개봉영화,장편,일본,1,"6,000",1,0,0,멜로/로맨스,청소년관람불가,일반영화
741,흠뻑 젖어버린 다다미방,아카바네 류지,,,(주)영진크리에이티브,2020-12-08,개봉영화,장편,일본,1,"6,000",1,0,0,멜로/로맨스,청소년관람불가,일반영화
742,A급며느리,양호열,케이제이픽처스,,케이제이픽처스,2020-10-19,개봉영화,장편,한국,1,"6,000",1,0,0,성인물(에로),청소년관람불가,일반영화
743,F컵 거유의 육덕녀 무삭제판,버드맨 텟페이,,,(주)영진크리에이티브,2020-11-16,개봉영화,장편,일본,1,"6,000",1,0,0,멜로/로맨스,청소년관람불가,일반영화
744,G컵 베이글의 능숙한 몸놀림,아라시야마 미치루,,(주)빅콘미디어,(주)빅콘미디어,2020-09-25,개봉영화,장편,일본,1,"6,000",1,0,0,성인물(에로),청소년관람불가,일반영화
745,가슴큰며느리-무삭제,이정석,스마일컨텐츠,,스마일컨텐츠,2020-10-07,개봉영화,장편,한국,1,"5,000",1,0,0,멜로/로맨스,청소년관람불가,일반영화
746,가슴큰새엄마-무삭제,이정석,스마일컨텐츠,,스마일컨텐츠,2020-09-16,개봉영화,장편,한국,1,"5,000",1,0,0,멜로/로맨스,청소년관람불가,일반영화
747,가슴큰엄마친구-무삭제,이정석,스마일컨텐츠,,스마일컨텐츠,2020-09-09,개봉영화,장편,한국,1,"5,000",1,0,0,멜로/로맨스,청소년관람불가,일반영화
748,가슴큰자매들,이정석,스마일컨텐츠,,스마일컨텐츠,2020-09-02,개봉영화,장편,한국,1,"5,000",1,0,0,멜로/로맨스,청소년관람불가,일반영화
749,가슴큰자매들 - 무삭제,이정석,스마일컨텐츠,,스마일컨텐츠,2020-10-14,개봉영화,장편,한국,1,"5,000",1,0,0,멜로/로맨스,청소년관람불가,일반영화
750,가슴큰친구누나들,이정석,스마일컨텐츠,,스마일컨텐츠,2020-11-06,개봉영화,장편,한국,1,"5,000",1,0,0,멜로/로맨스,청소년관람불가,일반영화
751,가슴큰친구누나들-무삭제,이정석,스마일컨텐츠,,스마일컨텐츠,2021-01-06,개봉영화,장편,한국,1,"5,000",1,0,0,멜로/로맨스,청소년관람불가,일반영화
752,내 누나는 야설작가 - 무삭제,이정석,스마일컨텐츠,,스마일컨텐츠,2020-12-09,개봉영화,장편,한국,1,"5,000",1,0,0,멜로/로맨스,청소년관람불가,일반영화
753,내누나는야설작가,이정석,스마일컨텐츠,,스마일컨텐츠,2020-10-08,개봉영화,장편,한국,1,"5,000",1,0,0,멜로/로맨스,청소년관람불가,일반영화
754,너무 큰 여선배 - 무삭제,천성준,(주)케이피에이기획,,(주)케이피에이기획,2020-10-21,개봉영화,장편,한국,1,"5,000",1,0,0,멜로/로맨스,청소년관람불가,일반영화
755,맛있는 세자매 2 - 무삭제,천성준,(주)케이피에이기획,,(주)케이피에이기획,2020-12-02,개봉영화,장편,한국,1,"5,000",1,0,0,멜로/로맨스,청소년관람불가,일반영화
756,밝히는 새엄마,천성준,에이원 미디어,,에이원 미디어,2020-10-16,개봉영화,장편,한국,1,"5,000",1,0,0,멜로/로맨스,청소년관람불가,일반영화
757,부자의교환섹스,이정석,스마일컨텐츠,,스마일컨텐츠,2020-09-18,개봉영화,장편,한국,1,"5,000",1,0,0,멜로/로맨스,청소년관람불가,일반영화
758,부자의교환섹스 - 무삭제,이정석,스마일컨텐츠,,스마일컨텐츠,2020-11-11,개봉영화,장편,한국,1,"5,000",1,0,0,멜로/로맨스,청소년관람불가,일반영화
759,술취한여대생들,천성준,에이원 미디어,,에이원 미디어,2020-11-27,개봉영화,장편,한국,1,"5,000",1,0,0,멜로/로맨스,청소년관람불가,일반영화
760,숫처녀길들이기 - 무삭제,원명준,스마일컨텐츠,,스마일컨텐츠,2020-10-28,개봉영화,장편,한국,1,"5,000",1,0,0,멜로/로맨스,청소년관람불가,일반영화
761,애원하는 유부녀 무삭제,천성준,(주)케이피에이기획,,(주)케이피에이기획,2020-11-04,개봉영화,장편,한국,1,"5,000",1,0,0,멜로/로맨스,청소년관람불가,일반영화
762,여친의 새엄마,이정석,스마일컨텐츠,,스마일컨텐츠,2020-12-11,개봉영화,장편,한국,1,"5,000",1,0,0,멜로/로맨스,청소년관람불가,일반영화
763,자매의교환섹스2,천성준,에이원 미디어,,에이원 미디어,2020-09-04,개봉영화,장편,한국,1,"5,000",1,0,0,멜로/로맨스,청소년관람불가,일반영화
764,자매의교환섹스2-무삭제,천성준,에이원 미디어,,에이원 미디어,2021-01-20,개봉영화,장편,한국,1,"5,000",1,0,0,멜로/로맨스,청소년관람불가,일반영화
765,장모의 마사지 - 무삭제,이정석,스마일컨텐츠,,스마일컨텐츠,2020-12-16,개봉영화,장편,한국,1,"5,000",1,0,0,멜로/로맨스,청소년관람불가,일반영화
766,장모의마사지,이정석,스마일컨텐츠,,스마일컨텐츠,2020-10-23,개봉영화,장편,한국,1,"5,000",1,0,0,멜로/로맨스,청소년관람불가,일반영화
767,A형젖큰여자친구,판,스마일컨텐츠,,스마일컨텐츠,2021-01-29,개봉영화,장편,한국,1,"5,000",1,0,0,멜로/로맨스,청소년관람불가,일반영화
768,B형물많고화끈한처제,판,스마일컨텐츠,,스마일컨텐츠,2020-12-25,개봉영화,장편,한국,1,"5,000",1,0,0,멜로/로맨스,청소년관람불가,일반영화
769,D컵여자친구,이정석,스마일컨텐츠,,스마일컨텐츠,2020-11-13,개봉영화,장편,한국,1,"5,000",1,0,0,멜로/로맨스,청소년관람불가,일반영화
770,D컵여자친구-무삭제,이정석,스마일컨텐츠,,스마일컨텐츠,2021-01-13,개봉영화,장편,한국,1,"5,000",1,0,0,멜로/로맨스,청소년관람불가,일반영화
771,O형수박가슴가정부,판,스마일컨텐츠,,스마일컨텐츠,2021-01-08,개봉영화,장편,한국,1,"5,000",1,0,0,멜로/로맨스,청소년관람불가,일반영화
772,남친을 훔치는 완벽한 방법,김레이,P&미디어,,P&미디어,2021-01-20,개봉영화,장편,한국,1,"2,000",1,"2,000",1,멜로/로맨스,청소년관람불가,일반영화
773,누군가 있다,마이클 멜스키,,,(주)알이디아이스엔터,2020-11-27,개봉영화,장편,미국,1,"2,000",2,0,0,공포(호러),청소년관람불가,일반영화
774,뉴클리어: 원전 2020,,,더그레이트 컴퍼니,더그레이트 컴퍼니,2020-10-09,개봉영화,장편,영국,1,"2,000",1,"2,000",1,드라마,15세이상관람가,일반영화
775,니가 사는 그 집: 불륜 전세 계약서,모리카와 케이,,(주)씨맥스커뮤니케이션즈,(주)씨맥스커뮤니케이션즈,2020-09-04,개봉영화,장편,일본,1,"2,000",1,0,0,드라마,청소년관람불가,일반영화
776,매일 밤 엿보기: 대놓고 보여주는 불륜 유부녀,,,(주)씨맥스커뮤니케이션즈,(주)씨맥스커뮤니케이션즈,2020-10-02,개봉영화,장편,일본,1,"2,000",1,0,0,드라마,청소년관람불가,일반영화
777,바흐: 숨겨진 작곡가,,,더그레이트 컴퍼니,더그레이트 컴퍼니,2020-10-27,개봉영화,장편,영국,1,"2,000",1,"2,000",1,다큐멘터리,전체관람가,일반영화
778,불량 주부: 부하직원과 바람난 내 아내,마메자와 마메타로,,(주)씨맥스커뮤니케이션즈,(주)씨맥스커뮤니케이션즈,2020-09-18,개봉영화,장편,일본,1,"2,000",1,0,0,드라마,청소년관람불가,일반영화
779,사스콰치: 거인 괴물,브래드 더글라스,,더그레이트 컴퍼니,더그레이트 컴퍼니,2020-09-16,개봉영화,장편,미국,1,"2,000",1,"2,000",1,공포(호러),청소년관람불가,일반영화
780,세 여자,,,(주)소나무픽쳐스,더그레이트 컴퍼니,2020-10-27,개봉영화,장편,독일,1,"2,000",1,"2,000",1,멜로/로맨스,청소년관람불가,일반영화
781,섹스 온천: 전설의 여관 여주인,히무 롯쿠,,(주)씨맥스커뮤니케이션즈,(주)씨맥스커뮤니케이션즈,2020-09-25,개봉영화,장편,일본,1,"2,000",1,0,0,드라마,청소년관람불가,일반영화
782,섹시한 이웃 자매,이동준,(주)나우콘텐츠,,(주)나우콘텐츠,2020-09-08,개봉영화,장편,한국,1,"2,000",1,0,0,멜로/로맨스,청소년관람불가,일반영화
783,셔터: 죽음의 숲,,,더그레이트 컴퍼니,더그레이트 컴퍼니,2020-10-27,개봉영화,장편,홍콩,1,"2,000",1,"2,000",1,공포(호러),청소년관람불가,일반영화
784,에이전트 제이드 블랙,,,더그레이트 컴퍼니,더그레이트 컴퍼니,2020-09-29,개봉영화,장편,미국,1,"2,000",1,"2,000",1,액션,15세이상관람가,일반영화
785,옆집 자매,박은석,(주)씨맥스커뮤니케이션즈,,(주)씨맥스커뮤니케이션즈,2020-10-02,개봉영화,장편,한국,1,"2,000",1,0,0,드라마,청소년관람불가,일반영화
786,완벽한 연애,송정규,(주)나우콘텐츠,,(주)나우콘텐츠,2020-09-08,개봉영화,장편,한국,1,"2,000",1,0,0,멜로/로맨스,청소년관람불가,일반영화
787,위험한 과외,리차드 킴,"(주)룬컴퍼니,영화사 산들바람",,(주)액티버스엔터테인먼트,2020-09-11,개봉영화,장편,한국,1,"2,000",1,"2,000",1,성인물(에로),청소년관람불가,일반영화
788,쥬라기 썬더,,,더그레이트 컴퍼니,더그레이트 컴퍼니,2020-09-10,개봉영화,장편,미국,1,"2,000",1,"2,000",1,액션,15세이상관람가,일반영화
789,해풍 : 바람난 여자,리차드 킴,"(주)룬컴퍼니,영화사 산들바람",,(주)액티버스엔터테인먼트,2020-09-11,개봉영화,장편,한국,1,"2,000",1,"2,000",1,성인물(에로),청소년관람불가,일반영화
790,흔들린 담배: 이웃의 정부가 된 아내,,,(주)씨맥스커뮤니케이션즈,(주)씨맥스커뮤니케이션즈,2020-09-04,개봉영화,장편,일본,1,"2,000",1,0,0,드라마,청소년관람불가,일반영화
791,19금 비밀과외,리차드 킴,영화사 산들바람,,영화사 산들바람,2020-09-11,개봉영화,장편,한국,1,"2,000",1,"2,000",1,기타,청소년관람불가,일반영화
792,가자 장미여관으로 4 - 무삭제판,최우성,컨텐츠레드,,(주)컨텐츠 빌리지,2020-09-10,개봉영화,장편,한국,1,"1,000",1,0,0,멜로/로맨스,청소년관람불가,일반영화
793,검은 사제들: 지옥의 문,돈 E. 폰트르로이,,,(주)영화사 안다미로,2020-11-02,개봉영화,장편,미국,1,"1,000",1,0,0,공포(호러),15세이상관람가,일반영화
794,괜찮아 몽정이야,최성은,윤스,,윤스,2021-01-25,개봉영화,장편,한국,1,"1,000",1,"1,000",1,성인물(에로),청소년관람불가,일반영화
795,구멍 교환 - 무삭제판,김종석,너바나 필름,,(주)컨텐츠 빌리지,2020-12-16,개봉영화,장편,한국,1,"1,000",1,0,0,멜로/로맨스,청소년관람불가,일반영화
796,기색충 - 무삭제판,김종석,모히또필름,,(주)컨텐츠 빌리지,2020-12-30,개봉영화,장편,한국,1,"1,000",1,"1,000",1,멜로/로맨스,청소년관람불가,일반영화
797,긴섹충 무삭제,우기상,엔트리커뮤니케이션즈,,엔트리커뮤니케이션즈,2020-10-30,개봉영화,장편,한국,1,"1,000",1,"1,000",1,기타,청소년관람불가,일반영화
798,김비서는 정말 왜 그럴까? - 무삭제판,김종석,컨텐츠레드,,(주)컨텐츠 빌리지,2021-01-13,개봉영화,장편,한국,1,"1,000",1,0,0,멜로/로맨스,청소년관람불가,일반영화
799,나는 야한 여자가 좋다 4 - 무삭제판,김종석,모히또필름,,(주)컨텐츠 빌리지,2020-11-18,개봉영화,장편,한국,1,"1,000",1,0,0,멜로/로맨스,청소년관람불가,일반영화
800,노리개가 된 젊은 사모님,다테 류지,,주식회사 미콘,주식회사 미콘,2020-12-01,개봉영화,장편,일본,1,"1,000",1,0,0,드라마,청소년관람불가,일반영화
801,놈놈놈: 캔자스의 무법자,크리스토퍼 포브스,,,(주)영화사 안다미로,2020-11-02,개봉영화,장편,미국,1,"1,000",1,0,0,액션,15세이상관람가,일반영화
802,달콤한 처제,최성은,윤스,,윤스,2021-01-25,개봉영화,장편,한국,1,"1,000",1,"1,000",1,성인물(에로),청소년관람불가,일반영화
803,데드맨 스탠딩,,,(주)영화사 안다미로,(주)영화사 안다미로,2020-11-17,개봉영화,장편,미국,1,"1,000",1,"1,000",1,스릴러,15세이상관람가,일반영화
804,데빌 인사이드 미,,,,(주)영화사 안다미로,2020-11-30,개봉영화,장편,캐나다,1,"1,000",1,0,0,공포(호러),청소년관람불가,일반영화
805,돈 스피크,스콧 제프리,,,(주)영화사 안다미로,2020-12-14,개봉영화,장편,미국,1,"1,000",1,0,0,공포(호러),15세이상관람가,일반영화
806,딸의 친구 5 - 무삭제판,계장혁,(주)컨텐츠 빌리지,,(주)컨텐츠 빌리지,2020-10-28,개봉영화,장편,한국,1,"1,000",1,0,0,멜로/로맨스,청소년관람불가,일반영화
807,라스트 카우보이,브렛 벤트먼,,,(주)영화사 안다미로,2020-10-26,개봉영화,장편,미국,1,"1,000",1,0,0,액션,15세이상관람가,일반영화
808,런 런 런,,,,(주)영화사 안다미로,2020-12-28,개봉영화,장편,미국,1,"1,000",1,"1,000",1,공포(호러),15세이상관람가,일반영화
809,루아나의 세계,,,,(주)영화사 안다미로,2020-11-16,개봉영화,장편,미국,1,"1,000",1,0,0,드라마,12세이상관람가,일반영화
810,마누라 공유하기 - 무삭제판,계장혁,모히또필름,,(주)컨텐츠 빌리지,2020-12-02,개봉영화,장편,한국,1,"1,000",1,0,0,멜로/로맨스,청소년관람불가,일반영화
811,메가 블리자드,,,,(주)영화사 안다미로,2020-12-07,개봉영화,장편,미국,1,"1,000",1,0,0,공포(호러),15세이상관람가,일반영화
812,못말리는 며느리,최성은,(주)영화사히트,,(주)영화사히트,2020-09-08,개봉영화,장편,한국,1,"1,000",1,0,0,기타,청소년관람불가,일반영화
813,못말리는 사촌동생,최성은,(주)영화사히트,,(주)영화사히트,2020-11-16,개봉영화,장편,한국,1,"1,000",1,0,0,성인물(에로),청소년관람불가,일반영화
814,미샤 버튼의 감금,,,,(주)알이디아이스엔터,2020-11-18,개봉영화,장편,미국,1,"1,000",1,0,0,공포(호러),청소년관람불가,일반영화
815,볼빨간 며느리,최성은,(주)영화사히트,,(주)영화사히트,2020-10-16,개봉영화,장편,한국,1,"1,000",1,0,0,드라마,청소년관람불가,일반영화
816,볼빨간 여동생,최성은,(주)영화사히트,,(주)영화사히트,2020-11-27,개봉영화,장편,한국,1,"1,000",1,0,0,성인물(에로),청소년관람불가,일반영화
817,볼빨간 형수님,최성은,(주)영화사히트,,(주)영화사히트,2020-11-27,개봉영화,장편,한국,1,"1,000",1,0,0,성인물(에로),청소년관람불가,일반영화
818,비하인드 더 피스,,,(주)스토리제이,(주)스토리제이,2020-10-16,개봉영화,장편,우즈베키스탄,1,"1,000",1,"1,000",1,전쟁,12세이상관람가,일반영화
819,새아가 - 무삭제판,계장혁,(주)컨텐츠 빌리지,,(주)컨텐츠 빌리지,2020-10-07,개봉영화,장편,한국,1,"1,000",1,0,0,멜로/로맨스,청소년관람불가,일반영화
820,새엄마는 열아홉,최성은,(주)영화사히트,,(주)영화사히트,2020-10-19,개봉영화,장편,한국,1,"1,000",1,0,0,기타,청소년관람불가,일반영화
821,성적은 크기순이 아니잖아,김종석,컨텐츠레드,,(주)컨텐츠 빌리지,2021-01-28,개봉영화,장편,한국,1,"1,000",1,"1,000",1,멜로/로맨스,청소년관람불가,일반영화
822,싱글의 세계,맹진사,유한회사 영화사 반딧불,,유한회사 영화사 반딧불,2020-10-15,개봉영화,장편,한국,1,"1,000",1,0,0,성인물(에로),청소년관람불가,일반영화
823,쏠릴땐 옆집 벨을 누른다,아카바네 류지,,주식회사 미콘,주식회사 미콘,2020-10-17,개봉영화,장편,일본,1,"1,000",1,0,0,드라마,청소년관람불가,일반영화
824,어린 구멍 - 무삭제판,김종석,모히또필름,,(주)컨텐츠 빌리지,2021-01-21,개봉영화,장편,한국,1,"1,000",1,"1,000",1,멜로/로맨스,청소년관람불가,일반영화
825,어린 그녀 - 무삭제판,정태준,(주)컨텐츠 빌리지,,(주)컨텐츠 빌리지,2020-10-21,개봉영화,장편,한국,1,"1,000",1,0,0,멜로/로맨스,청소년관람불가,일반영화
826,어린 와이프 무삭제,최성은,(주)영화사히트,,(주)영화사히트,2020-10-17,개봉영화,장편,한국,1,"1,000",1,0,0,성인물(에로),청소년관람불가,일반영화
827,여동생 무삭제,최성은,(주)영화사히트,,(주)영화사히트,2020-09-02,개봉영화,장편,한국,1,"1,000",1,0,0,기타,청소년관람불가,일반영화
828,여성친구 무삭제,우기상,엔트리커뮤니케이션즈,,엔트리커뮤니케이션즈,2020-10-30,개봉영화,장편,한국,1,"1,000",1,"1,000",1,기타,청소년관람불가,일반영화
829,예쁜엄마,최성은,(주)영화사히트,,(주)영화사히트,2020-10-30,개봉영화,장편,한국,1,"1,000",1,0,0,드라마,청소년관람불가,일반영화
830,온천장 붕가붕가,이즈미 류지,,주식회사 미콘,주식회사 미콘,2021-01-06,개봉영화,장편,일본,1,"1,000",1,0,0,드라마,청소년관람불가,일반영화
831,올드 가드 인 런던,,,(주)영화사 안다미로,(주)영화사 안다미로,2020-09-07,개봉영화,장편,영국,1,"1,000",1,0,0,액션,15세이상관람가,일반영화
832,웬디고: 전설의 몬스터,,,,(주)영화사 안다미로,2021-01-25,개봉영화,장편,미국,1,"1,000",1,"1,000",1,공포(호러),15세이상관람가,일반영화
833,저주받은 이야기들,,,,(주)알이디아이스엔터,2020-11-18,개봉영화,장편,미국,1,"1,000",1,0,0,코미디,청소년관람불가,일반영화
834,죽고 싶은 인간들의 밤,숀 케인,,,(주)영화사 안다미로,2020-12-21,개봉영화,장편,미국,1,"1,000",1,0,0,공포(호러),청소년관람불가,일반영화
835,친척동생 무삭제,최성은,(주)영화사히트,,(주)영화사히트,2020-09-02,개봉영화,장편,한국,1,"1,000",1,0,0,기타,청소년관람불가,일반영화
836,친척동생2,최성은,(주)영화사히트,,(주)영화사히트,2020-09-14,개봉영화,장편,한국,1,"1,000",1,0,0,기타,청소년관람불가,일반영화
837,침묵의 이방인,,,,컴퍼니 엘론 (주),2020-09-03,개봉영화,장편,러시아,1,"1,000",1,0,0,스릴러,청소년관람불가,일반영화
838,코벤,,,,(주)영화사 안다미로,2020-12-10,개봉영화,장편,미국,1,"1,000",1,0,0,공포(호러),15세이상관람가,일반영화
839,파이널 리벤지,,,,(주)스토리제이,2021-01-09,개봉영화,장편,터키,1,"1,000",1,0,0,전쟁,15세이상관람가,일반영화
840,해피 데스데이: 악마의 큐피드,스콧 제프리,,,(주)영화사 안다미로,2020-11-30,개봉영화,장편,미국,1,"1,000",1,0,0,공포(호러),청소년관람불가,일반영화
841,형수 길들이기 - 무삭제판,정태준,컨텐츠레드,,(주)컨텐츠 빌리지,2021-01-27,개봉영화,장편,한국,1,"1,000",1,"1,000",1,멜로/로맨스,청소년관람불가,일반영화
842,형수에 반하다,최성은,(주)영화사히트,,(주)영화사히트,2020-11-09,개봉영화,장편,한국,1,"1,000",1,0,0,성인물(에로),청소년관람불가,일반영화
843,흥건한 유부녀 삼류극장에서의 은밀한 취미,아카바네 류지,,주식회사 미콘,주식회사 미콘,2020-10-17,개봉영화,장편,일본,1,"1,000",1,0,0,드라마,청소년관람불가,일반영화
844,SNS 러브,,,,컴퍼니 엘론 (주),2021-01-28,개봉영화,장편,미국,1,"1,000",1,0,0,멜로/로맨스,청소년관람불가,일반영화
