순번,영화명,감독,배급사,개봉일,영화유형,국적,전국스크린수,전국매출액,전국매출액,전국관객수,전국관객수,서울매출액,서울매출액,서울관객수,장르,등급,영화구분
1,다만 악에서 구하소서,홍원찬,2,2020-08-05,개봉영화,한국,1998,"377,219,673","37,721,967,250","42,557","4,255,708",86904162.3,"8,690,416,230",958007,범죄,15세이상관람가,일반영화
2,반도,연상호,2,2020-07-15,개봉영화,한국,2575,"330,595,203","33,059,520,280","38,103","3,810,312",79965058.4,"7,996,505,840",893723,액션,15세이상관람가,일반영화
3,#살아있다,조일형,2,2020-06-24,개봉영화,한국,1882,"159,653,299","15,965,329,900","19,037","1,903,703",38853038.4,"3,885,303,840",476332,드라마,15세이상관람가,일반영화
4,담보,강대규,2,2020-09-29,개봉영화,한국,1342,"147,504,806","14,750,480,550","17,198","1,719,777",26895814.5,"2,689,581,450",305921,드라마,12세이상관람가,일반영화
5,강철비2: 정상회담,양우석,2,2020-07-29,개봉영화,한국,2137,"146,282,067","14,628,206,710","17,805","1,780,503",34513218.1,"3,451,321,810",431963,드라마,15세이상관람가,일반영화
6,삼진그룹 영어토익반,이종필,2,2020-10-21,개봉영화,한국,1616,"139,861,389","13,986,138,870","15,718","1,571,820",39461539.4,"3,946,153,940",444282,드라마,12세이상관람가,일반영화
7,도굴,박정배,2,2020-11-04,개봉영화,한국,1635,"139,476,647","13,947,664,670","15,438","1,543,775",32358323.2,"3,235,832,320",355865,범죄,12세이상관람가,일반영화
8,테넷,크리스토퍼 놀란,1,2020-08-26,개봉영화,북아메리카,2228,"119,628,859","11,962,885,850","12,841","1,284,073",45964734.7,"4,596,473,470",464556,액션,12세이상관람가,일반영화
9,오케이 마담,이철하,1,2020-08-12,개봉영화,한국,1288,"107,900,212","10,790,021,200","12,052","1,205,199",21123883.8,"2,112,388,380",231120,코미디,15세이상관람가,일반영화
10,소울,피트 닥터,2,2021-01-20,개봉영화,북아메리카,2018,"79,363,329","7,936,332,910","8,750","875,001",25788809.8,"2,578,880,980",275009,애니메이션,전체관람가,일반영화
11,결백,박상현,1,2020-06-10,개봉영화,한국,1112,"76,410,293","7,641,029,340","8,657","865,683",16946307,"1,694,630,700",189284,드라마,15세이상관람가,일반영화
12,테넷,크리스토퍼 놀란,1,2020-08-26,개봉영화,북아메리카,2228,"64,963,933","6,496,393,320","7,144","714,412",20504319,"2,050,431,900",216041,액션,12세이상관람가,일반영화
13,원더 우먼 1984,팻티 젠킨스,1,2020-12-23,개봉영화,북아메리카,2260,"49,356,555","4,935,655,460","5,466","546,550",14576935,"1,457,693,500",154656,액션,12세이상관람가,일반영화
14,침입자,손원평,1,2020-06-04,개봉영화,한국,1365,"48,063,140","4,806,314,000","5,312","531,212",10293686.6,"1,029,368,660",110923,미스터리,15세이상관람가,일반영화
15,국제수사,김봉한,2,2020-09-29,개봉영화,한국,1074,"44,965,498","4,496,549,760","5,375","537,470",8680033.6,"868,003,360",103185,코미디,15세이상관람가,일반영화
16,1917,샘 멘데스,0,2020-02-19,개봉영화,북아메리카,932,"41,611,244","4,161,124,420","4,648","464,824",16421805.6,"1,642,180,560",176208,드라마,15세이상관람가,일반영화
17,인비저블맨,리 워넬,1,2020-02-26,개봉영화,북아메리카,776,"40,421,026","4,042,102,580","4,592","459,170",12398526,"1,239,852,600",136977,공포(호러),15세이상관람가,일반영화
18,이웃사촌,이환경,0,2020-11-25,개봉영화,한국,1363,"37,082,238","3,708,223,750","4,314","431,382",7758030,"775,803,000",91262,드라마,12세이상관람가,일반영화
19,온워드: 단 하루의 기적,댄 스캔론,2,2020-06-17,개봉영화,북아메리카,1138,"35,813,351","3,581,335,060","4,167","416,739",11087375.2,"1,108,737,520",122318,애니메이션,전체관람가,일반영화
20,소리도 없이,홍의정,1,2020-10-15,개봉영화,한국,1084,"35,586,229","3,558,622,900","4,034","403,432",8430759.9,"843,075,990",93396,범죄,15세이상관람가,일반영화
21,"그대, 고맙소 : 김호중 생애 첫 팬미팅 무비",,2,2020-09-29,개봉영화,한국,106,"31,299,740","3,129,974,000","1,020","102,008",9867305,"986,730,500",31301,공연,전체관람가,일반영화
22,오! 문희,정세교,0,2020-09-02,개봉영화,한국,1110,"27,987,586","2,798,758,600","3,512","351,162",5913542.1,"591,354,210",73973,코미디,12세이상관람가,일반영화
23,그린랜드,릭 로먼 워,0,2020-09-29,개봉영화,북아메리카,779,"27,777,245","2,777,724,520","3,259","325,869",6796460.1,"679,646,010",79147,액션,12세이상관람가,일반영화
24,런,아니쉬 차간티,0,2020-11-20,개봉영화,북아메리카,799,"26,032,624","2,603,262,370","2,836","283,573",8031797.2,"803,179,720",86674,미스터리,15세이상관람가,일반영화
25,내가 죽던 날,박지완,1,2020-11-12,개봉영화,한국,909,"21,353,960","2,135,396,020","2,331","233,112",5498366,"549,836,600",58772,드라마,12세이상관람가,일반영화
26,뮬란,니키 카로,2,2020-09-17,개봉영화,북아메리카,1420,"20,797,376","2,079,737,620","2,362","236,247",6007040,"600,704,000",65400,어드벤처,12세이상관람가,일반영화
27,조제,김종관,1,2020-12-10,개봉영화,한국,1179,"18,844,315","1,884,431,540","2,100","209,988",4682264.9,"468,226,490",51461,멜로/로맨스,15세이상관람가,일반영화
28,프리즌 이스케이프,,0,2020-05-06,개봉영화,유럽,328,"18,482,976","1,848,297,600","2,171","217,056",5564777.4,"556,477,740",63837,어드벤처,12세이상관람가,독립/예술영화
29,극장판 귀멸의 칼날: 무한열차편,소토자키 하루오,0,2021-01-27,개봉영화,아시아,380,"18,201,027","1,820,102,670","2,063","206,309",5073606.7,"507,360,670",54677,애니메이션,15세이상관람가,일반영화
30,사라진 시간,정진영,1,2020-06-18,개봉영화,한국,874,"16,511,886","1,651,188,580","1,857","185,653",3887625.8,"388,762,580",43314,미스터리,15세이상관람가,일반영화
31,검객,최재훈,0,2020-09-23,개봉영화,한국,832,"16,197,819","1,619,781,870","1,902","190,237",3158616.8,"315,861,680",36965,액션,15세이상관람가,일반영화
32,밤쉘: 세상을 바꾼 폭탄선언,제이 로치,0,2020-07-08,개봉영화,북아메리카,882,"15,184,283","1,518,428,340","1,790","178,963",6680602.2,"668,060,220",77431,드라마,15세이상관람가,독립/예술영화
33,미스터트롯: 더 무비,전수경,0,2020-10-22,개봉영화,한국,449,"12,886,131","1,288,613,100","1,501","150,094",3563261,"356,326,100",41283,공연,전체관람가,일반영화
34,지푸라기라도 잡고 싶은 짐승들,김용훈,1,2020-02-19,개봉영화,한국,996,"12,324,533","1,232,453,270","1,398","139,777",3584709,"358,470,900",39768,스릴러,청소년관람불가,일반영화
35,트롤: 월드 투어,"월트 도른,데이빗 P.스미스",1,2020-04-29,개봉영화,북아메리카,344,"11,680,003","1,168,000,320","1,522","152,159",3039959.8,"303,995,980",37939,애니메이션,전체관람가,일반영화
36,브레이크 더 사일런스: 더 무비,박준수,0,2020-09-24,개봉영화,한국,205,"11,602,490","1,160,249,000","1,317","131,693",3773290,"377,329,000",41301,다큐멘터리,전체관람가,일반영화
37,다크 워터스,토드 헤인즈,0,2020-03-11,개봉영화,북아메리카,575,"10,966,577","1,096,657,740","1,273","127,251",3839811.8,"383,981,180",43314,드라마,12세이상관람가,독립/예술영화
38,애니멀 크래커,토니 밴크로프트,0,2020-08-05,개봉영화,북아메리카,473,"10,237,053","1,023,705,340","1,290","129,006",1510654.7,"151,065,470",17842,애니메이션,전체관람가,독립/예술영화
39,언힌지드,데릭 보트,0,2020-10-07,개봉영화,북아메리카,676,"10,160,372","1,016,037,190","1,181","118,112",3025523.4,"302,552,340",35166,스릴러,청소년관람불가,일반영화
40,언더워터,윌리엄 유뱅크,2,2020-05-27,개봉영화,북아메리카,594,"9,371,128","937,112,800","1,092","109,207",2598891.6,"259,889,160",29571,스릴러,15세이상관람가,일반영화
41,디바,조슬예,1,2020-09-23,개봉영화,한국,831,"9,017,174","901,717,350","1,081","108,122",2581752.6,"258,175,260",31164,스릴러,15세이상관람가,일반영화
42,기기괴괴 성형수,조경훈,0,2020-09-09,개봉영화,한국,276,"8,716,296","871,629,560","1,033","103,251",2872385.4,"287,238,540",36203,공포(호러),15세이상관람가,독립/예술영화
43,죽지않는 인간들의 밤,신정원,0,2020-09-29,개봉영화,한국,570,"8,402,174","840,217,440","1,016","101,616",2349554.4,"234,955,440",27911,코미디,15세이상관람가,일반영화
44,다만 악에서 구하소서,홍원찬,2,2020-08-05,개봉영화,한국,1998,"8,325,607","832,560,740",970,"96,961",2158613.9,"215,861,390",26035,범죄,15세이상관람가,일반영화
45,정직한 후보,장유정,2,2020-02-12,개봉영화,한국,1187,"8,285,661","828,566,090","1,093","109,263",2329926.6,"232,992,660",30341,코미디,12세이상관람가,일반영화
46,작은 아씨들,그레타 거윅,1,2020-02-12,개봉영화,북아메리카,1105,"8,256,625","825,662,460",967,"96,748",3730051.2,"373,005,120",42804,드라마,전체관람가,일반영화
47,레이니 데이 인 뉴욕,우디 앨런,0,2020-05-06,개봉영화,북아메리카,563,"7,842,722","784,272,200",884,"88,440",3381031.8,"338,103,180",37178,코미디,15세이상관람가,독립/예술영화
48,극장판 짱구는 못말려: 신혼여행 허리케인~ 사라진 아빠!,하시모토 마사카즈,2,2020-08-20,개봉영화,아시아,661,"7,830,868","783,086,840",962,"96,235",1000378.8,"100,037,880",11640,애니메이션,전체관람가,일반영화
49,극장판 포켓몬스터 뮤츠의 역습 EVOLUTION,"유야마 쿠니히코,사카키바라 모토노리",0,2020-09-30,개봉영화,아시아,591,"7,805,923","780,592,310",974,"97,398",1495932.8,"149,593,280",17678,애니메이션,전체관람가,일반영화
50,저 산 너머,최종태,0,2020-04-30,개봉영화,한국,468,"7,726,853","772,685,300","1,035","103,534",2304470.4,"230,447,040",32623,드라마,12세이상관람가,일반영화
51,주디,루퍼트 굴드,0,2020-03-25,개봉영화,유럽,479,"7,388,518","738,851,760",897,"89,719",3233611.4,"323,361,140",38273,드라마,12세이상관람가,독립/예술영화
52,나의 청춘은 너의 것,"주동,대몽영",0,2020-04-29,개봉영화,아시아,533,"7,148,925","714,892,500",844,"84,442",2050567.4,"205,056,740",23586,멜로/로맨스,12세이상관람가,독립/예술영화
53,페이트 스테이 나이트 헤븐즈필 제3장 스프링 송,스도 토모노리,0,2020-10-22,개봉영화,아시아,149,"7,017,084","701,708,430",773,"77,314",2627589.1,"262,758,910",27583,애니메이션,15세이상관람가,일반영화
54,에어로너츠,톰 하퍼,0,2020-06-10,개봉영화,유럽,534,"6,911,885","691,188,500",799,"79,877",2844647.6,"284,464,760",32538,드라마,12세이상관람가,독립/예술영화
55,소리꾼,조정래,0,2020-07-01,개봉영화,한국,573,"6,421,207","642,120,680",792,"79,215",1836958,"183,695,800",22306,사극,12세이상관람가,일반영화
56,엽문4: 더 파이널,엽위신,0,2020-04-01,개봉영화,아시아,206,"6,305,563","630,556,300",729,"72,886",1827380,"182,738,000",20918,액션,12세이상관람가,독립/예술영화
57,더 플랫폼,,0,2020-05-13,개봉영화,유럽,228,"6,037,150","603,715,000",659,"65,938",2124662,"212,466,200",23133,SF,청소년관람불가,독립/예술영화
58,호텔 레이크,윤은경,0,2020-04-29,개봉영화,한국,465,"5,922,232","592,223,200",700,"70,019",1160309,"116,030,900",13345,공포(호러),15세이상관람가,독립/예술영화
59,소년시절의 너,증국상,0,2020-07-09,개봉영화,아시아,252,"5,887,237","588,723,700",684,"68,434",2531294,"253,129,400",28875,멜로/로맨스,15세이상관람가,독립/예술영화
60,빅샤크3: 젤리몬스터 대소동,신우,0,2020-07-29,개봉영화,아시아,400,"5,622,207","562,220,660",728,"72,849",626204.6,"62,620,460",7772,애니메이션,전체관람가,일반영화
61,카페 벨에포크,니콜라스 베도스,0,2020-05-20,개봉영화,유럽,463,"5,494,559","549,455,880",660,"65,975",2686908.4,"268,690,840",32387,코미디,15세이상관람가,독립/예술영화
62,뉴 뮤턴트,조쉬 분,2,2020-09-10,개봉영화,북아메리카,817,"5,461,159","546,115,880",619,"61,897",1645939.1,"164,593,910",18270,액션,15세이상관람가,일반영화
63,아이즈 온 미 : 더 무비,박재석,2,2020-06-10,개봉영화,한국,124,"5,062,740","506,274,000",392,"39,228",2022485,"202,248,500",15630,공연,전체관람가,일반영화
64,극장판 바이올렛 에버가든,이시다테 타이치,0,2020-11-12,개봉영화,아시아,131,"5,002,416","500,241,620",587,"58,653",1644946.6,"164,494,660",18122,애니메이션,전체관람가,독립/예술영화
65,마이 스파이,피터 시걸,0,2020-04-29,개봉영화,북아메리카,240,"4,825,945","482,594,500",563,"56,282",1655726,"165,572,600",19676,액션,12세이상관람가,일반영화
66,나의 첫 번째 슈퍼스타,니샤 가나트라,1,2020-06-10,개봉영화,북아메리카,462,"4,739,194","473,919,360",537,"53,684",1895101.2,"189,510,120",21533,코미디,12세이상관람가,일반영화
67,극장판 미니특공대: 햄버거괴물의 습격,이영준,0,2020-09-30,개봉영화,한국,414,"4,660,636","466,063,620",579,"57,883",772474.3,"77,247,430",9126,애니메이션,전체관람가,일반영화
68,프리키 데스데이,크리스토퍼 랜던,1,2020-11-25,개봉영화,북아메리카,631,"4,512,607","451,260,690",518,"51,816",1282736.4,"128,273,640",14722,코미디,청소년관람불가,일반영화
69,더 프린세스 : 도둑맞은 공주,올레말라므,0,2020-08-12,개봉영화,유럽,423,"4,450,531","445,053,060",545,"54,517",606743.3,"60,674,330",7007,애니메이션,전체관람가,일반영화
70,아웃포스트,로드 루리,0,2020-09-23,개봉영화,북아메리카,454,"4,285,339","428,533,870",514,"51,381",1679092.3,"167,909,230",19323,전쟁,15세이상관람가,일반영화
71,날씨의 아이,신카이 마코토,0,2019-10-30,개봉영화,아시아,716,"4,012,727","401,272,680",534,"53,364",1608804.6,"160,880,460",20847,애니메이션,15세이상관람가,일반영화
72,스케어리 스토리:어둠의 속삭임,안드레 외브레달,0,2020-03-25,개봉영화,북아메리카,186,"3,754,924","375,492,420",450,"44,989",1230439.8,"123,043,980",14557,판타지,15세이상관람가,일반영화
73,세자매,이승원,0,2021-01-27,개봉영화,한국,569,"3,544,512","354,451,240",423,"42,290",1101171,"110,117,100",12825,드라마,15세이상관람가,독립/예술영화
74,젠틀맨,가이 리치,0,2020-02-26,개봉영화,북아메리카,586,"3,436,473","343,647,270",396,"39,638",1517750.4,"151,775,040",17080,범죄,청소년관람불가,일반영화
75,다만 악에서 구하소서 파이널컷,홍원찬,2,2020-10-28,개봉영화,한국,475,"3,261,066","326,106,570",380,"37,961",1052372.5,"105,237,250",12255,액션,청소년관람불가,일반영화
76,명탐정 코난: 진홍의 수학여행,야마모토 야스이치로,2,2021-01-27,개봉영화,아시아,532,"3,161,324","316,132,440",381,"38,131",612627.5,"61,262,750",7166,애니메이션,12세이상관람가,일반영화
77,야구소녀,최윤태,0,2020-06-18,개봉영화,한국,264,"3,152,367","315,236,720",368,"36,764",1774742.6,"177,474,260",19821,드라마,12세이상관람가,독립/예술영화
78,콜 오브 와일드,크리스 샌더스,2,2020-05-14,개봉영화,북아메리카,505,"3,061,185","306,118,500",362,"36,245",924276.8,"92,427,680",10807,어드벤처,12세이상관람가,일반영화
79,애프터: 그 후,로저 컴블,0,2020-10-07,개봉영화,북아메리카,420,"3,049,560","304,956,040",370,"36,962",1023726.9,"102,372,690",12502,멜로/로맨스,15세이상관람가,일반영화
80,반교: 디텐션,존 쉬,0,2020-08-13,개봉영화,기타,128,"3,035,031","303,503,130",330,"32,970",995350.4,"99,535,040",10494,공포(호러),15세이상관람가,독립/예술영화
81,서치 아웃,곽정,0,2020-04-15,개봉영화,한국,355,"2,971,670","297,167,000",341,"34,115",644297.4,"64,429,740",7283,스릴러,15세이상관람가,독립/예술영화
82,오픈 더 도어,올가 고로데츠카야,0,2020-04-08,개봉영화,유럽,184,"2,867,021","286,702,100",318,"31,760",962274,"96,227,400",10487,공포(호러),15세이상관람가,일반영화
83,톰보이,셀린 시아마,0,2020-05-14,개봉영화,유럽,361,"2,680,536","268,053,620",298,"29,819",1625547.8,"162,554,780",17239,드라마,12세이상관람가,독립/예술영화
84,뱅가드,당계례,0,2020-12-30,개봉영화,아시아,265,"2,658,937","265,893,700",315,"31,546",646059,"64,605,900",7759,액션,12세이상관람가,독립/예술영화
85,건즈 아킴보,제이슨 레이 하우덴,0,2020-04-15,개봉영화,유럽,181,"2,447,310","244,731,000",279,"27,928",903230,"90,323,000",10314,액션,청소년관람불가,독립/예술영화
86,그집,,0,2020-05-27,개봉영화,유럽,392,"2,382,585","238,258,460",287,"28,707",530735.2,"53,073,520",6562,공포(호러),15세이상관람가,독립/예술영화
87,부활: 그 증거,김상철,0,2020-10-08,개봉영화,한국,111,"2,364,836","236,483,600",292,"29,153",474932,"47,493,200",5734,다큐멘터리,전체관람가,독립/예술영화
88,"어디갔어, 버나뎃",리차드 링클레이터,0,2020-10-08,개봉영화,북아메리카,253,"2,362,530","236,253,000",284,"28,378",1025480,"102,548,000",12154,코미디,12세이상관람가,독립/예술영화
89,기생충,봉준호,2,2019-05-30,개봉영화,한국,1948,"2,348,968","234,896,820",293,"29,320",906013,"90,601,300",11102,드라마,15세이상관람가,일반영화
90,미스비헤이비어,필립파 로소프,0,2020-05-27,개봉영화,유럽,378,"2,344,219","234,421,860",289,"28,884",1067003.6,"106,700,360",12991,드라마,15세이상관람가,독립/예술영화
91,파리의 인어,마티아스 마르지유,0,2020-07-23,개봉영화,유럽,204,"2,322,735","232,273,500",276,"27,618",892365,"89,236,500",10552,멜로/로맨스,12세이상관람가,독립/예술영화
92,더 보이 2: 돌아온 브람스,윌리엄 브렌트 벨,0,2020-03-05,개봉영화,북아메리카,179,"2,311,520","231,152,000",265,"26,531",799280,"79,928,000",9271,공포(호러),15세이상관람가,일반영화
93,킹덤 오브 헤븐: 디렉터스 컷,리들리 스콧,0,2020-11-11,개봉영화,유럽,117,"2,309,716","230,971,600",252,"25,153",1185539,"118,553,900",12497,액션,15세이상관람가,일반영화
94,n번째 이별 중,,0,2020-04-01,개봉영화,북아메리카,171,"2,253,588","225,358,800",249,"24,915",872967,"87,296,700",9615,멜로/로맨스,12세이상관람가,독립/예술영화
95,찬실이는 복도 많지,김초희,0,2020-03-05,개봉영화,한국,241,"2,245,240","224,523,960",262,"26,248",1409369.6,"140,936,960",15801,드라마,전체관람가,독립/예술영화
96,극장판 짱구는 못말려: 신혼여행 허리케인~ 사라진 아빠!,하시모토 마사카즈,2,2020-08-20,개봉영화,아시아,661,"2,216,647","221,664,710",271,"27,094",365586.5,"36,558,650",4171,애니메이션,전체관람가,일반영화
97,결백,박상현,1,2020-06-10,개봉영화,한국,1112,"2,170,700","217,070,000",282,"28,172",2170700,"217,070,000",28172,드라마,15세이상관람가,일반영화
98,더 프롬,라이언 머피,1,2020-12-02,개봉영화,북아메리카,662,"2,139,207","213,920,730",246,"24,635",840285.3,"84,028,530",9478,코미디,12세이상관람가,일반영화
99,폰조,조쉬 트랭크,0,2020-10-14,개봉영화,북아메리카,574,"2,117,593","211,759,310",254,"25,383",792020.8,"79,202,080",9237,범죄,청소년관람불가,독립/예술영화
100,애비규환,최하나,0,2020-11-12,개봉영화,한국,453,"2,067,313","206,731,300",227,"22,729",960409.4,"96,040,940",9985,드라마,12세이상관람가,독립/예술영화
101,블루 아워,하코타 유코,0,2020-07-22,개봉영화,아시아,322,"2,025,816","202,581,600",238,"23,803",1176343,"117,634,300",13168,드라마,12세이상관람가,독립/예술영화
102,캣츠토피아,게리 왕,0,2020-04-30,개봉영화,아시아,367,"2,012,232","201,223,160",240,"24,000",291531.6,"29,153,160",3370,판타지,전체관람가,독립/예술영화
103,비바리움,,0,2020-07-16,개봉영화,북아메리카,129,"1,953,041","195,304,120",238,"23,755",805589.4,"80,558,940",9082,미스터리,15세이상관람가,독립/예술영화
104,울프 콜,안토닌 보드리,0,2020-03-05,개봉영화,유럽,336,"1,920,616","192,061,580",232,"23,247",609719,"60,971,900",7334,액션,15세이상관람가,독립/예술영화
105,마리 퀴리,마르잔 사트라피,0,2020-11-18,개봉영화,유럽,484,"1,915,009","191,500,920",246,"24,573",869619.9,"86,961,990",11943,드라마,15세이상관람가,독립/예술영화
106,오케이 마담,이철하,1,2020-08-12,개봉영화,한국,1288,"1,898,667","189,866,710",235,"23,486",508198.2,"50,819,820",7059,코미디,15세이상관람가,일반영화
107,테슬라,마이클 알메레이다,0,2020-10-28,개봉영화,북아메리카,460,"1,848,430","184,842,950",234,"23,441",761325.4,"76,132,540",9450,드라마,12세이상관람가,일반영화
108,유령선,김지영,0,2020-04-15,개봉영화,한국,165,"1,819,339","181,933,920",208,"20,784",682073,"68,207,300",7684,다큐멘터리,12세이상관람가,독립/예술영화
109,인베이젼 2020,표도르 본다르추크,0,2020-07-01,개봉영화,유럽,354,"1,791,353","179,135,260",216,"21,609",460984.4,"46,098,440",5411,SF,12세이상관람가,일반영화
110,에이바,테이트 테일러,0,2020-09-09,개봉영화,북아메리카,515,"1,786,703","178,670,250",228,"22,832",571662,"57,166,200",7244,액션,15세이상관람가,일반영화
111,아이 엠 우먼,문은주,0,2021-01-14,개봉영화,호주,494,"1,775,528","177,552,770",219,"21,913",775376.3,"77,537,630",10395,드라마,15세이상관람가,독립/예술영화
112,팬데믹,,0,2020-07-22,개봉영화,북아메리카,382,"1,761,820","176,181,960",204,"20,355",395184.8,"39,518,480",4459,스릴러,15세이상관람가,독립/예술영화
113,극장판 바다 탐험대 옥토넛 : 대산호초 보호작전,,0,2020-11-12,개봉영화,유럽,187,"1,740,690","174,069,000",259,"25,889",321350,"32,135,000",4680,애니메이션,전체관람가,독립/예술영화
114,비밀정보원: 인 더 프리즌,안드레아 디 스테파노,0,2020-04-15,개봉영화,유럽,200,"1,725,889","172,588,940",203,"20,317",649645.8,"64,964,580",7585,범죄,청소년관람불가,일반영화
115,레미제라블: 뮤지컬 콘서트,제임스 파우웰,1,2020-05-13,개봉영화,북아메리카,339,"1,629,219","162,921,920",124,"12,426",681749.4,"68,174,940",5768,뮤지컬,12세이상관람가,일반영화
116,추억의 검정고무신,송정율,0,2020-11-19,개봉영화,한국,215,"1,620,831","162,083,100",201,"20,113",290925,"29,092,500",3247,애니메이션,전체관람가,독립/예술영화
117,블라인드,타마르 반 덴 도프,0,2021-01-14,개봉영화,유럽,239,"1,585,321","158,532,100",183,"18,297",588487,"58,848,700",6742,드라마,15세이상관람가,일반영화
118,애프터 웨딩 인 뉴욕,바트 프룬디치,0,2020-04-23,개봉영화,유럽,169,"1,573,463","157,346,280",192,"19,241",911692.2,"91,169,220",11103,드라마,12세이상관람가,독립/예술영화
119,더 터닝,플로리아 시지스몬디,0,2020-04-02,개봉영화,북아메리카,294,"1,541,979","154,197,940",175,"17,532",556481,"55,648,100",6194,미스터리,15세이상관람가,독립/예술영화
120,돌멩이,김정식,0,2020-10-15,개봉영화,한국,425,"1,463,734","146,373,400",176,"17,632",539501.3,"53,950,130",6044,드라마,12세이상관람가,독립/예술영화
121,마틴 에덴,피에트로 마르첼로,0,2020-10-29,개봉영화,유럽,60,"1,433,834","143,383,430",156,"15,593",1054158.3,"105,415,830",11136,드라마,12세이상관람가,독립/예술영화
122,800,관후,0,2020-12-10,개봉영화,아시아,223,"1,417,102","141,710,200",166,"16,626",438725,"43,872,500",5010,전쟁,15세이상관람가,일반영화
123,킹덤,사토 신스케,0,2020-04-29,개봉영화,아시아,186,"1,409,375","140,937,500",177,"17,663",448370,"44,837,000",5614,액션,15세이상관람가,일반영화
124,해수의 아이,와타나베 아유무,0,2020-09-30,개봉영화,아시아,76,"1,399,879","139,987,850",152,"15,211",773047.4,"77,304,740",7749,애니메이션,전체관람가,독립/예술영화
125,택스 콜렉터,데이비드 에이어,0,2020-11-18,개봉영화,북아메리카,372,"1,385,253","138,525,250",182,"18,197",670397.6,"67,039,760",9579,액션,청소년관람불가,일반영화
126,아홉 스님,윤성준,0,2020-05-27,개봉영화,한국,141,"1,376,252","137,625,200",223,"22,330",706320,"70,632,000",13607,드라마,전체관람가,독립/예술영화
127,#아이엠히어,에릭 라티고,2,2021-01-14,개봉영화,유럽,432,"1,357,957","135,795,710",163,"16,290",559239.5,"55,923,950",7437,멜로/로맨스,12세이상관람가,독립/예술영화
128,100% 울프: 푸들이 될 순 없어,알렉스 스타더만,0,2020-12-24,개봉영화,호주,370,"1,344,906","134,490,620",171,"17,089",244625.6,"24,462,560",2967,애니메이션,전체관람가,독립/예술영화
129,프랑스여자,김희정,2,2020-06-04,개봉영화,한국,244,"1,292,304","129,230,400",181,"18,106",518251.6,"51,825,160",6765,드라마,15세이상관람가,독립/예술영화
130,파티마의 기적,마르코 폰테코르보,0,2020-12-03,개봉영화,북아메리카,162,"1,290,906","129,090,600",161,"16,062",409680,"40,968,000",5267,드라마,12세이상관람가,독립/예술영화
131,초미의 관심사,남연우,0,2020-05-27,개봉영화,한국,380,"1,286,984","128,698,360",161,"16,137",482368.4,"48,236,840",5682,드라마,15세이상관람가,독립/예술영화
132,커넥트,제이콥 체이스,0,2021-01-20,개봉영화,북아메리카,386,"1,255,575","125,557,510",141,"14,140",287264.7,"28,726,470",3117,공포(호러),15세이상관람가,독립/예술영화
133,시원찮은 그녀를 위한 육성방법 피날레,,0,2020-02-27,개봉영화,아시아,71,"1,234,793","123,479,340",149,"14,862",536863.2,"53,686,320",6328,애니메이션,12세이상관람가,일반영화
134,밥정,박혜령,0,2020-10-07,개봉영화,한국,182,"1,232,049","123,204,940",157,"15,650",769695.3,"76,969,530",9458,다큐멘터리,전체관람가,독립/예술영화
135,빅풋 주니어2: 패밀리가 떴다,"벤 스타센,제레미 드그루손",0,2021-01-06,개봉영화,기타,308,"1,216,646","121,664,630",147,"14,682",232358.4,"23,235,840",2601,애니메이션,전체관람가,일반영화
136,극장판 요괴워치: 포에버 프렌즈,타카하시 시게하루,2,2020-10-15,개봉영화,아시아,423,"1,209,358","120,935,750",154,"15,434",155737.4,"15,573,740",1840,애니메이션,전체관람가,일반영화
137,가나의 혼인잔치: 언약,,0,2020-11-26,개봉영화,북아메리카,116,"1,200,503","120,050,330",137,"13,678",377896.3,"37,789,630",4167,다큐멘터리,전체관람가,일반영화
138,나이팅게일,제니퍼 켄트,0,2020-12-30,개봉영화,호주,329,"1,126,826","112,682,610",137,"13,702",352132.4,"35,213,240",4301,스릴러,청소년관람불가,독립/예술영화
139,부활,구수환,0,2020-07-09,개봉영화,한국,83,"1,125,965","112,596,500",144,"14,437",356305,"35,630,500",4343,다큐멘터리,전체관람가,일반영화
140,언플랜드,"척 콘젤만,캐리 솔로몬",0,2020-12-17,개봉영화,북아메리카,281,"1,119,817","111,981,660",131,"13,077",359235.7,"35,923,570",4198,드라마,15세이상관람가,일반영화
141,엔딩스 비기닝스,드레이크 도리머스,2,2020-06-24,개봉영화,북아메리카,251,"1,101,809","110,180,880",134,"13,401",425671.8,"42,567,180",5064,드라마,15세이상관람가,독립/예술영화
142,너는 달밤에 빛나고,츠키카와 쇼,0,2020-06-10,개봉영화,아시아,178,"1,095,780","109,578,000",124,"12,382",396045,"39,604,500",4378,멜로/로맨스,12세이상관람가,독립/예술영화
143,세인트 아가타,대런 린 보우즈만,0,2020-03-19,개봉영화,북아메리카,390,"1,094,601","109,460,080",125,"12,450",322002.2,"32,200,220",3603,공포(호러),청소년관람불가,독립/예술영화
144,극장판 엉덩이 탐정: 텐텐마을의 수수께끼,시바타 히로키,2,2020-09-24,개봉영화,아시아,157,"1,091,915","109,191,540",148,"14,799",213512.4,"21,351,240",2745,애니메이션,전체관람가,일반영화
145,라라걸,레이첼 그리피스,0,2020-04-15,개봉영화,호주,187,"1,086,845","108,684,460",128,"12,785",601810.4,"60,181,040",6862,드라마,전체관람가,독립/예술영화
146,마티아스와 막심,자비에 돌란,0,2020-07-23,개봉영화,북아메리카,91,"1,041,834","104,183,420",117,"11,685",799294.2,"79,929,420",8454,드라마,15세이상관람가,독립/예술영화
147,바이올렛 에버가든 ? 영원과 자동 수기 인형 -,후지타 하루카,0,2020-03-26,개봉영화,아시아,62,"1,040,915","104,091,460",119,"11,934",439785,"43,978,500",4790,애니메이션,전체관람가,독립/예술영화
148,리플레이,데이비드 하인즈,0,2020-12-16,개봉영화,북아메리카,242,"1,031,823","103,182,310",127,"12,692",565176.6,"56,517,660",6934,드라마,12세이상관람가,독립/예술영화
149,사랑하고 있습니까,김정권,0,2020-03-25,개봉영화,한국,295,"1,026,738","102,673,840",129,"12,878",333057.8,"33,305,780",4066,판타지,12세이상관람가,일반영화
150,남매의 여름밤,윤단비,0,2020-08-20,개봉영화,한국,133,"1,021,550","102,154,960",125,"12,507",635753.6,"63,575,360",7567,드라마,전체관람가,독립/예술영화
151,그레텔과 헨젤,오즈 퍼킨스,0,2020-07-08,개봉영화,북아메리카,325,"1,014,645","101,464,540",116,"11,564",265077.2,"26,507,720",2936,판타지,15세이상관람가,일반영화
152,슈퍼스타 뚜루,,0,2020-06-04,개봉영화,유럽,300,"1,013,060","101,306,020",131,"13,146",91592.2,"9,159,220",1065,뮤지컬,전체관람가,일반영화
153,킹 오브 프리즘 올 스타즈 -프리즘 쇼☆베스트10-,히시다 마사카즈,0,2020-04-02,개봉영화,아시아,55,"996,675","99,667,500",124,"12,371",672803.8,"67,280,380",8107,애니메이션,12세이상관람가,일반영화
154,걸후드,셀린 시아마,0,2020-11-12,개봉영화,유럽,175,"989,250","98,925,000",114,"11,409",527465,"52,746,500",6282,드라마,12세이상관람가,독립/예술영화
155,시크릿 가든,마크 먼든,0,2020-08-19,개봉영화,유럽,267,"946,057","94,605,660",113,"11,272",402921.6,"40,292,160",4553,드라마,전체관람가,독립/예술영화
156,미스터 존스,아그네츠카 홀란드,0,2021-01-07,개봉영화,유럽,277,"945,954","94,595,400",107,"10,727",399148.1,"39,914,810",4423,드라마,15세이상관람가,독립/예술영화
157,교실 안의 야크,,0,2020-09-30,개봉영화,기타,30,"937,162","93,716,210",111,"11,059",615055.8,"61,505,580",6721,드라마,전체관람가,독립/예술영화
158,강철비2 : 정상회담 확장판,양우석,2,2020-09-30,개봉영화,한국,126,"899,225","89,922,500",183,"18,306",283115,"28,311,500",7243,드라마,15세이상관람가,일반영화
159,안티고네,소피 드라스프,0,2020-11-19,개봉영화,북아메리카,130,"888,334","88,833,360",101,"10,056",532943.8,"53,294,380",6063,드라마,15세이상관람가,독립/예술영화
160,라스트 풀 메저,토드 로빈슨,0,2020-05-20,개봉영화,북아메리카,333,"888,072","88,807,180",112,"11,223",278523.6,"27,852,360",3532,드라마,15세이상관람가,독립/예술영화
161,워터 릴리스,셀린 시아마,0,2020-08-13,개봉영화,유럽,89,"873,525","87,352,532",101,"10,105",538480.32,"53,848,032",6028,드라마,15세이상관람가,독립/예술영화
162,너와 파도를 탈 수 있다면,유아사 마사아키,1,2020-07-08,개봉영화,아시아,257,"871,460","87,145,980",101,"10,075",371207,"37,120,700",4083,애니메이션,12세이상관람가,독립/예술영화
163,도망친 여자,홍상수,0,2020-09-17,개봉영화,한국,143,"865,582","86,558,240",103,"10,282",588168.9,"58,816,890",6750,드라마,청소년관람불가,독립/예술영화
164,테스와 보낸 여름,스티븐 바우터루드,0,2020-09-10,개봉영화,유럽,194,"844,213","84,421,250",95,"9,459",467264.4,"46,726,440",5009,드라마,전체관람가,독립/예술영화
165,잔칫날,김록경,0,2020-12-02,개봉영화,한국,240,"832,211","83,221,060",108,"10,806",311818.9,"31,181,890",4166,드라마,12세이상관람가,독립/예술영화
166,나는보리,김진유,0,2020-05-21,개봉영화,한국,158,"828,534","82,853,360",115,"11,497",473444.4,"47,344,440",6280,가족,전체관람가,독립/예술영화
167,썸머 85,프랑수아 오종,0,2020-12-24,개봉영화,기타,126,"818,225","81,822,490",93,"9,318",497325.9,"49,732,590",5406,멜로/로맨스,15세이상관람가,독립/예술영화
168,루팡 3세: 더 퍼스트,야마자키 타카시,2,2020-05-21,개봉영화,아시아,132,"800,535","80,053,500",109,"10,859",295045,"29,504,500",4898,애니메이션,전체관람가,일반영화
169,요가학원 : 죽음의 쿤달리니,"전재홍,김지한",0,2020-11-18,개봉영화,한국,267,"799,731","79,973,140",91,"9,128",245440.8,"24,544,080",2721,공포(호러),청소년관람불가,일반영화
170,소년 아메드,"장 피에르 다르덴,뤽 다르덴",0,2020-07-30,개봉영화,유럽,82,"780,642","78,064,187",98,"9,805",541502.27,"54,150,227",6477,드라마,12세이상관람가,독립/예술영화
171,지저귀는 새는 날지 않는다,마키타 카오리,0,2020-07-16,개봉영화,아시아,81,"774,450","77,445,000",86,"8,639",486675.6,"48,667,560",5356,애니메이션,청소년관람불가,독립/예술영화
172,씨 피버,니사 하디만,0,2020-05-13,개봉영화,유럽,278,"772,145","77,214,460",89,"8,915",213609.8,"21,360,980",2433,SF,15세이상관람가,독립/예술영화
173,나는 나를 해고하지 않는다,이태겸,0,2021-01-28,개봉영화,한국,313,"763,033","76,303,260",97,"9,660",357480.4,"35,748,040",4539,드라마,12세이상관람가,독립/예술영화
174,레옹 디 오리지널,뤽 베송,0,2020-06-11,개봉영화,유럽,130,"761,309","76,130,900",124,"12,403",391904.8,"39,190,480",6359,액션,청소년관람불가,일반영화
175,토이 솔져스: 가짜사나이2 더 컴플리트,오윤동,2,2021-01-27,개봉영화,한국,155,"753,263","75,326,300",80,"7,991",206925,"20,692,500",2126,다큐멘터리,15세이상관람가,일반영화
176,완벽한 가족,로저 미첼,0,2021-01-06,개봉영화,북아메리카,318,"752,685","75,268,460",87,"8,659",257926.3,"25,792,630",2828,드라마,15세이상관람가,독립/예술영화
177,마이 리틀 포니: 레인보우 로드 트립,,0,2020-10-29,개봉영화,북아메리카,226,"751,097","75,109,740",95,"9,498",139286,"13,928,600",1570,애니메이션,전체관람가,일반영화
178,남매의 여름밤,윤단비,0,2020-08-20,개봉영화,한국,133,"744,086","74,408,642",87,"8,704",531926.82,"53,192,682",5916,드라마,전체관람가,독립/예술영화
179,트로이 디렉터스 컷,볼프강 페터젠,0,2020-07-03,개봉영화,북아메리카,159,"734,661","73,466,060",87,"8,675",457093.4,"45,709,340",5318,전쟁,청소년관람불가,일반영화
180,세인트 주디,,0,2020-07-29,개봉영화,북아메리카,151,"721,274","72,127,360",87,"8,732",445156.6,"44,515,660",5172,드라마,12세이상관람가,독립/예술영화
181,카일라스 가는 길,정형민,0,2020-09-03,개봉영화,한국,47,"712,905","71,290,540",94,"9,389",335243.3,"33,524,330",4203,다큐멘터리,전체관람가,독립/예술영화
182,피아니스트의 마지막 인터뷰,클로드 라롱드,0,2020-11-19,개봉영화,북아메리카,55,"704,992","70,499,160",84,"8,418",439850.7,"43,985,070",5012,드라마,전체관람가,독립/예술영화
183,슈퍼 레이스,,0,2020-07-23,개봉영화,북아메리카,209,"703,482","70,348,180",90,"9,043",100297,"10,029,700",1189,애니메이션,전체관람가,독립/예술영화
184,딥워터,요아힘 헤덴,0,2020-07-09,개봉영화,기타,264,"701,203","70,120,260",81,"8,139",230715.6,"23,071,560",2586,액션,12세이상관람가,독립/예술영화
185,조조 래빗,타이카 와이티티,2,2020-02-05,개봉영화,북아메리카,277,"700,540","70,054,040",78,"7,757",502605.6,"50,260,560",5484,코미디,12세이상관람가,독립/예술영화
186,"아무튼, 아담",,0,2020-07-02,개봉영화,북아메리카,110,"699,435","69,943,500",102,"10,167",281240,"28,124,000",4051,드라마,15세이상관람가,독립/예술영화
187,하이큐!! 또 다른 도전,미츠나카 스스무,0,2020-05-14,개봉영화,아시아,142,"694,559","69,455,900",85,"8,464",164215,"16,421,500",1832,애니메이션,12세이상관람가,일반영화
188,부니베어: 원시시대 대모험,정량,0,2020-10-22,개봉영화,아시아,216,"691,467","69,146,700",89,"8,918",62412,"6,241,200",720,애니메이션,전체관람가,독립/예술영화
189,작은 소망,전우성,0,2020-08-13,개봉영화,아시아,151,"664,480","66,448,000",79,"7,911",217505,"21,750,500",2583,코미디,12세이상관람가,독립/예술영화
190,고스트 오브 워,에릭 브레스,0,2020-09-02,개봉영화,유럽,228,"640,900","64,089,960",75,"7,531",204119.7,"20,411,970",2350,미스터리,15세이상관람가,독립/예술영화
191,타오르는 여인의 초상,셀린 시아마,0,2020-01-16,개봉영화,유럽,120,"614,352","61,435,180",69,"6,876",488697.8,"48,869,780",5336,드라마,15세이상관람가,독립/예술영화
192,종이꽃,고훈,0,2020-10-22,개봉영화,한국,256,"613,883","61,388,310",73,"7,323",231652.7,"23,165,270",2624,드라마,12세이상관람가,독립/예술영화
193,미드나이트 스카이,조지 클루니,1,2020-12-09,개봉영화,북아메리카,257,"611,772","61,177,160",71,"7,101",251462.1,"25,146,210",2891,드라마,12세이상관람가,독립/예술영화
194,신과 나: 100일간의 거래,팍품 웡품,0,2020-04-08,개봉영화,기타,240,"606,271","60,627,100",72,"7,221",244573.2,"24,457,320",2856,미스터리,15세이상관람가,일반영화
195,이누야시키 : 히어로 VS 빌런,사토 신스케,0,2020-04-22,개봉영화,아시아,185,"604,143","60,414,320",75,"7,509",283010.8,"28,301,080",3392,SF,15세이상관람가,독립/예술영화
196,더 렌탈 : 소리없는 감시자,데이브 프랑코,0,2020-09-16,개봉영화,북아메리카,245,"602,943","60,294,280",75,"7,476",193059.9,"19,305,990",2363,공포(호러),15세이상관람가,일반영화
197,마이 미씽 발렌타인,진옥훈,0,2021-01-14,개봉영화,기타,153,"599,481","59,948,070",78,"7,796",255959.3,"25,595,930",3370,멜로/로맨스,12세이상관람가,독립/예술영화
198,북스마트,올리비아 와일드,0,2021-01-27,개봉영화,북아메리카,163,"585,619","58,561,900",94,"9,435",291029,"29,102,900",5756,코미디,15세이상관람가,독립/예술영화
199,남과 여: 여전히 찬란한,끌로드 를르슈,0,2020-10-15,개봉영화,유럽,69,"579,639","57,963,900",69,"6,896",379492,"37,949,200",4320,드라마,15세이상관람가,독립/예술영화
200,엘라 벨라 빙고: 친구 찾기 대작전,"아틀 솔버그 블락세트,프랭크 모스볼드",0,2020-08-12,개봉영화,유럽,180,"573,264","57,326,380",73,"7,274",61334,"6,133,400",737,애니메이션,전체관람가,일반영화
201,69세,임선애,0,2020-08-20,개봉영화,한국,105,"570,907","57,090,690",69,"6,941",377648.2,"37,764,820",4434,드라마,15세이상관람가,독립/예술영화
202,운디네,크리스티안 펫졸드,0,2020-12-24,개봉영화,유럽,42,"561,190","56,119,020",65,"6,538",372568.5,"37,256,850",4109,드라마,12세이상관람가,독립/예술영화
203,환상의 마로나,안카 다미안,0,2020-06-11,개봉영화,유럽,48,"558,360","55,835,960",59,"5,892",466097.2,"46,609,720",4670,애니메이션,전체관람가,독립/예술영화
204,"내 어깨 위 고양이, 밥 2",찰스 마틴 스미스,0,2020-12-24,개봉영화,유럽,202,"553,062","55,306,190",64,"6,378",237923.7,"23,792,370",2638,가족,전체관람가,일반영화
205,클로젯,김광빈,2,2020-02-05,개봉영화,한국,1197,"534,243","53,424,340",59,"5,892",319170.2,"31,917,020",3366,미스터리,15세이상관람가,일반영화
206,그리고 우린 춤을 추었다,레반 아킨,0,2020-11-25,개봉영화,유럽,79,"534,058","53,405,810",61,"6,062",379578.4,"37,957,840",4088,드라마,15세이상관람가,독립/예술영화
207,인비저블 라이프,카림 아이노우즈,0,2020-06-24,개봉영화,기타,49,"515,435","51,543,470",64,"6,352",329428.9,"32,942,890",3941,드라마,청소년관람불가,독립/예술영화
208,마르지엘라,라이너 홀제메르,0,2020-09-30,개봉영화,기타,31,"513,682","51,368,170",56,"5,637",438722,"43,872,200",4712,다큐멘터리,전체관람가,독립/예술영화
209,파힘,피에르 프랑소와 마틴 라발,0,2021-01-21,개봉영화,유럽,165,"503,667","50,366,700",65,"6,547",202006,"20,200,600",2528,드라마,전체관람가,독립/예술영화
210,나이스 걸 라이크 유,,0,2020-11-18,개봉영화,북아메리카,149,"480,682","48,068,200",57,"5,720",248078,"24,807,800",3035,코미디,청소년관람불가,일반영화
211,아디오스,파코 카베자스,0,2020-07-22,개봉영화,유럽,150,"480,292","48,029,220",65,"6,526",181460.6,"18,146,060",2562,액션,청소년관람불가,독립/예술영화
212,루키스,원금린,0,2020-05-20,개봉영화,아시아,277,"478,051","47,805,080",58,"5,761",135878,"13,587,800",1598,액션,15세이상관람가,일반영화
213,"조금씩, 천천히 안녕",나카노 료타,0,2020-05-27,개봉영화,아시아,166,"477,813","47,781,320",60,"5,960",300705.6,"30,070,560",3738,가족,전체관람가,독립/예술영화
214,작가 미상,플로리안 헨켈 폰 도너스마르크,0,2020-02-20,개봉영화,유럽,55,"477,730","47,772,980",56,"5,632",365907.2,"36,590,720",4200,드라마,청소년관람불가,독립/예술영화
215,헌트,크레이그 조벨,1,2020-04-23,개봉영화,북아메리카,30,"475,352","47,535,240",64,"6,415",336326.4,"33,632,640",4708,액션,청소년관람불가,일반영화
216,뮤지컬 브로드웨이 42번가,마크 브램블,0,2020-07-08,개봉영화,북아메리카,48,"475,310","47,531,000",26,"2,644",182405,"18,240,500",1014,뮤지컬,전체관람가,일반영화
217,부력,로드 라스젠,0,2020-06-25,개봉영화,호주,90,"460,947","46,094,660",55,"5,523",307993.4,"30,799,340",3462,드라마,15세이상관람가,독립/예술영화
218,걸즈 앤 판처 최종장,미즈시마 츠토무,0,2020-03-12,개봉영화,아시아,11,"460,500","46,050,000",49,"4,850",326510,"32,651,000",3360,애니메이션,12세이상관람가,일반영화
219,사랑이 뭘까,이마이즈미 리키야,0,2020-04-09,개봉영화,아시아,132,"450,205","45,020,480",50,"5,045",318998.2,"31,899,820",3495,멜로/로맨스,15세이상관람가,독립/예술영화
220,온다,나카시마 테츠야,0,2020-03-26,개봉영화,아시아,163,"449,048","44,904,840",55,"5,456",256887.4,"25,688,740",3080,공포(호러),15세이상관람가,독립/예술영화
221,비독: 파리의 황제,장-프랑소와 리셰,0,2020-09-17,개봉영화,유럽,182,"446,617","44,661,660",51,"5,120",220546.1,"22,054,610",2395,액션,15세이상관람가,독립/예술영화
222,젊은이의 양지,신수원,0,2020-10-28,개봉영화,한국,108,"440,828","44,082,770",52,"5,199",287391,"28,739,100",3315,드라마,15세이상관람가,독립/예술영화
223,걸,,0,2021-01-07,개봉영화,유럽,239,"440,535","44,053,510",49,"4,853",216465.7,"21,646,570",2248,드라마,15세이상관람가,독립/예술영화
224,그링고,내쉬 에드게톤,0,2020-03-05,개봉영화,북아메리카,45,"431,895","43,189,500",78,"7,816",379410,"37,941,000",7188,액션,15세이상관람가,독립/예술영화
225,1942: 언노운 배틀,,0,2020-07-29,개봉영화,유럽,121,"430,251","43,025,100",54,"5,399",188969.6,"18,896,960",2354,전쟁,15세이상관람가,일반영화
226,불량한 가족,장재일,0,2020-07-09,개봉영화,한국,161,"415,199","41,519,940",49,"4,872",174103.6,"17,410,360",1889,코미디,12세이상관람가,독립/예술영화
227,공포분자,에드워드 양,0,2020-09-17,개봉영화,기타,52,"411,666","41,166,630",52,"5,218",272004.5,"27,200,450",3330,드라마,15세이상관람가,독립/예술영화
228,에브리타임 아이 다이,로비 마이클,0,2020-10-21,개봉영화,북아메리카,140,"409,830","40,982,970",50,"4,960",215467.7,"21,546,770",2484,미스터리,15세이상관람가,독립/예술영화
229,렛 힘 고,토마스 베주차,1,2020-11-05,개봉영화,북아메리카,47,"408,740","40,874,000",58,"5,800",237925,"23,792,500",3457,범죄,15세이상관람가,독립/예술영화
230,봉쇄수도원 카르투시오,김동일,0,2020-11-19,개봉영화,한국,125,"405,912","40,591,180",48,"4,777",185463.6,"18,546,360",2111,다큐멘터리,전체관람가,독립/예술영화
231,리벤지,코랄리 파르쟈,0,2020-05-06,개봉영화,유럽,143,"402,843","40,284,300",48,"4,814",132245.2,"13,224,520",1552,액션,청소년관람불가,독립/예술영화
232,에이브의 쿠킹 다이어리,,0,2020-06-24,개봉영화,브라질,56,"399,931","39,993,060",52,"5,213",335691,"33,569,100",4365,드라마,전체관람가,독립/예술영화
233,아무도 없다,존 하이암스,0,2020-09-09,개봉영화,북아메리카,122,"389,015","38,901,450",45,"4,478",131576.5,"13,157,650",1556,스릴러,15세이상관람가,독립/예술영화
234,극장판 시로바코,미즈시마 츠토무,0,2020-08-20,개봉영화,아시아,64,"388,496","38,849,610",45,"4,464",163391.1,"16,339,110",1829,애니메이션,12세이상관람가,일반영화
235,팔로우 미,,0,2020-10-22,개봉영화,북아메리카,138,"387,753","38,775,300",47,"4,715",151435,"15,143,500",1809,스릴러,15세이상관람가,일반영화
236,이장,정승오,0,2020-03-25,개봉영화,한국,82,"377,370","37,737,040",47,"4,670",216289.4,"21,628,940",2426,드라마,12세이상관람가,독립/예술영화
237,트랜짓,크리스티안 펫졸드,0,2020-07-02,개봉영화,유럽,42,"376,867","37,686,660",44,"4,429",308964.8,"30,896,480",3517,드라마,12세이상관람가,독립/예술영화
238,지니어스 독,길 정거,0,2020-09-16,개봉영화,북아메리카,142,"374,634","37,463,400",48,"4,828",134037,"13,403,700",1838,코미디,12세이상관람가,일반영화
239,다시 만난 날들,심찬양,0,2020-09-24,개봉영화,한국,105,"372,458","37,245,780",42,"4,176",219554.3,"21,955,430",2284,뮤지컬,12세이상관람가,독립/예술영화
240,베이비티스,,0,2020-10-22,개봉영화,호주,57,"365,831","36,583,130",43,"4,329",262997.3,"26,299,730",3014,코미디,15세이상관람가,독립/예술영화
241,페뷸러스,멜라니 샤르본느,0,2020-11-05,개봉영화,북아메리카,71,"365,723","36,572,280",41,"4,109",255678.7,"25,567,870",2876,코미디,15세이상관람가,독립/예술영화
242,트롤 킹,케빈 먼로,0,2020-10-07,개봉영화,기타,190,"365,200","36,520,010",47,"4,728",56559,"5,655,900",662,애니메이션,전체관람가,일반영화
243,에베레스트,이인항,0,2020-07-22,개봉영화,아시아,142,"364,196","36,419,640",44,"4,356",159198,"15,919,800",1863,액션,15세이상관람가,일반영화
244,프록시마 프로젝트,앨리스 위노코,0,2020-10-15,개봉영화,유럽,86,"363,298","36,329,750",42,"4,185",256248.8,"25,624,880",2845,드라마,12세이상관람가,독립/예술영화
245,극장판 기븐,야마구치 히카루,0,2020-11-26,개봉영화,아시아,103,"361,948","36,194,770",41,"4,127",154664.6,"15,466,460",1651,애니메이션,15세이상관람가,일반영화
246,맹크,데이빗 핀처,1,2020-11-18,개봉영화,북아메리카,100,"360,636","36,063,560",40,"4,036",249348.7,"24,934,870",2735,드라마,15세이상관람가,독립/예술영화
247,들리나요?,"김봉한,신승환",0,2020-06-10,개봉영화,한국,103,"359,111","35,911,140",36,"3,598",151874.8,"15,187,480",1570,다큐멘터리,전체관람가,독립/예술영화
248,트라이얼 오브 더 시카고 7,아론 소킨,1,2020-10-07,개봉영화,북아메리카,103,"358,937","35,893,730",44,"4,412",199149.6,"19,914,960",2338,드라마,15세이상관람가,독립/예술영화
249,슈팅걸스,배효민,0,2020-05-06,개봉영화,한국,207,"358,231","35,823,060",46,"4,587",77147.4,"7,714,740",913,드라마,12세이상관람가,독립/예술영화
250,와일드 시티,론 스캘펠로,0,2020-06-17,개봉영화,유럽,111,"353,102","35,310,180",42,"4,168",155173.8,"15,517,380",1885,액션,청소년관람불가,독립/예술영화
251,부다페스트 스토리,아틸라 사스,0,2020-08-13,개봉영화,유럽,33,"346,615","34,661,490",42,"4,181",203151.6,"20,315,160",2365,스릴러,15세이상관람가,독립/예술영화
252,미스터 보스,김형기,0,2020-12-30,개봉영화,한국,226,"345,166","34,516,640",43,"4,267",82854.8,"8,285,480",1031,드라마,15세이상관람가,일반영화
253,럭키 몬스터,봉준영,0,2020-12-03,개봉영화,한국,101,"345,056","34,505,580",46,"4,626",173519.8,"17,351,980",2255,드라마,청소년관람불가,독립/예술영화
254,고 피쉬!,숀 패트릭 오렐리,0,2020-07-23,개봉영화,북아메리카,138,"339,528","33,952,780",43,"4,338",48776.4,"4,877,640",597,애니메이션,전체관람가,일반영화
255,지옥의 묵시록 파이널 컷,프란시스 포드 코폴라,0,2020-11-26,개봉영화,북아메리카,64,"339,436","33,943,630",37,"3,663",201062,"20,106,200",2104,전쟁,청소년관람불가,독립/예술영화
256,담쟁이,한제이,0,2020-10-28,개봉영화,한국,93,"337,051","33,705,130",43,"4,258",194352.2,"19,435,220",2347,가족,15세이상관람가,독립/예술영화
257,퍼스트 러브,미이케 다카시,0,2020-12-17,개봉영화,아시아,79,"336,305","33,630,500",39,"3,873",191309.5,"19,130,950",2121,범죄,청소년관람불가,독립/예술영화
258,죽이는 여자,애슐리 해밀턴,0,2020-08-23,개봉영화,북아메리카,1,"335,000","33,500,000",66,"6,572",6200,"620,000",572,공포(호러),청소년관람불가,일반영화
259,무협: 더 코드,조니 우,0,2020-06-22,개봉영화,북아메리카,1,"334,880","33,488,040",65,"6,549",5990,"599,000",551,액션,15세이상관람가,일반영화
260,안녕까지 30분,,0,2020-10-14,개봉영화,아시아,115,"334,478","33,447,800",43,"4,305",186225,"18,622,500",2432,판타지,12세이상관람가,독립/예술영화
261,레미: 집 없는 아이,앙트완 블로시에르,0,2020-05-28,개봉영화,유럽,168,"332,424","33,242,380",42,"4,160",149165.6,"14,916,560",1875,가족,전체관람가,독립/예술영화
262,빛의 아버지: 파이널 판타지 XIV,"노구치 테루오,야마모토 키요시",0,2021-01-14,개봉영화,아시아,98,"331,512","33,151,200",35,"3,541",144691,"14,469,100",1543,드라마,전체관람가,독립/예술영화
263,부산행:익스텐디드,연상호,2,2020-07-01,개봉영화,한국,88,"328,085","32,808,500",41,"4,117",137635,"13,763,500",1715,액션,15세이상관람가,일반영화
264,모추어리 컬렉션,,0,2021-01-21,개봉영화,북아메리카,115,"322,418","32,241,800",38,"3,767",121627,"12,162,700",1425,판타지,청소년관람불가,독립/예술영화
265,매지컬: 공주를 웃겨라,정윤철,0,2020-09-17,개봉영화,한국,220,"318,097","31,809,670",41,"4,077",53530.6,"5,353,060",642,애니메이션,전체관람가,일반영화
266,보테로,돈 밀러,0,2020-09-24,개봉영화,북아메리카,34,"313,018","31,301,840",38,"3,805",215370.4,"21,537,040",2406,다큐멘터리,전체관람가,독립/예술영화
267,카메론 포스트의 잘못된 교육,데지레 아카반,0,2020-06-04,개봉영화,북아메리카,108,"312,080","31,208,020",35,"3,541",183535.8,"18,353,580",2063,드라마,15세이상관람가,독립/예술영화
268,로그,M.J. 버세트,0,2020-11-25,개봉영화,북아메리카,180,"312,031","31,203,140",40,"4,012",126135.6,"12,613,560",1571,액션,15세이상관람가,일반영화
269,주식회사 스페셜액터스,우에다 신이치로,0,2020-08-06,개봉영화,아시아,43,"310,334","31,033,440",36,"3,606",220114.4,"22,011,440",2396,코미디,전체관람가,독립/예술영화
270,누군가 어디에서 나를 기다리면 좋겠다,아르노 비야르,0,2020-12-17,개봉영화,유럽,54,"310,036","31,003,550",41,"4,072",217266.8,"21,726,680",2731,드라마,15세이상관람가,독립/예술영화
271,힐빌리의 노래,론 하워드,1,2020-11-11,개봉영화,북아메리카,84,"306,828","30,682,780",36,"3,646",178455,"17,845,500",2071,드라마,청소년관람불가,독립/예술영화
272,어서오시게스트하우스,심요한,0,2020-08-13,개봉영화,한국,58,"306,657","30,665,670",35,"3,468",213100,"21,310,000",2323,드라마,15세이상관람가,독립/예술영화
273,해피 디 데이,켄 마리노,0,2020-07-01,개봉영화,북아메리카,153,"304,938","30,493,800",37,"3,694",120782.2,"12,078,220",1441,코미디,전체관람가,독립/예술영화
274,용길이네 곱창집,정의신,0,2020-03-12,개봉영화,아시아,93,"304,632","30,463,160",38,"3,753",147695,"14,769,500",1846,드라마,15세이상관람가,독립/예술영화
275,스웨그,임성관,0,2020-12-10,개봉영화,한국,118,"303,007","30,300,660",32,"3,214",189715.4,"18,971,540",1998,드라마,15세이상관람가,독립/예술영화
276,카오산 탱고,김범삼,0,2020-07-30,개봉영화,한국,45,"301,669","30,166,860",37,"3,717",219054.6,"21,905,460",2474,드라마,12세이상관람가,독립/예술영화
277,나이브스 아웃,라이언 존슨,0,2019-12-04,개봉영화,북아메리카,686,"300,777","30,077,740",51,"5,081",136819.6,"13,681,960",2319,미스터리,12세이상관람가,일반영화
278,헌티드 파크,타카하시 히로시,0,2020-05-06,개봉영화,아시아,143,"300,474","30,047,360",35,"3,467",74084,"7,408,400",823,공포(호러),15세이상관람가,독립/예술영화
279,썸원 썸웨어,세드릭 클라피쉬,0,2020-04-29,개봉영화,유럽,37,"299,206","29,920,640",36,"3,589",215012.8,"21,501,280",2469,멜로/로맨스,12세이상관람가,독립/예술영화
280,증발,김성민,0,2020-11-12,개봉영화,한국,35,"286,723","28,672,300",39,"3,922",173901,"17,390,100",2154,다큐멘터리,전체관람가,독립/예술영화
281,시라이,,0,2020-07-15,개봉영화,아시아,70,"285,716","28,571,620",33,"3,305",45062.8,"4,506,280",498,공포(호러),15세이상관람가,독립/예술영화
282,비행,조성빈,0,2020-03-19,개봉영화,한국,128,"284,414","28,441,440",33,"3,326",166862,"16,686,200",1881,드라마,15세이상관람가,독립/예술영화
283,마샤와 곰: 최고 중에 최고,,0,2020-10-08,개봉영화,유럽,158,"283,945","28,394,500",35,"3,525",43643,"4,364,300",513,애니메이션,전체관람가,일반영화
284,맨슨 패밀리,앤드류 존스,0,2020-06-15,개봉영화,유럽,1,"279,800","27,980,000",55,"5,532",170200,"17,020,000",3532,공포(호러),15세이상관람가,일반영화
285,호프,마리아 소달,0,2020-12-17,개봉영화,기타,171,"277,220","27,722,010",33,"3,312",108692.7,"10,869,270",1257,드라마,12세이상관람가,독립/예술영화
286,수퍼 소닉,제프 파울러,2,2020-02-12,개봉영화,북아메리카,609,"274,238","27,423,820",34,"3,428",123642,"12,364,200",1469,애니메이션,전체관람가,일반영화
287,루브르박물관 기획특별전,,2,2020-09-16,개봉영화,유럽,22,"274,080","27,408,000",21,"2,110",136465,"13,646,500",1050,다큐멘터리,전체관람가,일반영화
288,모리의 정원,오키타 슈이치,0,2020-03-26,개봉영화,아시아,66,"272,157","27,215,720",32,"3,245",169802.8,"16,980,280",1918,드라마,전체관람가,독립/예술영화
289,메탈리카와 샌프란시스코 심포니,,2,2020-05-20,개봉영화,북아메리카,41,"271,940","27,194,000",15,"1,534",116060,"11,606,000",653,공연,12세이상관람가,일반영화
290,강철비2: 정상회담,양우석,2,2020-07-29,개봉영화,한국,2137,"271,594","27,159,400",103,"10,294",232752,"23,275,200",9807,드라마,15세이상관람가,일반영화
291,리암 갤러거,"찰리 라이트닝,게빈 피츠제럴드",0,2020-03-12,개봉영화,유럽,54,"271,158","27,115,800",27,"2,743",194875,"19,487,500",1837,다큐멘터리,15세이상관람가,독립/예술영화
292,소년시절의 너,증국상,0,2020-07-09,개봉영화,아시아,252,"267,478","26,747,800",40,"3,985",124585,"12,458,500",1790,멜로/로맨스,15세이상관람가,독립/예술영화
293,가을의 마티네,니시타니 히로시,0,2020-12-31,개봉영화,아시아,19,"264,924","26,492,370",40,"4,003",177013.4,"17,701,340",2558,멜로/로맨스,12세이상관람가,독립/예술영화
294,맛있는 녀석들,순 하이펑,0,2020-07-16,개봉영화,아시아,152,"260,450","26,045,040",33,"3,274",38499,"3,849,900",462,애니메이션,전체관람가,독립/예술영화
295,레벨 16,,0,2020-12-10,개봉영화,북아메리카,137,"259,283","25,928,300",29,"2,856",100582.5,"10,058,250",1066,스릴러,15세이상관람가,독립/예술영화
296,태양의 소녀들,에바 허슨,0,2020-10-22,개봉영화,유럽,103,"255,810","25,580,970",30,"2,971",137423.7,"13,742,370",1501,드라마,15세이상관람가,독립/예술영화
297,공수도,채여준,0,2020-04-09,개봉영화,한국,79,"250,895","25,089,500",30,"2,950",75245,"7,524,500",930,액션,15세이상관람가,일반영화
298,포드 V 페라리,제임스 맨골드,2,2019-12-04,개봉영화,북아메리카,986,"244,682","24,468,160",27,"2,655",88527.4,"8,852,740",1048,액션,12세이상관람가,일반영화
299,리골레토,필립 슈톨츨,0,2020-04-05,개봉영화,유럽,6,"244,675","24,467,500",10,996,197416,"19,741,600",803,공연,12세이상관람가,일반영화
300,도미노,브라이언 드 팔마,0,2020-06-11,개봉영화,유럽,113,"242,854","24,285,360",27,"2,730",115973.6,"11,597,360",1293,범죄,15세이상관람가,독립/예술영화
301,타오르는 여인의 초상,셀린 시아마,0,2020-01-16,개봉영화,유럽,120,"234,310","23,430,970",28,"2,848",137669.7,"13,766,970",1623,드라마,15세이상관람가,독립/예술영화
302,블랙아웃 : 인베이젼 어스,예고르 바라노프,0,2020-08-05,개봉영화,유럽,51,"232,754","23,275,420",27,"2,738",129869.4,"12,986,940",1420,SF,15세이상관람가,일반영화
303,프리키 데스데이 순한맛,크리스토퍼 랜던,1,2020-12-10,개봉영화,북아메리카,159,"232,732","23,273,230",25,"2,541",59652.2,"5,965,220",637,코미디,15세이상관람가,일반영화
304,인퍼머스,,0,2020-11-11,개봉영화,북아메리카,135,"230,587","23,058,650",25,"2,499",95179.7,"9,517,970",998,범죄,청소년관람불가,독립/예술영화
305,"안녕, 미누",지혜원,0,2020-05-27,개봉영화,한국,25,"229,665","22,966,500",29,"2,850",163080,"16,308,000",2020,다큐멘터리,12세이상관람가,독립/예술영화
306,글로리아를 위하여,로베르 게디기앙,0,2020-10-29,개봉영화,유럽,36,"228,754","22,875,400",28,"2,833",174531,"17,453,100",2179,드라마,15세이상관람가,독립/예술영화
307,반교: 디텐션,존 쉬,0,2020-08-13,개봉영화,기타,128,"228,741","22,874,120",34,"3,435",137671.2,"13,767,120",2392,공포(호러),15세이상관람가,독립/예술영화
308,사냥의 시간: 데스 게임,아론 머티스,0,2020-06-22,개봉영화,북아메리카,1,"225,015","22,501,520",45,"4,538",5870,"587,000",539,공포(호러),청소년관람불가,일반영화
309,사일런싱,,0,2021-01-28,개봉영화,북아메리카,89,"223,112","22,311,180",29,"2,873",94363.4,"9,436,340",1236,공포(호러),15세이상관람가,일반영화
310,인헤리턴스,,0,2020-06-25,개봉영화,북아메리카,58,"222,570","22,257,000",34,"3,434",157660,"15,766,000",2666,스릴러,15세이상관람가,일반영화
311,악몽,송정우,0,2020-03-12,개봉영화,한국,165,"219,537","21,953,720",26,"2,553",45371.8,"4,537,180",497,미스터리,청소년관람불가,독립/예술영화
312,고양이와 할아버지,미츠아키 이와고,0,2020-04-23,개봉영화,아시아,71,"217,493","21,749,340",26,"2,577",123091.4,"12,309,140",1445,드라마,전체관람가,독립/예술영화
313,그리드,마이클 윈터바텀,0,2020-10-15,개봉영화,유럽,66,"214,095","21,409,500",24,"2,411",144517,"14,451,700",1546,코미디,15세이상관람가,독립/예술영화
314,후쿠오카,장률,0,2020-08-27,개봉영화,한국,101,"212,970","21,296,980",26,"2,620",105810,"10,581,000",1277,드라마,15세이상관람가,독립/예술영화
315,피원에이치 : 새로운 세계의 시작,창,2,2020-10-08,개봉영화,한국,87,"211,092","21,109,200",23,"2,284",120312,"12,031,200",1223,드라마,15세이상관람가,일반영화
316,레전더리 콘서트: 헤르베르트 폰 카라얀,헤르베르트 폰 카라얀,0,2020-11-01,개봉영화,유럽,15,"209,760","20,976,000",7,730,128990,"12,899,000",429,공연,전체관람가,일반영화
317,엠마,어텀 드 와일드,1,2020-02-27,개봉영화,유럽,18,"209,065","20,906,500",29,"2,927",134020,"13,402,000",1803,코미디,12세이상관람가,독립/예술영화
318,런 보이 런,오원재,0,2020-05-28,개봉영화,한국,25,"208,937","20,893,740",30,"2,956",113860.2,"11,386,020",1536,드라마,15세이상관람가,일반영화
319,조커,토드 필립스,1,2019-10-02,개봉영화,북아메리카,1418,"207,455","20,745,500",21,"2,078",107085,"10,708,500",1071,액션,15세이상관람가,일반영화
320,열혈형사,윤여창,0,2020-06-18,개봉영화,한국,121,"205,400","20,539,960",25,"2,492",73810,"7,381,000",850,코미디,12세이상관람가,일반영화
321,고양이 집사,이희섭,0,2020-05-14,개봉영화,한국,49,"204,722","20,472,240",24,"2,399",113968.2,"11,396,820",1287,다큐멘터리,전체관람가,독립/예술영화
322,나를 구하지 마세요,정연경,0,2020-09-10,개봉영화,한국,79,"204,038","20,403,800",23,"2,334",105382.2,"10,538,220",1140,드라마,12세이상관람가,독립/예술영화
323,후쿠오카,장률,0,2020-08-27,개봉영화,한국,101,"202,495","20,249,540",24,"2,444",133730.7,"13,373,070",1455,드라마,15세이상관람가,독립/예술영화
324,토스카,,0,2020-12-01,개봉영화,유럽,4,"201,759","20,175,850",7,684,139522.5,"13,952,250",437,공연,12세이상관람가,일반영화
325,나인스 게이트: 아홉 번째 살인,니콜라이 콤메리키,0,2020-11-04,개봉영화,유럽,93,"199,437","19,943,650",22,"2,235",88403.8,"8,840,380",962,어드벤처,15세이상관람가,일반영화
326,광주비디오: 사라진 4시간,이조훈,0,2020-07-16,개봉영화,한국,70,"198,405","19,840,480",26,"2,615",83129.8,"8,312,980",1033,다큐멘터리,12세이상관람가,독립/예술영화
327,포기와 베스,,0,2020-10-06,개봉영화,북아메리카,7,"198,239","19,823,900",8,786,146636,"14,663,600",582,공연,12세이상관람가,일반영화
328,너의 새는 노래할 수 있어,미야케 쇼,0,2020-04-16,개봉영화,아시아,37,"197,619","19,761,900",22,"2,172",153420.4,"15,342,040",1590,멜로/로맨스,15세이상관람가,독립/예술영화
329,셰이프 오브 뮤직: 알렉상드르 데스플라,파스칼 쾨노,0,2020-08-13,개봉영화,유럽,30,"195,611","19,561,110",23,"2,263",141520.5,"14,152,050",1565,다큐멘터리,전체관람가,독립/예술영화
330,69세,임선애,0,2020-08-20,개봉영화,한국,105,"195,515","19,551,500",26,"2,570",134420,"13,442,000",1676,드라마,15세이상관람가,독립/예술영화
331,더 시크릿,유발 애들러,0,2021-01-21,개봉영화,유럽,72,"195,349","19,534,860",28,"2,796",86177.7,"8,617,770",1273,스릴러,15세이상관람가,독립/예술영화
332,얼론,조니 마틴,0,2020-11-18,개봉영화,북아메리카,189,"194,743","19,474,290",23,"2,294",70690.1,"7,069,010",794,액션,15세이상관람가,독립/예술영화
333,큰엄마의 미친봉고,백승환,0,2021-01-21,개봉영화,한국,67,"193,447","19,344,740",28,"2,802",74309.1,"7,430,910",1096,코미디,12세이상관람가,일반영화
334,그 누구도 아닌,아르노 데 팔리에르,0,2020-03-26,개봉영화,유럽,74,"190,510","19,051,000",23,"2,319",127306.8,"12,730,680",1537,드라마,15세이상관람가,독립/예술영화
335,버든: 세상을 바꾸는 힘,앤드류 헤클러,0,2020-11-25,개봉영화,북아메리카,82,"187,806","18,780,570",23,"2,281",110707.7,"11,070,770",1294,드라마,15세이상관람가,독립/예술영화
336,알피니스트 - 어느 카메라맨의 고백,"임일진,김민철",0,2020-10-15,개봉영화,한국,21,"187,624","18,762,430",23,"2,316",119440.3,"11,944,030",1451,다큐멘터리,12세이상관람가,독립/예술영화
337,코마,,0,2020-11-12,개봉영화,유럽,46,"187,395","18,739,450",26,"2,563",121109.5,"12,110,950",1652,SF,15세이상관람가,독립/예술영화
338,"하이, 젝시","존 루카스,스콧 무어",0,2020-02-19,개봉영화,북아메리카,205,"186,960","18,696,000",30,"2,969",74265,"7,426,500",1219,코미디,15세이상관람가,일반영화
339,우리가 이별 뒤에 알게 되는 것들,아이스링 친-이,0,2020-09-30,개봉영화,북아메리카,37,"185,797","18,579,740",23,"2,257",119463.4,"11,946,340",1353,드라마,12세이상관람가,독립/예술영화
340,보이콰이어,프랑소아 지라드,0,2020-05-14,개봉영화,북아메리카,74,"185,091","18,509,080",22,"2,220",113682.2,"11,368,220",1319,드라마,전체관람가,독립/예술영화
341,내언니전지현과 나,박윤진,0,2020-12-03,개봉영화,한국,36,"183,583","18,358,300",21,"2,142",133070.3,"13,307,030",1454,다큐멘터리,12세이상관람가,독립/예술영화
342,첫키스만 50번째,후쿠다 유이치,0,2020-03-26,개봉영화,아시아,117,"183,366","18,336,560",22,"2,212",83162,"8,316,200",975,코미디,12세이상관람가,독립/예술영화
343,핀란드 메탈밴드,,0,2020-04-09,개봉영화,유럽,59,"180,222","18,022,180",22,"2,227",131467.4,"13,146,740",1634,코미디,15세이상관람가,독립/예술영화
344,파라다이스 힐스,앨리스 웨딩턴,0,2020-03-19,개봉영화,유럽,109,"178,552","17,855,200",20,"2,046",103605.2,"10,360,520",1103,판타지,12세이상관람가,독립/예술영화
345,엑설런트 어드벤쳐 3,딘 패리소트,0,2020-11-19,개봉영화,북아메리카,54,"178,330","17,832,980",34,"3,351",70649.4,"7,064,940",1275,어드벤처,12세이상관람가,일반영화
346,관계의 가나다에 있는 우리는,이인의,0,2021-01-28,개봉영화,한국,39,"176,581","17,658,070",24,"2,380",117247.7,"11,724,770",1499,드라마,전체관람가,독립/예술영화
347,베토벤 프로젝트,존 노이마이어,0,2020-07-12,개봉영화,유럽,13,"176,390","17,639,000",10,"1,021",130130,"13,013,000",774,공연,전체관람가,일반영화
348,모든 것을 벗어던진 특별한 여행,,0,2020-07-29,개봉영화,호주,51,"176,357","17,635,660",22,"2,183",120867,"12,086,700",1467,코미디,15세이상관람가,독립/예술영화
349,숀더쉽 더 무비: 꼬마 외계인 룰라!,"리처드 펠런,윌 베처",0,2020-02-19,개봉영화,유럽,270,"175,867","17,586,660",25,"2,502",45393,"4,539,300",646,애니메이션,전체관람가,일반영화
350,레전더리 콘서트: 카를로스 클라이버,카를로스 클라이버,0,2020-12-02,개봉영화,유럽,14,"171,300","17,130,000",6,583,115030,"11,503,000",381,공연,전체관람가,일반영화
351,사랑이 눈뜰 때,마이클 메일러,0,2020-08-26,개봉영화,북아메리카,92,"168,378","16,837,770",22,"2,197",74713.4,"7,471,340",967,드라마,12세이상관람가,독립/예술영화
352,공포체험라디오 4DX,서정희,2,2020-09-16,개봉영화,한국,37,"166,040","16,604,000",18,"1,794",60995,"6,099,500",650,공포(호러),15세이상관람가,일반영화
353,웰컴 투 X-월드,한태의,0,2020-10-29,개봉영화,한국,23,"165,224","16,522,400",21,"2,064",127609,"12,760,900",1444,다큐멘터리,전체관람가,독립/예술영화
354,용루각: 비정도시,최상훈,0,2020-12-03,개봉영화,한국,22,"163,082","16,308,210",27,"2,740",60687.5,"6,068,750",1024,액션,청소년관람불가,일반영화
355,제이티 르로이,,0,2021-01-21,개봉영화,북아메리카,93,"162,667","16,266,700",20,"1,977",81159,"8,115,900",969,드라마,15세이상관람가,독립/예술영화
356,킬 스위치,,0,2020-07-01,개봉영화,북아메리카,51,"162,609","16,260,900",32,"3,230",63609,"6,360,900",1250,SF,15세이상관람가,일반영화
357,행복의 단추를 채우는 완벽한 방법,칼 헌터,0,2020-04-02,개봉영화,유럽,55,"162,501","16,250,120",20,"1,955",108440.8,"10,844,080",1280,코미디,12세이상관람가,독립/예술영화
358,기도의 힘,알렉스 켄드릭,0,2020-04-09,개봉영화,북아메리카,69,"161,932","16,193,200",20,"2,042",72365.4,"7,236,540",923,드라마,12세이상관람가,독립/예술영화
359,송 오브 러브,,0,2020-09-10,개봉영화,기타,48,"161,341","16,134,080",31,"3,133",56676,"5,667,600",1069,드라마,12세이상관람가,일반영화
360,위 섬온 더 다크니스,,0,2020-09-17,개봉영화,북아메리카,49,"161,013","16,101,320",31,"3,131",54328,"5,432,800",1053,공포(호러),청소년관람불가,일반영화
361,함께 있을 수 있다면,끌로드 베리,0,2020-12-24,개봉영화,유럽,30,"158,766","15,876,610",21,"2,053",92772.1,"9,277,210",1185,멜로/로맨스,12세이상관람가,독립/예술영화
362,걸즈 앤 판처 제? 63회 전차도 전국 고교생 대회,미즈시마 츠토무,0,2020-04-09,개봉영화,아시아,11,"154,655","15,465,500",17,"1,667",104145,"10,414,500",1102,애니메이션,12세이상관람가,일반영화
363,캐리비안 해적과 마법 다이아몬드,라스무스 A. 실버르센,0,2020-08-26,개봉영화,유럽,138,"153,683","15,368,320",19,"1,944",29539.4,"2,953,940",353,애니메이션,전체관람가,일반영화
364,찬실이는 복도 많지,김초희,0,2020-03-05,개봉영화,한국,241,"151,594","15,159,370",16,"1,635",107755.7,"10,775,570",1050,드라마,전체관람가,독립/예술영화
365,래시 컴 홈,올더디센 하노,0,2021-01-07,개봉영화,유럽,13,"150,225","15,022,450",25,"2,498",84053,"8,405,300",1392,가족,전체관람가,독립/예술영화
366,프린세스 에미: 마법 책의 비밀,피엣 드 라이커,0,2020-11-26,개봉영화,유럽,133,"145,558","14,555,780",19,"1,871",14604,"1,460,400",181,애니메이션,전체관람가,일반영화
367,극장판 시티헌터: 신주쿠 프라이빗 아이즈,코다마 켄지,0,2020-06-18,개봉영화,아시아,64,"143,190","14,319,000",21,"2,052",65955,"6,595,500",912,애니메이션,12세이상관람가,독립/예술영화
368,마담 버터플라이,,0,2020-05-05,개봉영화,북아메리카,6,"143,049","14,304,900",6,564,100872,"10,087,200",396,공연,전체관람가,일반영화
369,파리 오페라 발레단,"티에리 데마이지에르,알반 테우를라이",0,2020-06-11,개봉영화,유럽,18,"142,875","14,287,540",18,"1,805",109580.4,"10,958,040",1341,다큐멘터리,전체관람가,독립/예술영화
370,태백권,최상훈,0,2020-08-20,개봉영화,한국,62,"142,478","14,247,800",20,"1,972",59920,"5,992,000",941,코미디,15세이상관람가,일반영화
371,팡파레,이돈구,0,2020-07-09,개봉영화,한국,24,"141,420","14,141,980",16,"1,635",104069.8,"10,406,980",1100,드라마,청소년관람불가,독립/예술영화
372,마치다군의 세계,이시이 유야,0,2020-11-12,개봉영화,아시아,44,"141,242","14,124,170",15,"1,483",105928,"10,592,800",1076,멜로/로맨스,전체관람가,독립/예술영화
373,범털,강태호,0,2020-05-14,개봉영화,한국,48,"140,236","14,023,560",17,"1,741",30092.6,"3,009,260",340,범죄,15세이상관람가,독립/예술영화
374,네 멋대로 해라: 장 뤽 고다르,미셀 하자나비시우스,0,2020-03-19,개봉영화,유럽,93,"138,296","13,829,600",17,"1,690",80296.6,"8,029,660",978,코미디,15세이상관람가,독립/예술영화
375,피가로의 결혼,그레이엄 빅,0,2020-05-01,개봉영화,유럽,4,"136,955","13,695,500",5,530,97035,"9,703,500",325,공연,12세이상관람가,일반영화
376,프리즈너,양길영,0,2020-07-23,개봉영화,한국,49,"136,424","13,642,360",17,"1,681",40754.8,"4,075,480",490,액션,15세이상관람가,일반영화
377,블러드샷,데이브 윌슨,1,2020-05-21,개봉영화,북아메리카,8,"135,680","13,568,000",18,"1,806",86760,"8,676,000",1212,액션,15세이상관람가,일반영화
378,김일성의 아이들,김덕영,0,2020-06-25,개봉영화,한국,13,"130,685","13,068,500",17,"1,666",95195,"9,519,500",1233,다큐멘터리,전체관람가,독립/예술영화
379,컨택트 2020,,0,2020-07-15,개봉영화,북아메리카,1,"130,170","13,017,000",26,"2,576",49170,"4,917,000",956,SF,12세이상관람가,일반영화
380,큐리오사,루 주네,0,2020-08-06,개봉영화,유럽,19,"129,698","12,969,800",15,"1,480",82381,"8,238,100",875,드라마,청소년관람불가,독립/예술영화
381,제인의 썸머,송은주,0,2020-06-18,개봉영화,한국,43,"125,755","12,575,500",22,"2,182",110945,"11,094,500",2013,멜로/로맨스,청소년관람불가,일반영화
382,뮤직 앤 리얼리티,"빅 포니,스티브 리",0,2020-12-23,개봉영화,한국,38,"122,814","12,281,390",14,"1,409",85066.2,"8,506,620",946,드라마,12세이상관람가,독립/예술영화
383,살로메,로메오 카스텔루치,0,2020-09-20,개봉영화,유럽,8,"122,236","12,223,600",5,486,89218,"8,921,800",347,공연,15세이상관람가,일반영화
384,그날이 온다,크리스토퍼 모리스,0,2020-12-09,개봉영화,유럽,105,"122,019","12,201,850",14,"1,361",56510,"5,651,000",594,코미디,15세이상관람가,독립/예술영화
385,얼굴없는 보스: 못다한 이야기 감독판,임성용,0,2020-05-13,개봉영화,한국,50,"121,572","12,157,200",17,"1,662",22878.4,"2,287,840",332,범죄,15세이상관람가,일반영화
386,겨울밤에,장우진,0,2020-12-10,개봉영화,한국,49,"120,840","12,083,970",14,"1,425",78355.7,"7,835,570",869,드라마,12세이상관람가,독립/예술영화
387,아르코라이브 뮤지컬 안테모사,"이정민,오미선",0,2020-03-25,개봉영화,한국,16,"120,595","12,059,500",10,"1,016",64050,"6,405,000",536,공연,전체관람가,일반영화
388,바람의 언덕,박석영,0,2020-04-23,개봉영화,한국,28,"120,549","12,054,900",17,"1,718",75054,"7,505,400",1078,드라마,전체관람가,독립/예술영화
389,우리집 똥멍청이,이반 아탈,0,2020-07-22,개봉영화,유럽,79,"119,836","11,983,600",15,"1,459",32652,"3,265,200",396,코미디,15세이상관람가,독립/예술영화
390,스왈로우,카를로 미라벨라 데이비스,0,2020-07-03,개봉영화,북아메리카,10,"119,800","11,980,000",15,"1,520",74860,"7,486,000",951,미스터리,15세이상관람가,독립/예술영화
391,라이어트: 기계들의 역습,,0,2020-12-23,개봉영화,북아메리카,52,"119,759","11,975,900",23,"2,283",103509,"10,350,900",1958,SF,15세이상관람가,일반영화
392,싸커 퀸즈,모하메드 하미디,0,2020-05-27,개봉영화,유럽,57,"119,326","11,932,580",15,"1,524",83757.4,"8,375,740",1075,코미디,12세이상관람가,독립/예술영화
393,반도,연상호,2,2020-07-15,개봉영화,한국,2575,"118,210","11,821,000",18,"1,768",93260,"9,326,000",1440,액션,15세이상관람가,일반영화
394,벌새,김보라,0,2019-08-29,개봉영화,한국,145,"117,724","11,772,400",14,"1,439",87245,"8,724,500",995,드라마,15세이상관람가,독립/예술영화
395,아이 빌리브,,0,2020-11-05,개봉영화,북아메리카,75,"117,576","11,757,600",14,"1,433",50825,"5,082,500",607,드라마,전체관람가,일반영화
396,피아니스트의 전설,쥬세페 토르나토레,0,2020-01-01,개봉영화,유럽,69,"116,535","11,653,460",23,"2,272",63389.6,"6,338,960",1231,드라마,15세이상관람가,독립/예술영화
397,세비야의 이발사,,0,2020-03-03,개봉영화,유럽,5,"115,805","11,580,500",4,421,62245,"6,224,500",207,공연,전체관람가,일반영화
398,지옥의 오르페,"베리 코스키,마이클 베이어",0,2020-10-25,개봉영화,유럽,7,"114,791","11,479,100",5,460,87814,"8,781,400",353,공연,청소년관람불가,일반영화
399,크루아상,조성규,0,2021-01-21,개봉영화,한국,42,"114,635","11,463,450",12,"1,221",70073.1,"7,007,310",736,드라마,12세이상관람가,독립/예술영화
400,엠티맨,,2,2020-11-19,개봉영화,북아메리카,100,"113,141","11,314,120",13,"1,266",49678.1,"4,967,810",556,공포(호러),15세이상관람가,일반영화
401,코드 8,,0,2020-07-02,개봉영화,북아메리카,82,"112,414","11,241,360",14,"1,362",33379.6,"3,337,960",400,SF,15세이상관람가,일반영화
402,피델리오,,0,2020-05-31,개봉영화,유럽,7,"112,308","11,230,800",5,455,81943,"8,194,300",330,공연,전체관람가,일반영화
403,아웃사이더,"가한진,후닝 유안",0,2020-04-02,개봉영화,아시아,96,"110,273","11,027,280",14,"1,355",44978.6,"4,497,860",548,기타,청소년관람불가,독립/예술영화
404,빈폴,칸테미르 발라고프,0,2020-02-27,개봉영화,유럽,33,"109,310","10,931,000",14,"1,369",82388.2,"8,238,820",1006,드라마,15세이상관람가,독립/예술영화
405,다니엘 이즌 리얼,아담 이집트 모티머,0,2020-04-09,개봉영화,북아메리카,36,"109,140","10,914,000",12,"1,221",59420,"5,942,000",635,스릴러,청소년관람불가,독립/예술영화
406,라스트 프론티어,,0,2021-01-14,개봉영화,유럽,20,"108,245","10,824,500",18,"1,840",88419,"8,841,900",1606,전쟁,15세이상관람가,독립/예술영화
407,어트랙션,"만스 말린드,비욘 스테인",0,2020-09-17,개봉영화,유럽,101,"108,076","10,807,570",13,"1,286",44520.8,"4,452,080",522,드라마,12세이상관람가,독립/예술영화
408,극장판 미니특공대: 공룡왕 디노,이영준,0,2020-02-06,개봉영화,한국,485,"107,920","10,792,040",15,"1,451",7695,"769,500",96,애니메이션,전체관람가,일반영화
409,스카이와 친구들: 로보시티의 비밀,,0,2020-12-10,개봉영화,기타,83,"107,657","10,765,680",14,"1,394",12597,"1,259,700",145,애니메이션,전체관람가,일반영화
410,황무지 5월의 고해,김태영,0,2020-10-28,개봉영화,한국,39,"106,245","10,624,500",13,"1,314",67880,"6,788,000",824,드라마,15세이상관람가,독립/예술영화
411,디어 마이 지니어스,구윤주,0,2020-10-22,개봉영화,한국,14,"105,824","10,582,400",18,"1,807",47489,"4,748,900",711,다큐멘터리,전체관람가,독립/예술영화
412,비홀드 마이 하트,조슈아 레오나드,0,2020-05-21,개봉영화,북아메리카,47,"104,673","10,467,300",12,"1,240",77314.8,"7,731,480",911,드라마,12세이상관람가,독립/예술영화
413,페인티드 버드,,0,2020-03-26,개봉영화,유럽,12,"104,043","10,404,280",11,"1,103",97639,"9,763,900",1024,드라마,청소년관람불가,독립/예술영화
414,겨울왕국 2,"크리스 벅,제니퍼 리",2,2019-11-21,개봉영화,북아메리카,2648,"103,877","10,387,700",16,"1,577",54631.8,"5,463,180",799,애니메이션,전체관람가,일반영화
415,앙상블,정형석,0,2020-11-05,개봉영화,한국,52,"103,766","10,376,610",11,"1,140",64125.4,"6,412,540",678,드라마,12세이상관람가,독립/예술영화
416,포스 오브 네이쳐,마이클 폴리쉬,0,2020-07-01,개봉영화,북아메리카,46,"101,802","10,180,160",15,"1,478",56502.8,"5,650,280",871,액션,15세이상관람가,일반영화
417,레전더리 콘서트: 레너드 번스타인,,0,2021-01-03,개봉영화,유럽,12,"101,325","10,132,500",4,366,67165,"6,716,500",229,공연,전체관람가,일반영화
418,욕창,심혜정,0,2020-07-02,개봉영화,한국,17,"100,676","10,067,580",13,"1,288",64700.8,"6,470,080",736,드라마,12세이상관람가,독립/예술영화
419,예티: 신비한 동물 탐험대,"피에르 그레코,낸시 플로렌스 사바드",0,2020-10-08,개봉영화,북아메리카,78,"100,322","10,032,160",13,"1,307",10230,"1,023,000",131,애니메이션,전체관람가,독립/예술영화
420,투란도트,프랑코 제피렐리,0,2020-02-08,개봉영화,북아메리카,5,"100,125","10,012,500",4,379,73530,"7,353,000",278,공연,12세이상관람가,일반영화
421,그녀의 비밀정원,김인식,0,2020-04-22,개봉영화,한국,79,"99,669","9,966,880",13,"1,254",29058.6,"2,905,860",375,드라마,15세이상관람가,독립/예술영화
422,라 보엠,,0,2020-11-29,개봉영화,유럽,7,"97,194","9,719,400",4,379,70690,"7,069,000",278,공연,전체관람가,일반영화
423,어쩌다 아스널,줄리엔 라페뉴,0,2020-05-13,개봉영화,유럽,85,"95,649","9,564,880",12,"1,211",37812.4,"3,781,240",500,드라마,전체관람가,독립/예술영화
424,마지막 휴가,노거경,0,2020-12-10,개봉영화,한국,11,"95,610","9,561,000",12,"1,164",63190,"6,319,000",790,기타,15세이상관람가,독립/예술영화
425,기억의 전쟁,이길보라,0,2020-02-27,개봉영화,한국,14,"95,163","9,516,300",12,"1,164",77781,"7,778,100",875,다큐멘터리,12세이상관람가,독립/예술영화
426,백두산,"이해준,김병서",2,2019-12-19,개봉영화,한국,19,"94,700","9,470,000",10,972,0,0,0,어드벤처,12세이상관람가,일반영화
427,1945: 포인트 오브 노 리턴,릭 로버츠,0,2020-06-24,개봉영화,유럽,47,"93,442","9,344,180",14,"1,369",28619.4,"2,861,940",392,전쟁,15세이상관람가,일반영화
428,킬러맨,말릭 베이더,0,2020-08-13,개봉영화,북아메리카,25,"91,923","9,192,300",11,"1,121",55383,"5,538,300",690,액션,청소년관람불가,일반영화
429,국도극장: 감독판,전지희,0,2020-05-29,개봉영화,한국,1,"90,460","9,046,000",11,"1,106",63050,"6,305,000",700,드라마,12세이상관람가,독립/예술영화
430,스킨,기 나티브,0,2020-03-19,개봉영화,북아메리카,34,"88,252","8,825,160",11,"1,120",58181.6,"5,818,160",754,드라마,청소년관람불가,독립/예술영화
431,사랑의 묘약,,0,2020-06-02,개봉영화,유럽,5,"87,400","8,740,000",3,319,67845,"6,784,500",229,공연,12세이상관람가,일반영화
432,왕과 나: 런던 팔라디움 극장 뮤지컬,게리 할버슨,2,2020-04-29,개봉영화,유럽,12,"87,370","8,737,000",5,510,46725,"4,672,500",276,공연,전체관람가,일반영화
433,히트맨,최원섭,2,2020-01-22,개봉영화,한국,1122,"86,896","8,689,600",10,958,44780,"4,478,000",463,코미디,15세이상관람가,일반영화
434,래드윔프스 안티 안티 제너레이션 2019,,0,2020-11-05,개봉영화,아시아,27,"85,490","8,549,000",5,475,38875,"3,887,500",216,공연,전체관람가,일반영화
435,구르는 수레바퀴,문정윤,0,2020-09-23,개봉영화,한국,4,"85,100","8,510,000",11,"1,072",84190,"8,419,000",1060,가족,12세이상관람가,독립/예술영화
436,버즈 오브 프레이(할리 퀸의 황홀한 해방),캐시 얀,1,2020-02-05,개봉영화,북아메리카,963,"84,228","8,422,800",10,957,70750,"7,075,000",806,액션,15세이상관람가,일반영화
437,구직자들,황승재,0,2020-11-12,개봉영화,한국,29,"84,047","8,404,650",9,920,59210.8,"5,921,080",631,SF,전체관람가,독립/예술영화
438,바다로 가자,김량,0,2020-06-18,개봉영화,한국,15,"83,625","8,362,500",12,"1,245",64585,"6,458,500",977,가족,전체관람가,독립/예술영화
439,팔리아치,마리오 마르토네,0,2020-07-03,개봉영화,유럽,5,"83,547","8,354,650",3,316,48636,"4,863,600",162,공연,12세이상관람가,일반영화
440,꿀벌과 천둥,이시카와 케이,0,2020-10-29,개봉영화,아시아,35,"82,706","8,270,600",9,923,40411,"4,041,100",431,드라마,전체관람가,독립/예술영화
441,리메인,김민경,0,2020-08-27,개봉영화,한국,45,"82,207","8,220,700",10,965,43482,"4,348,200",476,드라마,청소년관람불가,독립/예술영화
442,장 미쉘 바스키아: 더 레이디언트 차일드,탐라 데이비스,2,2020-12-09,개봉영화,북아메리카,18,"79,791","7,979,100",9,869,53813,"5,381,300",580,다큐멘터리,12세이상관람가,일반영화
443,파도를 걷는 소년,최창환,0,2020-05-14,개봉영화,한국,25,"79,542","7,954,220",9,943,48372.2,"4,837,220",518,드라마,15세이상관람가,독립/예술영화
444,해피 해피 레스토랑,후카가와 요시히로,0,2020-05-14,개봉영화,아시아,24,"79,401","7,940,120",10,"1,009",66758,"6,675,800",855,가족,전체관람가,독립/예술영화
445,어게인,조창열,0,2020-07-30,개봉영화,한국,22,"78,995","7,899,500",10,"1,012",62650,"6,265,000",773,뮤지컬,12세이상관람가,독립/예술영화
446,마농,로랑 펠리,0,2020-03-31,개봉영화,북아메리카,5,"78,943","7,894,300",3,336,66547,"6,654,700",284,공연,12세이상관람가,일반영화
447,족벌 두 신문 이야기,"김용진,박중석",0,2021-01-01,개봉영화,한국,10,"78,794","7,879,400",10,"1,030",56214,"5,621,400",686,다큐멘터리,12세이상관람가,독립/예술영화
448,438일,예스퍼 갠스란트,0,2021-01-21,개봉영화,기타,40,"78,728","7,872,810",10,"1,000",41084.1,"4,108,410",500,드라마,15세이상관람가,독립/예술영화
449,산티아고의 흰 지팡이,이종은,0,2020-03-19,개봉영화,한국,21,"77,995","7,799,460",10,"1,006",57920.6,"5,792,060",708,다큐멘터리,전체관람가,독립/예술영화
450,아이리시맨,마틴 스코세이지,0,2019-11-20,개봉영화,북아메리카,68,"77,477","7,747,740",16,"1,554",35338.2,"3,533,820",694,범죄,청소년관람불가,독립/예술영화
451,요요현상,고두현,0,2021-01-14,개봉영화,한국,27,"76,958","7,695,840",8,804,53316.4,"5,331,640",516,다큐멘터리,전체관람가,독립/예술영화
452,체이싱,,0,2020-04-23,개봉영화,유럽,60,"76,931","7,693,060",10,"1,005",19275,"1,927,500",254,액션,15세이상관람가,일반영화
453,시체들의 새벽: 컨테이젼,헥터 헤르난데즈 비센스,0,2020-04-09,개봉영화,유럽,52,"76,519","7,651,860",9,875,26909.2,"2,690,920",298,공포(호러),청소년관람불가,일반영화
454,"이별유예, 일주일",김규현,0,2020-12-09,개봉영화,한국,29,"75,860","7,586,000",8,779,33865,"3,386,500",348,드라마,15세이상관람가,일반영화
455,에듀케이션,김덕중,0,2020-11-26,개봉영화,한국,23,"75,107","7,510,670",9,886,55304.7,"5,530,470",598,드라마,12세이상관람가,독립/예술영화
456,마라가 큰 결정을 해야 해,로버트 루케틱,0,2021-01-07,개봉영화,북아메리카,79,"74,759","7,475,940",9,856,28308,"2,830,800",321,멜로/로맨스,15세이상관람가,일반영화
457,시크릿 가든,마크 먼든,0,2020-08-19,개봉영화,유럽,267,"72,640","7,264,000",9,865,56145,"5,614,500",696,드라마,전체관람가,독립/예술영화
458,해머 오브 갓,파렌 블랙번,0,2020-11-25,개봉영화,유럽,42,"71,755","7,175,470",10,960,24490,"2,449,000",314,액션,청소년관람불가,독립/예술영화
459,극장판 시로바코,미즈시마 츠토무,0,2020-08-20,개봉영화,아시아,64,"70,159","7,015,880",8,803,50184,"5,018,400",569,애니메이션,12세이상관람가,일반영화
460,나의이름,허동우,0,2020-10-14,개봉영화,한국,38,"69,975","6,997,500",8,833,48195,"4,819,500",560,멜로/로맨스,12세이상관람가,독립/예술영화
461,조쉬 그로반: 브리지스 뉴욕 매디슨스퀘어가든 콘서트,,2,2020-05-20,개봉영화,유럽,20,"69,885","6,988,500",4,395,29470,"2,947,000",165,공연,전체관람가,일반영화
462,마음에 부는 바람,윤석호,0,2020-11-05,개봉영화,아시아,13,"69,530","6,953,000",8,805,63455,"6,345,500",739,기타,12세이상관람가,독립/예술영화
463,O.J. 심슨 사건 파일,다니엘 패런즈,0,2020-08-05,개봉영화,북아메리카,50,"69,060","6,906,000",14,"1,374",51660,"5,166,000",1026,스릴러,청소년관람불가,일반영화
464,리메인,김민경,0,2020-08-27,개봉영화,한국,45,"67,099","6,709,900",9,932,13409,"1,340,900",156,드라마,청소년관람불가,독립/예술영화
465,하이큐!! 땅 VS 하늘,미츠나카 스스무,0,2020-01-23,개봉영화,아시아,82,"66,717","6,671,700",9,873,41438,"4,143,800",512,애니메이션,전체관람가,일반영화
466,나의 작은 동무,,0,2021-01-14,개봉영화,기타,40,"65,264","6,526,440",8,777,34245.7,"3,424,570",358,드라마,12세이상관람가,독립/예술영화
467,낙엽귀근,장양,0,2020-09-24,개봉영화,아시아,23,"62,599","6,259,880",8,777,38934,"3,893,400",460,코미디,15세이상관람가,독립/예술영화
468,천사는 바이러스,김성준,0,2021-01-06,개봉영화,한국,44,"61,157","6,115,710",8,816,24048.1,"2,404,810",278,드라마,15세이상관람가,독립/예술영화
469,래미의 드래곤월드 구출작전,웨이밍 황,0,2020-07-16,개봉영화,아시아,65,"60,673","6,067,340",8,779,6345,"634,500",74,애니메이션,전체관람가,일반영화
470,프리저베이션홀 재즈밴드,"T.G. 헤링턴,대니 클린치",0,2020-04-02,개봉영화,북아메리카,30,"60,173","6,017,260",7,707,39670,"3,967,000",453,다큐멘터리,전체관람가,독립/예술영화
471,남산의 부장들,우민호,2,2020-01-22,개봉영화,한국,1659,"59,045","5,904,520",7,723,25602.6,"2,560,260",315,드라마,15세이상관람가,일반영화
472,선생님과 길고양이,후카가와 요시히로,0,2020-04-09,개봉영화,아시아,53,"58,608","5,860,820",7,730,32480.8,"3,248,080",401,코미디,전체관람가,독립/예술영화
473,아메리칸 잡,마크 스티븐 존슨,0,2020-09-03,개봉영화,북아메리카,36,"58,477","5,847,720",22,"2,156",26252.6,"2,625,260",332,범죄,15세이상관람가,일반영화
474,결혼 이야기,노아 바움백,0,2019-11-27,개봉영화,유럽,83,"57,831","5,783,100",12,"1,174",31898.2,"3,189,820",650,멜로/로맨스,15세이상관람가,독립/예술영화
475,모탈: 레전드 오브 토르,안드레 외브레달,0,2020-07-09,개봉영화,기타,28,"57,421","5,742,080",8,808,39861,"3,986,100",590,액션,12세이상관람가,독립/예술영화
476,아틸라,,0,2020-04-03,개봉영화,유럽,5,"56,500","5,650,000",2,204,40920,"4,092,000",134,공연,15세이상관람가,일반영화
477,유쾌한 과부,다미아노 미키엘레토,0,2020-10-02,개봉영화,유럽,4,"55,130","5,513,000",2,211,31545,"3,154,500",102,공연,12세이상관람가,일반영화
478,펠리칸 베이커리,,0,2020-04-02,개봉영화,아시아,28,"54,921","5,492,140",7,665,37801.4,"3,780,140",449,다큐멘터리,전체관람가,독립/예술영화
479,초능력소년사건,채수응,0,2020-05-28,개봉영화,아시아,12,"53,059","5,305,920",6,580,49324.2,"4,932,420",520,드라마,12세이상관람가,독립/예술영화
480,윤희에게,임대형,0,2019-11-14,개봉영화,한국,317,"52,410","5,241,000",7,743,35225,"3,522,500",481,멜로/로맨스,12세이상관람가,독립/예술영화
481,마농 레스코,,0,2020-08-03,개봉영화,유럽,5,"52,407","5,240,650",2,159,36650,"3,665,000",113,공연,12세이상관람가,일반영화
482,쉬 네버 다이,오드리 커밍스,0,2020-04-02,개봉영화,북아메리카,41,"52,247","5,224,700",6,631,21545.2,"2,154,520",268,스릴러,청소년관람불가,독립/예술영화
483,치어리딩 클럽,자라 헤이즈,0,2020-09-10,개봉영화,북아메리카,35,"51,452","5,145,240",7,672,32513,"3,251,300",421,코미디,12세이상관람가,독립/예술영화
484,장마,"이용남,음정현",0,2020-02-27,개봉영화,한국,1,"50,310","5,031,000",10,"1,007",50140,"5,014,000",990,다큐멘터리,전체관람가,독립/예술영화
485,동아시아반일무장전선,김미례,0,2020-08-20,개봉영화,한국,23,"49,405","4,940,500",6,606,37190,"3,719,000",429,다큐멘터리,15세이상관람가,독립/예술영화
486,로맨틱 코미디,,0,2020-12-03,개봉영화,북아메리카,28,"49,195","4,919,540",6,592,32152,"3,215,200",355,다큐멘터리,12세이상관람가,독립/예술영화
487,기도의 막이 내릴 때,후쿠자와 카츠오,0,2020-05-14,개봉영화,아시아,33,"48,745","4,874,540",6,601,26973,"2,697,300",323,드라마,15세이상관람가,독립/예술영화
488,백년의 기억,피에르 올리비에 프랑수아,0,2020-06-11,개봉영화,유럽,6,"48,635","4,863,500",7,713,28250,"2,825,000",343,다큐멘터리,전체관람가,독립/예술영화
489,나의 인생여행,,0,2020-12-10,개봉영화,유럽,31,"48,222","4,822,210",6,603,26823.4,"2,682,340",327,드라마,15세이상관람가,독립/예술영화
490,전쟁,요크 샤클톤,0,2020-12-30,개봉영화,북아메리카,35,"47,629","4,762,860",7,708,11909.4,"1,190,940",170,액션,15세이상관람가,일반영화
491,내 사랑 찾기,,0,2020-10-22,개봉영화,북아메리카,38,"45,573","4,557,300",6,560,20433,"2,043,300",249,멜로/로맨스,12세이상관람가,독립/예술영화
492,뮤지컬 버드나무에 부는 바람,,0,2020-10-07,개봉영화,유럽,11,"44,765","4,476,500",3,254,26115,"2,611,500",148,뮤지컬,전체관람가,일반영화
493,늙은 부부이야기: 스테이지 무비,신태연,0,2020-08-19,개봉영화,한국,16,"43,965","4,396,500",4,432,28620,"2,862,000",303,공연,12세이상관람가,독립/예술영화
494,귀여운 남자,김정욱,0,2021-01-14,개봉영화,한국,41,"43,765","4,376,470",5,546,11593.7,"1,159,370",136,코미디,15세이상관람가,독립/예술영화
495,최미역행,판위린,0,2020-11-25,개봉영화,아시아,20,"43,505","4,350,500",6,553,22040,"2,204,000",289,드라마,12세이상관람가,독립/예술영화
496,쓰루 더 파이어,,0,2020-07-23,개봉영화,유럽,23,"43,418","4,341,760",6,602,29463,"2,946,300",395,드라마,15세이상관람가,독립/예술영화
497,캐리비안 해적과 마법 다이아몬드,라스무스 A. 실버르센,0,2020-08-26,개봉영화,유럽,138,"43,127","4,312,660",6,563,6156,"615,600",77,애니메이션,전체관람가,일반영화
498,블러드 킬,제임스 쿨렌 브레삭,0,2020-09-28,개봉영화,북아메리카,50,"42,835","4,283,500",8,829,6035,"603,500",93,범죄,15세이상관람가,일반영화
499,무협강호,,0,2020-11-13,개봉영화,아시아,48,"42,300","4,230,000",8,824,6300,"630,000",104,액션,12세이상관람가,일반영화
500,플레인 하이스트,앤드류 로렌스,0,2020-09-29,개봉영화,북아메리카,50,"42,110","4,211,000",9,851,12000,"1,200,000",240,액션,15세이상관람가,일반영화
501,이별식당,임왕태,0,2020-08-27,개봉영화,한국,24,"42,106","4,210,560",5,530,28814,"2,881,400",352,뮤지컬,12세이상관람가,독립/예술영화
502,메피스토,김동후,0,2020-09-10,개봉영화,한국,30,"40,549","4,054,900",5,502,27109,"2,710,900",324,드라마,15세이상관람가,독립/예술영화
503,파이널 킬,저스틴 리,0,2020-09-21,개봉영화,북아메리카,49,"40,460","4,046,000",8,804,3660,"366,000",68,액션,15세이상관람가,일반영화
504,도둑까치,,0,2020-11-03,개봉영화,유럽,4,"39,656","3,965,600",2,153,26335,"2,633,500",93,공연,전체관람가,일반영화
505,뮤지컬 남극 탐험가는 나를 좋아해,데이빗 혼,0,2020-09-16,개봉영화,북아메리카,16,"39,400","3,940,000",2,219,20510,"2,051,000",114,뮤지컬,15세이상관람가,일반영화
506,이 마스나디에리,데이비드 맥비커,0,2020-09-01,개봉영화,유럽,3,"36,041","3,604,050",2,153,20815.5,"2,081,550",74,공연,12세이상관람가,일반영화
507,여름날,오정석,0,2020-08-20,개봉영화,한국,12,"35,180","3,517,980",4,424,26429.8,"2,642,980",305,드라마,전체관람가,독립/예술영화
508,테우리,이난,0,2020-07-09,개봉영화,한국,16,"35,060","3,505,980",4,419,28949.8,"2,894,980",343,드라마,15세이상관람가,독립/예술영화
509,슈퍼펫,벤 스미스,0,2020-08-13,개봉영화,유럽,5,"35,000","3,500,000",7,700,0,0,0,애니메이션,전체관람가,독립/예술영화
510,사랑이 눈뜰 때,마이클 메일러,0,2020-08-26,개봉영화,북아메리카,92,"34,843","3,484,300",5,498,16863,"1,686,300",228,드라마,12세이상관람가,독립/예술영화
511,선샤인 패밀리,김태식,0,2020-12-31,개봉영화,한국,26,"34,806","3,480,570",4,414,21720.7,"2,172,070",245,드라마,12세이상관람가,독립/예술영화
512,골든맨,빈센조 알피리,0,2021-01-27,개봉영화,유럽,25,"33,266","3,326,600",4,441,9556,"955,600",130,범죄,15세이상관람가,독립/예술영화
513,이십일세기 소녀,야마토 유키,0,2020-09-03,개봉영화,아시아,20,"32,794","3,279,400",4,382,26554,"2,655,400",292,드라마,15세이상관람가,독립/예술영화
514,루비,박한진,0,2020-07-30,개봉영화,한국,12,"32,629","3,262,900",4,380,29154,"2,915,400",329,드라마,12세이상관람가,독립/예술영화
515,워터 릴리스,셀린 시아마,0,2020-08-13,개봉영화,유럽,89,"32,555","3,255,500",4,367,23755,"2,375,500",265,드라마,15세이상관람가,독립/예술영화
516,메기,이옥섭,0,2019-09-26,개봉영화,한국,155,"32,500","3,250,000",4,414,25010,"2,501,000",301,미스터리,15세이상관람가,독립/예술영화
517,퀸 오브 아이스,안네 세비스퀴,0,2020-03-26,개봉영화,유럽,36,"31,098","3,109,840",4,419,17468.8,"1,746,880",239,드라마,15세이상관람가,독립/예술영화
518,두 교황,페르난도 메이렐레스,0,2019-12-11,개봉영화,북아메리카,66,"30,498","3,049,820",6,596,17672.8,"1,767,280",337,드라마,12세이상관람가,독립/예술영화
519,사라센의 칼,임재영,0,2021-01-14,개봉영화,한국,14,"30,450","3,045,000",3,348,20809,"2,080,900",217,드라마,15세이상관람가,독립/예술영화
520,킹 오브 프리즘 올 스타즈 -프리즘 쇼☆베스트10-,히시다 마사카즈,0,2020-04-02,개봉영화,아시아,55,"30,320","3,032,010",4,366,18786,"1,878,600",216,애니메이션,12세이상관람가,일반영화
521,게임의 법칙: 인간사냥,이수성,0,2021-01-28,개봉영화,한국,20,"30,110","3,011,000",4,381,12565,"1,256,500",155,스릴러,청소년관람불가,일반영화
522,하트,정가영,0,2020-02-27,개봉영화,한국,11,"29,465","2,946,500",4,368,24075,"2,407,500",287,드라마,청소년관람불가,독립/예술영화
523,동아시아반일무장전선,김미례,0,2020-08-20,개봉영화,한국,23,"29,050","2,905,000",4,386,25000,"2,500,000",326,다큐멘터리,15세이상관람가,독립/예술영화
524,시체들의 새벽,조지 A. 로메로,0,2020-04-15,개봉영화,북아메리카,8,"28,912","2,891,200",3,327,26583,"2,658,300",298,공포(호러),15세이상관람가,독립/예술영화
525,페인 앤 글로리,페드로 알모도바르,0,2020-02-05,개봉영화,유럽,198,"27,119","2,711,920",3,312,25084.2,"2,508,420",284,드라마,청소년관람불가,독립/예술영화
526,머리카락,이미해,0,2020-12-10,개봉영화,한국,12,"26,467","2,646,670",3,298,19900.7,"1,990,070",210,다큐멘터리,전체관람가,독립/예술영화
527,스윈들러,이동환,0,2020-10-08,개봉영화,한국,16,"26,340","2,634,000",3,330,16545,"1,654,500",201,드라마,15세이상관람가,독립/예술영화
528,"오늘, 우리 2","양재준,이나연,이준섭,여장천",0,2021-01-21,개봉영화,한국,14,"26,332","2,633,200",3,317,20652,"2,065,200",234,드라마,12세이상관람가,독립/예술영화
529,국도극장,전지희,0,2020-05-29,개봉영화,한국,7,"25,810","2,581,000",3,337,14010,"1,401,000",171,드라마,12세이상관람가,독립/예술영화
530,16세의 사운드트랙,힐러리 셰익스피어,0,2020-07-02,개봉영화,유럽,19,"24,604","2,460,400",3,286,15029,"1,502,900",165,코미디,12세이상관람가,독립/예술영화
531,낮손님,박세민,0,2020-04-15,개봉영화,한국,19,"24,045","2,404,500",3,345,20370,"2,037,000",286,코미디,청소년관람불가,일반영화
532,보체크,윌리엄 켄트리지,0,2020-08-18,개봉영화,북아메리카,6,"23,179","2,317,900",1,100,18521,"1,852,100",80,공연,12세이상관람가,일반영화
533,인플루언서,오영근,0,2020-11-25,개봉영화,한국,7,"22,929","2,292,900",2,229,17390,"1,739,000",164,다큐멘터리,전체관람가,일반영화
534,마티아스와 막심,자비에 돌란,0,2020-07-23,개봉영화,북아메리카,91,"22,810","2,281,000",2,211,21940,"2,194,000",197,드라마,15세이상관람가,독립/예술영화
535,엽문 리부트 2020,이입명,0,2020-11-26,개봉영화,아시아,24,"22,778","2,277,770",3,302,3639,"363,900",48,액션,12세이상관람가,독립/예술영화
536,래미와 친구들: 푸른푸른 초원의 위기,웨이밍 황,0,2020-07-30,개봉영화,아시아,18,"22,526","2,252,600",3,304,3741,"374,100",47,애니메이션,전체관람가,일반영화
537,문신을 한 신부님,얀 코마사,0,2020-02-13,개봉영화,유럽,57,"22,284","2,228,360",3,257,15313.6,"1,531,360",177,드라마,15세이상관람가,독립/예술영화
538,밤쉘: 세상을 바꾼 폭탄선언,제이 로치,0,2020-07-08,개봉영화,북아메리카,882,"21,960","2,196,000",4,430,21800,"2,180,000",428,드라마,15세이상관람가,독립/예술영화
539,더 워닝,다니엘 칼파소로,0,2020-05-06,개봉영화,유럽,32,"20,685","2,068,500",4,448,7205,"720,500",140,스릴러,15세이상관람가,독립/예술영화
540,더 테러리스트,,0,2020-02-26,개봉영화,기타,17,"20,410","2,041,000",3,274,16386,"1,638,600",214,범죄,15세이상관람가,독립/예술영화
541,데드워터,,0,2020-05-28,개봉영화,북아메리카,10,"20,000","2,000,000",4,400,0,0,0,스릴러,15세이상관람가,독립/예술영화
542,이웃의 아내,아론 하비,0,2020-05-26,개봉영화,북아메리카,10,"20,000","2,000,000",4,400,0,0,0,스릴러,15세이상관람가,독립/예술영화
543,붉은 눈,,0,2020-12-24,개봉영화,아시아,5,"19,654","1,965,370",4,379,15653.7,"1,565,370",299,미스터리,청소년관람불가,독립/예술영화
544,맨슨 패밀리,앤드류 존스,0,2020-06-15,개봉영화,유럽,1,"19,420","1,942,000",19,"1,864",19410,"1,941,000",1863,공포(호러),15세이상관람가,일반영화
545,"시, 나리오",김동원,0,2020-07-02,개봉영화,한국,18,"19,280","1,928,000",2,243,9395,"939,500",104,드라마,15세이상관람가,독립/예술영화
546,소년 아메드,"장 피에르 다르덴,뤽 다르덴",0,2020-07-30,개봉영화,유럽,82,"19,195","1,919,500",4,373,17300,"1,730,000",341,드라마,12세이상관람가,독립/예술영화
547,무협: 더 코드,조니 우,0,2020-06-22,개봉영화,북아메리카,1,"18,880","1,888,000",18,"1,822",18870,"1,887,000",1821,액션,15세이상관람가,일반영화
548,사냥의 시간: 데스 게임,아론 머티스,0,2020-06-22,개봉영화,북아메리카,1,"18,690","1,869,000",18,"1,799",18680,"1,868,000",1798,공포(호러),청소년관람불가,일반영화
549,이 멋진 세계에 축복을! 붉은 전설,카나사키 타카오미,0,2020-02-06,개봉영화,아시아,57,"18,554","1,855,400",2,213,18554,"1,855,400",213,애니메이션,15세이상관람가,일반영화
550,7월7일,손승현,0,2020-09-02,개봉영화,한국,18,"18,466","1,846,560",2,219,12835.8,"1,283,580",145,드라마,12세이상관람가,독립/예술영화
551,개 같은 것들,최종학,0,2020-12-17,개봉영화,한국,2,"17,970","1,797,000",2,207,17650,"1,765,000",203,드라마,청소년관람불가,일반영화
552,"집에 돌아오면, 언제나 아내가 죽은 척을 하고있다",리 토시오,0,2020-02-20,개봉영화,아시아,34,"17,469","1,746,920",2,211,15449.2,"1,544,920",181,멜로/로맨스,12세이상관람가,독립/예술영화
553,이별식당,임왕태,0,2020-08-27,개봉영화,한국,24,"17,242","1,724,180",2,224,10945,"1,094,500",136,뮤지컬,12세이상관람가,독립/예술영화
554,디노소어 어드벤쳐,,0,2021-01-27,개봉영화,북아메리카,26,"17,181","1,718,070",2,227,4220,"422,000",56,어드벤처,15세이상관람가,일반영화
555,이별의 목적,이건우,0,2020-09-10,개봉영화,한국,15,"16,905","1,690,470",2,214,9975,"997,500",124,멜로/로맨스,12세이상관람가,독립/예술영화
556,애니멀 크래커,토니 밴크로프트,0,2020-08-05,개봉영화,북아메리카,473,"16,764","1,676,400",2,240,13640,"1,364,000",195,애니메이션,전체관람가,독립/예술영화
557,벌새,김보라,0,2019-08-29,개봉영화,한국,145,"16,700","1,670,000",2,227,4840,"484,000",65,드라마,15세이상관람가,독립/예술영화
558,여름날,오정석,0,2020-08-20,개봉영화,한국,12,"16,185","1,618,500",2,239,7915,"791,500",98,드라마,전체관람가,독립/예술영화
559,잠자는 숲 속의 미녀,마리우스 프티파,0,2020-05-02,개봉영화,유럽,3,"16,170","1,617,000",1,76,9600,"960,000",39,공연,전체관람가,일반영화
560,벨빌 캅,라시드 부샤렙,0,2020-06-25,개봉영화,유럽,5,"16,005","1,600,500",2,202,10420,"1,042,000",131,범죄,15세이상관람가,독립/예술영화
561,나이트 언데드,,0,2021-01-27,개봉영화,북아메리카,20,"15,850","1,585,000",3,311,12100,"1,210,000",236,미스터리,15세이상관람가,일반영화
562,덩케르크 이스케이프,,0,2020-08-20,개봉영화,유럽,13,"15,729","1,572,900",2,217,6864,"686,400",87,전쟁,15세이상관람가,독립/예술영화
563,젊은 모녀,왕지방,0,2020-09-10,개봉영화,한국,20,"15,620","1,562,000",3,269,6690,"669,000",125,멜로/로맨스,청소년관람불가,일반영화
564,용감한 토끼 당당이,증헌림,0,2020-12-17,개봉영화,아시아,5,"15,500","1,550,000",3,310,0,0,0,애니메이션,전체관람가,독립/예술영화
565,브레이크,,0,2020-05-20,개봉영화,유럽,5,"15,000","1,500,000",3,300,0,0,0,스릴러,15세이상관람가,독립/예술영화
566,탱크 투 베를린,,0,2020-12-23,개봉영화,유럽,16,"14,987","1,498,740",2,204,8778,"877,800",98,액션,15세이상관람가,독립/예술영화
567,일 트로바토레,프랑코 제피렐리,0,2020-01-12,개봉영화,유럽,5,"14,850","1,485,000",1,56,6180,"618,000",25,공연,전체관람가,일반영화
568,너와 파도를 탈 수 있다면,유아사 마사아키,1,2020-07-08,개봉영화,아시아,257,"14,210","1,421,000",1,135,14210,"1,421,000",135,애니메이션,12세이상관람가,독립/예술영화
569,세트플레이,문승욱,0,2020-12-10,개봉영화,한국,16,"13,630","1,363,000",2,170,5845,"584,500",72,드라마,청소년관람불가,독립/예술영화
570,좋은 여자,전규환,0,2020-05-28,개봉영화,한국,5,"12,170","1,217,000",2,163,9685,"968,500",125,드라마,청소년관람불가,독립/예술영화
571,아르코라이브 의자 고치는 여인,,0,2020-05-20,개봉영화,한국,6,"12,055","1,205,500",1,102,10295,"1,029,500",86,공연,12세이상관람가,일반영화
572,이장,정승오,0,2020-03-25,개봉영화,한국,82,"11,960","1,196,000",2,208,1000,"100,000",12,드라마,12세이상관람가,독립/예술영화
573,누드모델의 목적,,0,2020-04-03,개봉영화,한국,10,"11,830","1,183,000",2,244,11410,"1,141,000",229,멜로/로맨스,청소년관람불가,일반영화
574,환각섹스,,0,2020-04-03,개봉영화,한국,10,"11,830","1,183,000",2,244,11410,"1,141,000",229,멜로/로맨스,청소년관람불가,일반영화
575,블라인드 파트너,이로운,0,2020-03-19,개봉영화,한국,18,"11,810","1,181,000",2,242,11410,"1,141,000",229,멜로/로맨스,청소년관람불가,일반영화
576,스폰서 X,에로핑,0,2020-03-27,개봉영화,한국,18,"11,810","1,181,000",2,242,11410,"1,141,000",229,멜로/로맨스,청소년관람불가,일반영화
577,새엄마의 목적,이로운,0,2020-03-19,개봉영화,한국,17,"11,800","1,180,000",2,241,11410,"1,141,000",229,멜로/로맨스,청소년관람불가,일반영화
578,아크나텐,,0,2020-07-07,개봉영화,북아메리카,5,"11,713","1,171,300",1,50,8293,"829,300",35,공연,전체관람가,일반영화
579,사마에게,"와드 알-카팁,에드워드 와츠",0,2020-01-23,개봉영화,유럽,75,"11,699","1,169,860",1,125,11368.6,"1,136,860",121,다큐멘터리,15세이상관람가,독립/예술영화
580,야구소녀,최윤태,0,2020-06-18,개봉영화,한국,264,"11,690","1,169,000",2,222,1000,"100,000",19,드라마,12세이상관람가,독립/예술영화
581,좀비파이터,임지환,0,2020-04-16,개봉영화,한국,5,"11,370","1,137,000",1,136,8010,"801,000",88,공포(호러),15세이상관람가,독립/예술영화
582,터칭 더 보이드,케빈 맥도널드,0,2020-09-24,개봉영화,유럽,8,"11,306","1,130,640",2,162,8816.6,"881,660",126,다큐멘터리,12세이상관람가,독립/예술영화
583,초대받은 배달부,이상수,0,2021-01-01,개봉영화,한국,20,"10,660","1,066,000",2,179,7200,"720,000",126,멜로/로맨스,청소년관람불가,일반영화
584,마농 레스코,,0,2020-08-03,개봉영화,유럽,5,"10,335","1,033,500",1,69,3295,"329,500",22,공연,12세이상관람가,일반영화
585,더 듀얼,,0,2020-11-19,개봉영화,북아메리카,5,"10,000","1,000,000",2,200,0,0,0,범죄,청소년관람불가,독립/예술영화
586,런 위드 더 헌티드,,0,2020-11-04,개봉영화,북아메리카,5,"10,000","1,000,000",2,200,0,0,0,범죄,15세이상관람가,독립/예술영화
587,犬견 : 버려진 아이들,서하늘,0,2020-10-18,개봉영화,한국,1,"9,960","996,000",3,315,0,0,0,범죄,15세이상관람가,독립/예술영화
588,18 섹시퀸 유진의 섹스 스캔들,최진철,0,2020-11-13,개봉영화,한국,20,"9,680","968,000",2,169,6660,"666,000",125,멜로/로맨스,청소년관람불가,일반영화
589,불륜의 세계,신성진,0,2020-07-10,개봉영화,한국,20,"9,650","965,000",2,169,6600,"660,000",123,기타,청소년관람불가,일반영화
590,구멍동서,이상수,0,2020-07-20,개봉영화,한국,20,"9,610","961,000",2,169,6600,"660,000",123,기타,청소년관람불가,일반영화
591,용주골 2,김종석,0,2020-11-12,개봉영화,한국,20,"9,600","960,000",2,169,6630,"663,000",125,멜로/로맨스,청소년관람불가,일반영화
592,천년여우 구미호,최환,0,2020-12-03,개봉영화,한국,11,"9,570","957,000",2,231,9140,"914,000",188,멜로/로맨스,청소년관람불가,일반영화
593,관전녀2,김종석,0,2020-11-06,개봉영화,한국,20,"9,550","955,000",2,169,6630,"663,000",125,멜로/로맨스,청소년관람불가,일반영화
594,음란 과외 3,김종석,0,2020-11-26,개봉영화,한국,20,"9,540","954,000",2,171,6670,"667,000",127,멜로/로맨스,청소년관람불가,일반영화
595,셰이프 오브 뮤직: 알렉상드르 데스플라,파스칼 쾨노,0,2020-08-13,개봉영화,유럽,30,"9,494","949,370",1,102,7453.7,"745,370",73,다큐멘터리,전체관람가,독립/예술영화
596,이모의유혹3,원명준,0,2020-05-29,개봉영화,한국,20,"9,460","946,000",2,169,6690,"669,000",125,멜로/로맨스,청소년관람불가,일반영화
597,어린 그녀,정태준,0,2020-04-09,개봉영화,한국,20,"9,430","943,000",2,169,6640,"664,000",125,멜로/로맨스,청소년관람불가,일반영화
598,젊은엄마5,정도수,0,2020-04-08,개봉영화,한국,20,"9,430","943,000",2,169,6640,"664,000",125,멜로/로맨스,청소년관람불가,일반영화
599,주인집 딸,계장혁,0,2020-05-07,개봉영화,한국,21,"9,420","942,000",2,170,6640,"664,000",125,멜로/로맨스,청소년관람불가,일반영화
600,금의위 3인의 무사,등연성,0,2021-01-21,개봉영화,아시아,20,"9,410","941,000",2,210,9030,"903,000",172,액션,15세이상관람가,독립/예술영화
601,옆집소녀4,원명준,0,2020-07-03,개봉영화,한국,19,"9,400","940,000",2,169,6640,"664,000",125,멜로/로맨스,청소년관람불가,일반영화
602,기색충,김종석,0,2020-09-10,개봉영화,한국,25,"9,400","940,000",2,174,6630,"663,000",125,멜로/로맨스,청소년관람불가,일반영화
603,섹스의 세계,김종석,0,2020-09-17,개봉영화,한국,25,"9,400","940,000",2,174,6630,"663,000",125,멜로/로맨스,청소년관람불가,일반영화
604,초대녀 3,김종석,0,2020-12-10,개봉영화,한국,20,"9,400","940,000",2,169,6700,"670,000",126,멜로/로맨스,청소년관람불가,일반영화
605,극장판 원피스 스탬피드,,0,2020-02-13,개봉영화,아시아,372,"9,400","939,960",1,97,9319.6,"931,960",96,애니메이션,전체관람가,일반영화
606,그녀의 모유는 백신,정미나,0,2020-08-21,개봉영화,한국,20,"9,370","937,000",2,170,6630,"663,000",125,성인물(에로),청소년관람불가,일반영화
607,몽정 : 파는여자,왕지방,0,2020-04-09,개봉영화,한국,20,"9,360","936,000",2,169,6630,"663,000",125,멜로/로맨스,청소년관람불가,일반영화
608,주부남편의 발기찬 바깥생활,정미나,0,2020-07-31,개봉영화,한국,20,"9,350","935,000",2,169,6630,"663,000",125,성인물(에로),청소년관람불가,일반영화
609,미세스 잘주리 미스 안주리,김종석,0,2021-01-07,개봉영화,한국,21,"9,350","935,000",2,170,6630,"663,000",125,멜로/로맨스,청소년관람불가,일반영화
610,애완남,김종석,0,2020-10-23,개봉영화,한국,20,"9,350","935,000",2,169,6630,"663,000",125,멜로/로맨스,청소년관람불가,일반영화
611,어린 엄마4,김종석,0,2020-10-23,개봉영화,한국,20,"9,350","935,000",2,169,6630,"663,000",125,멜로/로맨스,청소년관람불가,일반영화
612,처제가 왜 거기서 나와?,김종석,0,2020-12-23,개봉영화,한국,20,"9,350","935,000",2,169,6630,"663,000",125,멜로/로맨스,청소년관람불가,일반영화
613,형수 길들이기,정태준,0,2020-10-07,개봉영화,한국,20,"9,350","935,000",2,169,6630,"663,000",125,멜로/로맨스,청소년관람불가,일반영화
614,막내 처제 2,정진호,0,2020-03-12,개봉영화,한국,20,"9,330","933,000",2,169,6660,"666,000",126,멜로/로맨스,청소년관람불가,일반영화
615,여선생3,최성은,0,2020-03-20,개봉영화,한국,20,"9,330","933,000",2,169,6660,"666,000",126,기타,청소년관람불가,일반영화
616,어린 처제 4,계장혁,0,2020-03-19,개봉영화,한국,20,"9,310","931,000",2,169,6660,"666,000",126,멜로/로맨스,청소년관람불가,일반영화
617,에이리,오오토모 케이시,0,2021-01-22,개봉영화,아시아,1,"9,265","926,540",1,86,9265.4,"926,540",86,미스터리,15세이상관람가,독립/예술영화
618,아르코 라이브 완창판소리프로젝트2 강산제수궁가,,0,2020-04-14,개봉영화,한국,7,"9,170","917,000",1,77,1980,"198,000",17,공연,전체관람가,일반영화
619,두 번째 엄마-불륜정사,최환,0,2020-12-03,개봉영화,한국,20,"9,120","912,000",2,191,9030,"903,000",182,멜로/로맨스,청소년관람불가,일반영화
620,딸의 친구 5,계장혁,0,2020-04-23,개봉영화,한국,20,"8,830","883,000",2,167,6040,"604,000",122,멜로/로맨스,청소년관람불가,일반영화
621,새아가,계장혁,0,2020-04-23,개봉영화,한국,20,"8,830","883,000",2,167,6040,"604,000",122,멜로/로맨스,청소년관람불가,일반영화
622,카잔자키스,,0,2020-01-30,개봉영화,기타,21,"8,771","877,060",1,100,8770.6,"877,060",100,드라마,12세이상관람가,독립/예술영화
623,죽이는 여자,애슐리 해밀턴,0,2020-08-23,개봉영화,북아메리카,1,"8,710","871,000",8,823,8710,"871,000",823,공포(호러),청소년관람불가,일반영화
624,할로윈: 살인마 잭,앤드류 존스,0,2020-07-21,개봉영화,유럽,1,"8,690","869,000",8,821,8690,"869,000",821,공포(호러),15세이상관람가,일반영화
625,기도하는 남자,강동헌,0,2020-02-20,개봉영화,한국,34,"8,505","850,500",1,139,4825,"482,500",73,드라마,15세이상관람가,독립/예술영화
626,블러드: 궁금한 이야기,,0,2020-06-15,개봉영화,유럽,1,"8,420","842,000",8,818,8410,"841,000",817,공포(호러),15세이상관람가,일반영화
627,피그테일:피그테일과 거미소녀 그리고 레슬링,"카이야 토시히사,유아사 마사아키",0,2020-07-09,개봉영화,아시아,12,"8,230","823,000",1,105,6390,"639,000",81,애니메이션,15세이상관람가,독립/예술영화
628,사내정사: 은밀한 회의실,이두희,0,2020-04-24,개봉영화,한국,20,"8,210","821,000",2,165,6040,"604,000",122,드라마,청소년관람불가,일반영화
629,카르멘,,0,2020-06-03,개봉영화,유럽,6,"8,200","820,000",0,37,4820,"482,000",20,공연,12세이상관람가,일반영화
630,어서오시게스트하우스,심요한,0,2020-08-13,개봉영화,한국,58,"7,760","776,000",1,105,2090,"209,000",27,드라마,15세이상관람가,독립/예술영화
631,백년의 기억,피에르 올리비에 프랑수아,0,2020-06-11,개봉영화,유럽,6,"7,550","755,000",1,149,240,"24,000",4,다큐멘터리,전체관람가,독립/예술영화
632,미스터 주: 사라진 VIP,김태윤,1,2020-01-22,개봉영화,한국,692,"7,500","750,000",2,150,4500,"450,000",90,코미디,12세이상관람가,일반영화
633,설화,최형렬,0,2020-04-16,개봉영화,한국,4,"7,430","743,000",1,129,3000,"300,000",60,스릴러,15세이상관람가,독립/예술영화
634,기묘한 이야기: 리플레이,,0,2020-08-23,개봉영화,북아메리카,1,"7,380","738,000",7,696,7380,"738,000",696,어드벤처,15세이상관람가,일반영화
635,좀비캠프,데이빗 마탈론,0,2020-09-25,개봉영화,북아메리카,5,"7,000","700,000",1,140,3000,"300,000",60,스릴러,청소년관람불가,독립/예술영화
636,장모님들의 사랑,왕지방,0,2020-05-13,개봉영화,한국,20,"6,890","689,000",1,138,6160,"616,000",123,멜로/로맨스,청소년관람불가,일반영화
637,더 프린세스 : 도둑맞은 공주,올레말라므,0,2020-08-12,개봉영화,유럽,423,"6,736","673,600",1,92,0,0,0,애니메이션,전체관람가,일반영화
638,외출 3,구재은,0,2020-09-28,개봉영화,한국,19,"6,720","672,000",1,134,2090,"209,000",42,멜로/로맨스,청소년관람불가,일반영화
639,화끈한 미용실,김춘수,0,2020-09-09,개봉영화,한국,20,"6,720","672,000",1,134,6090,"609,000",122,멜로/로맨스,청소년관람불가,일반영화
640,배달노출2 : 초대남과 좋아죽는 와이프,공자관,0,2020-05-29,개봉영화,한국,20,"6,530","653,000",1,138,6040,"604,000",122,성인물(에로),청소년관람불가,일반영화
641,가자 장미여관으로 4,최우성,0,2020-05-28,개봉영화,한국,20,"6,500","650,000",1,138,6040,"604,000",122,멜로/로맨스,청소년관람불가,일반영화
642,구멍 교환,김종석,0,2020-08-27,개봉영화,한국,20,"6,500","650,000",1,138,6030,"603,000",122,멜로/로맨스,청소년관람불가,일반영화
643,나는 야한 여자가 좋다 4,김종석,0,2020-07-30,개봉영화,한국,20,"6,500","650,000",1,138,6030,"603,000",122,멜로/로맨스,청소년관람불가,일반영화
644,마누라 공유하기,계장혁,0,2020-08-13,개봉영화,한국,20,"6,500","650,000",1,138,6030,"603,000",122,멜로/로맨스,청소년관람불가,일반영화
645,어린 구멍,김종석,0,2020-08-13,개봉영화,한국,20,"6,500","650,000",1,138,6030,"603,000",122,멜로/로맨스,청소년관람불가,일반영화
646,김비서는 정말 왜 그럴까?,김종석,0,2020-09-03,개봉영화,한국,20,"6,500","650,000",1,138,6030,"603,000",122,멜로/로맨스,청소년관람불가,일반영화
647,가슴 큰 연주,이동준,0,2020-06-16,개봉영화,한국,20,"6,470","647,000",1,110,3700,"370,000",66,멜로/로맨스,청소년관람불가,일반영화
648,어린 여동생2,이정석,0,2020-04-03,개봉영화,한국,20,"6,450","645,000",1,110,3660,"366,000",66,멜로/로맨스,청소년관람불가,일반영화
649,작은 소망,전우성,0,2020-08-13,개봉영화,아시아,151,"6,400","640,000",1,128,6400,"640,000",128,코미디,12세이상관람가,독립/예술영화
650,친구누나들,이정석,0,2020-03-20,개봉영화,한국,20,"6,390","639,000",1,110,3660,"366,000",66,멜로/로맨스,청소년관람불가,일반영화
651,어린과부,한동호,0,2020-08-11,개봉영화,한국,20,"6,370","637,000",1,110,3630,"363,000",65,멜로/로맨스,청소년관람불가,일반영화
652,예민한 모녀,성운아,0,2020-07-28,개봉영화,한국,20,"6,330","633,000",1,110,3630,"363,000",65,멜로/로맨스,청소년관람불가,일반영화
653,부다페스트 스토리,아틸라 사스,0,2020-08-13,개봉영화,유럽,33,"6,005","600,500",1,83,4520,"452,000",64,스릴러,15세이상관람가,독립/예술영화
654,피델리티,니기나 사이풀라에바,0,2020-04-15,개봉영화,유럽,1,"5,760","576,000",1,64,5760,"576,000",64,드라마,청소년관람불가,독립/예술영화
655,판타스틱 썸머,,0,2020-06-25,개봉영화,북아메리카,5,"5,685","568,540",1,78,4425.6,"442,560",62,드라마,15세이상관람가,독립/예술영화
656,슈윙! 블루 노트 레코드 스토리,에릭 프리에들러,0,2020-03-19,개봉영화,유럽,2,"5,560","556,000",1,60,5560,"556,000",60,다큐멘터리,12세이상관람가,독립/예술영화
657,바람의 언덕,박석영,0,2020-04-23,개봉영화,한국,28,"5,510","551,000",1,76,60,"6,000",1,드라마,전체관람가,독립/예술영화
