순번,영화명,감독,distribution,date,영화유형,국적,country,num_screen,sales,view,sales_seoul,view_seoul,genre,genre2,등급,grade,영화구분
1,다만 악에서 구하소서,홍원찬,2,2020-08-05,개봉영화,한국,Korea,1998,377219673,42557,86904162,958007,criminal,criminal,15세이상관람가,0,일반영화
2,반도,연상호,2,2020-07-15,개봉영화,한국,Korea,2575,330595203,38103,79965058,893723,action,action,15세이상관람가,0,일반영화
3,#살아있다,조일형,2,2020-06-24,개봉영화,한국,Korea,1882,159653299,19037,38853038,476332,drama,drama,15세이상관람가,0,일반영화
4,담보,강대규,2,2020-09-29,개봉영화,한국,Korea,1342,147504806,17198,26895815,305921,drama,drama,12세이상관람가,0,일반영화
5,강철비2: 정상회담,양우석,2,2020-07-29,개봉영화,한국,Korea,2137,146282067,17805,34513218,431963,drama,drama,15세이상관람가,0,일반영화
6,삼진그룹 영어토익반,이종필,2,2020-10-21,개봉영화,한국,Korea,1616,139861389,15718,39461539,444282,drama,drama,12세이상관람가,0,일반영화
7,도굴,박정배,2,2020-11-04,개봉영화,한국,Korea,1635,139476647,15438,32358323,355865,criminal,criminal,12세이상관람가,0,일반영화
8,테넷,크리스토퍼 놀란,1,2020-08-26,개봉영화,북아메리카,NorthAmerica,2228,119628859,12841,45964735,464556,action,action,12세이상관람가,0,일반영화
9,오케이 마담,이철하,1,2020-08-12,개봉영화,한국,Korea,1288,107900212,12052,21123884,231120,comedy,comedy,15세이상관람가,0,일반영화
10,소울,피트 닥터,2,2021-01-20,개봉영화,북아메리카,NorthAmerica,2018,79363329,8750,25788810,275009,animation,animation,전체관람가,0,일반영화
11,결백,박상현,1,2020-06-10,개봉영화,한국,Korea,1112,76410293,8657,16946307,189284,drama,drama,15세이상관람가,0,일반영화
12,테넷,크리스토퍼 놀란,1,2020-08-26,개봉영화,북아메리카,NorthAmerica,2228,64963933,7144,20504319,216041,action,action,12세이상관람가,0,일반영화
13,원더 우먼 1984,팻티 젠킨스,1,2020-12-23,개봉영화,북아메리카,NorthAmerica,2260,49356555,5466,14576935,154656,action,action,12세이상관람가,0,일반영화
14,침입자,손원평,1,2020-06-04,개봉영화,한국,Korea,1365,48063140,5312,10293687,110923,mystery,others,15세이상관람가,0,일반영화
15,국제수사,김봉한,2,2020-09-29,개봉영화,한국,Korea,1074,44965498,5375,8680034,103185,comedy,comedy,15세이상관람가,0,일반영화
16,1917,샘 멘데스,0,2020-02-19,개봉영화,북아메리카,NorthAmerica,932,41611244,4648,16421806,176208,drama,drama,15세이상관람가,0,일반영화
17,인비저블맨,리 워넬,1,2020-02-26,개봉영화,북아메리카,NorthAmerica,776,40421026,4592,12398526,136977,horror,others,15세이상관람가,0,일반영화
18,이웃사촌,이환경,0,2020-11-25,개봉영화,한국,Korea,1363,37082238,4314,7758030,91262,drama,drama,12세이상관람가,0,일반영화
19,온워드: 단 하루의 기적,댄 스캔론,2,2020-06-17,개봉영화,북아메리카,NorthAmerica,1138,35813351,4167,11087375,122318,animation,animation,전체관람가,0,일반영화
20,소리도 없이,홍의정,1,2020-10-15,개봉영화,한국,Korea,1084,35586229,4034,8430760,93396,criminal,criminal,15세이상관람가,0,일반영화
21,"그대, 고맙소 : 김호중 생애 첫 팬미팅 무비",,2,2020-09-29,개봉영화,한국,Korea,106,31299740,1020,9867305,31301,show,others,전체관람가,0,일반영화
22,오! 문희,정세교,0,2020-09-02,개봉영화,한국,Korea,1110,27987586,3512,5913542,73973,comedy,comedy,12세이상관람가,0,일반영화
23,그린랜드,릭 로먼 워,0,2020-09-29,개봉영화,북아메리카,NorthAmerica,779,27777245,3259,6796460,79147,action,action,12세이상관람가,0,일반영화
24,런,아니쉬 차간티,0,2020-11-20,개봉영화,북아메리카,NorthAmerica,799,26032624,2836,8031797,86674,mystery,others,15세이상관람가,0,일반영화
25,내가 죽던 날,박지완,1,2020-11-12,개봉영화,한국,Korea,909,21353960,2331,5498366,58772,drama,drama,12세이상관람가,0,일반영화
26,뮬란,니키 카로,2,2020-09-17,개봉영화,북아메리카,NorthAmerica,1420,20797376,2362,6007040,65400,adventure,others,12세이상관람가,0,일반영화
27,조제,김종관,1,2020-12-10,개봉영화,한국,Korea,1179,18844315,2100,4682265,51461,romance,romance,15세이상관람가,0,일반영화
28,프리즌 이스케이프,,0,2020-05-06,개봉영화,유럽,others,328,18482976,2171,5564777,63837,adventure,others,12세이상관람가,0,독립/예술영화
29,극장판 귀멸의 칼날: 무한열차편,소토자키 하루오,0,2021-01-27,개봉영화,아시아,others,380,18201027,2063,5073607,54677,animation,animation,15세이상관람가,0,일반영화
30,사라진 시간,정진영,1,2020-06-18,개봉영화,한국,Korea,874,16511886,1857,3887626,43314,mystery,others,15세이상관람가,0,일반영화
31,검객,최재훈,0,2020-09-23,개봉영화,한국,Korea,832,16197819,1902,3158617,36965,action,action,15세이상관람가,0,일반영화
32,밤쉘: 세상을 바꾼 폭탄선언,제이 로치,0,2020-07-08,개봉영화,북아메리카,NorthAmerica,882,15184283,1790,6680602,77431,drama,drama,15세이상관람가,0,독립/예술영화
33,미스터트롯: 더 무비,전수경,0,2020-10-22,개봉영화,한국,Korea,449,12886131,1501,3563261,41283,show,others,전체관람가,0,일반영화
34,지푸라기라도 잡고 싶은 짐승들,김용훈,1,2020-02-19,개봉영화,한국,Korea,996,12324533,1398,3584709,39768,thriller,others,청소년관람불가,1,일반영화
35,트롤: 월드 투어,"월트 도른,데이빗 P.스미스",1,2020-04-29,개봉영화,북아메리카,NorthAmerica,344,11680003,1522,3039960,37939,animation,animation,전체관람가,0,일반영화
36,브레이크 더 사일런스: 더 무비,박준수,0,2020-09-24,개봉영화,한국,Korea,205,11602490,1317,3773290,41301,documentary,others,전체관람가,0,일반영화
37,다크 워터스,토드 헤인즈,0,2020-03-11,개봉영화,북아메리카,NorthAmerica,575,10966577,1273,3839812,43314,drama,drama,12세이상관람가,0,독립/예술영화
38,애니멀 크래커,토니 밴크로프트,0,2020-08-05,개봉영화,북아메리카,NorthAmerica,473,10237053,1290,1510655,17842,animation,animation,전체관람가,0,독립/예술영화
39,언힌지드,데릭 보트,0,2020-10-07,개봉영화,북아메리카,NorthAmerica,676,10160372,1181,3025523,35166,thriller,others,청소년관람불가,1,일반영화
40,언더워터,윌리엄 유뱅크,2,2020-05-27,개봉영화,북아메리카,NorthAmerica,594,9371128,1092,2598892,29571,thriller,others,15세이상관람가,0,일반영화
41,디바,조슬예,1,2020-09-23,개봉영화,한국,Korea,831,9017174,1081,2581753,31164,thriller,others,15세이상관람가,0,일반영화
42,기기괴괴 성형수,조경훈,0,2020-09-09,개봉영화,한국,Korea,276,8716296,1033,2872385,36203,horror,others,15세이상관람가,0,독립/예술영화
43,죽지않는 인간들의 밤,신정원,0,2020-09-29,개봉영화,한국,Korea,570,8402174,1016,2349554,27911,comedy,comedy,15세이상관람가,0,일반영화
44,다만 악에서 구하소서,홍원찬,2,2020-08-05,개봉영화,한국,Korea,1998,8325607,970,2158614,26035,criminal,criminal,15세이상관람가,0,일반영화
45,정직한 후보,장유정,2,2020-02-12,개봉영화,한국,Korea,1187,8285661,1093,2329927,30341,comedy,comedy,12세이상관람가,0,일반영화
46,작은 아씨들,그레타 거윅,1,2020-02-12,개봉영화,북아메리카,NorthAmerica,1105,8256625,967,3730051,42804,drama,drama,전체관람가,0,일반영화
47,레이니 데이 인 뉴욕,우디 앨런,0,2020-05-06,개봉영화,북아메리카,NorthAmerica,563,7842722,884,3381032,37178,comedy,comedy,15세이상관람가,0,독립/예술영화
48,극장판 짱구는 못말려: 신혼여행 허리케인~ 사라진 아빠!,하시모토 마사카즈,2,2020-08-20,개봉영화,아시아,others,661,7830868,962,1000379,11640,animation,animation,전체관람가,0,일반영화
49,극장판 포켓몬스터 뮤츠의 역습 EVOLUTION,"유야마 쿠니히코,사카키바라 모토노리",0,2020-09-30,개봉영화,아시아,others,591,7805923,974,1495933,17678,animation,animation,전체관람가,0,일반영화
50,저 산 너머,최종태,0,2020-04-30,개봉영화,한국,Korea,468,7726853,1035,2304470,32623,drama,drama,12세이상관람가,0,일반영화
51,주디,루퍼트 굴드,0,2020-03-25,개봉영화,유럽,others,479,7388518,897,3233611,38273,drama,drama,12세이상관람가,0,독립/예술영화
52,나의 청춘은 너의 것,"주동,대몽영",0,2020-04-29,개봉영화,아시아,others,533,7148925,844,2050567,23586,romance,romance,12세이상관람가,0,독립/예술영화
53,페이트 스테이 나이트 헤븐즈필 제3장 스프링 송,스도 토모노리,0,2020-10-22,개봉영화,아시아,others,149,7017084,773,2627589,27583,animation,animation,15세이상관람가,0,일반영화
54,에어로너츠,톰 하퍼,0,2020-06-10,개봉영화,유럽,others,534,6911885,799,2844648,32538,drama,drama,12세이상관람가,0,독립/예술영화
55,소리꾼,조정래,0,2020-07-01,개봉영화,한국,Korea,573,6421207,792,1836958,22306,history,others,12세이상관람가,0,일반영화
56,엽문4: 더 파이널,엽위신,0,2020-04-01,개봉영화,아시아,others,206,6305563,729,1827380,20918,action,action,12세이상관람가,0,독립/예술영화
57,더 플랫폼,,0,2020-05-13,개봉영화,유럽,others,228,6037150,659,2124662,23133,SF,others,청소년관람불가,1,독립/예술영화
58,호텔 레이크,윤은경,0,2020-04-29,개봉영화,한국,Korea,465,5922232,700,1160309,13345,horror,others,15세이상관람가,0,독립/예술영화
59,소년시절의 너,증국상,0,2020-07-09,개봉영화,아시아,others,252,5887237,684,2531294,28875,romance,romance,15세이상관람가,0,독립/예술영화
60,빅샤크3: 젤리몬스터 대소동,신우,0,2020-07-29,개봉영화,아시아,others,400,5622207,728,626205,7772,animation,animation,전체관람가,0,일반영화
61,카페 벨에포크,니콜라스 베도스,0,2020-05-20,개봉영화,유럽,others,463,5494559,660,2686908,32387,comedy,comedy,15세이상관람가,0,독립/예술영화
62,뉴 뮤턴트,조쉬 분,2,2020-09-10,개봉영화,북아메리카,NorthAmerica,817,5461159,619,1645939,18270,action,action,15세이상관람가,0,일반영화
63,아이즈 온 미 : 더 무비,박재석,2,2020-06-10,개봉영화,한국,Korea,124,5062740,392,2022485,15630,show,others,전체관람가,0,일반영화
64,극장판 바이올렛 에버가든,이시다테 타이치,0,2020-11-12,개봉영화,아시아,others,131,5002416,587,1644947,18122,animation,animation,전체관람가,0,독립/예술영화
65,마이 스파이,피터 시걸,0,2020-04-29,개봉영화,북아메리카,NorthAmerica,240,4825945,563,1655726,19676,action,action,12세이상관람가,0,일반영화
66,나의 첫 번째 슈퍼스타,니샤 가나트라,1,2020-06-10,개봉영화,북아메리카,NorthAmerica,462,4739194,537,1895101,21533,comedy,comedy,12세이상관람가,0,일반영화
67,극장판 미니특공대: 햄버거괴물의 습격,이영준,0,2020-09-30,개봉영화,한국,Korea,414,4660636,579,772474,9126,animation,animation,전체관람가,0,일반영화
68,프리키 데스데이,크리스토퍼 랜던,1,2020-11-25,개봉영화,북아메리카,NorthAmerica,631,4512607,518,1282736,14722,comedy,comedy,청소년관람불가,1,일반영화
69,더 프린세스 : 도둑맞은 공주,올레말라므,0,2020-08-12,개봉영화,유럽,others,423,4450531,545,606743,7007,animation,animation,전체관람가,0,일반영화
70,아웃포스트,로드 루리,0,2020-09-23,개봉영화,북아메리카,NorthAmerica,454,4285339,514,1679092,19323,war,others,15세이상관람가,0,일반영화
71,날씨의 아이,신카이 마코토,0,2019-10-30,개봉영화,아시아,others,716,4012727,534,1608805,20847,animation,animation,15세이상관람가,0,일반영화
72,스케어리 스토리:어둠의 속삭임,안드레 외브레달,0,2020-03-25,개봉영화,북아메리카,NorthAmerica,186,3754924,450,1230440,14557,fantasy,others,15세이상관람가,0,일반영화
73,세자매,이승원,0,2021-01-27,개봉영화,한국,Korea,569,3544512,423,1101171,12825,drama,drama,15세이상관람가,0,독립/예술영화
74,젠틀맨,가이 리치,0,2020-02-26,개봉영화,북아메리카,NorthAmerica,586,3436473,396,1517750,17080,criminal,criminal,청소년관람불가,1,일반영화
75,다만 악에서 구하소서 파이널컷,홍원찬,2,2020-10-28,개봉영화,한국,Korea,475,3261066,380,1052373,12255,action,action,청소년관람불가,1,일반영화
76,명탐정 코난: 진홍의 수학여행,야마모토 야스이치로,2,2021-01-27,개봉영화,아시아,others,532,3161324,381,612628,7166,animation,animation,12세이상관람가,0,일반영화
77,야구소녀,최윤태,0,2020-06-18,개봉영화,한국,Korea,264,3152367,368,1774743,19821,drama,drama,12세이상관람가,0,독립/예술영화
78,콜 오브 와일드,크리스 샌더스,2,2020-05-14,개봉영화,북아메리카,NorthAmerica,505,3061185,362,924277,10807,adventure,others,12세이상관람가,0,일반영화
79,애프터: 그 후,로저 컴블,0,2020-10-07,개봉영화,북아메리카,NorthAmerica,420,3049560,370,1023727,12502,romance,romance,15세이상관람가,0,일반영화
80,반교: 디텐션,존 쉬,0,2020-08-13,개봉영화,기타,others,128,3035031,330,995350,10494,horror,others,15세이상관람가,0,독립/예술영화
81,서치 아웃,곽정,0,2020-04-15,개봉영화,한국,Korea,355,2971670,341,644297,7283,thriller,others,15세이상관람가,0,독립/예술영화
82,오픈 더 도어,올가 고로데츠카야,0,2020-04-08,개봉영화,유럽,others,184,2867021,318,962274,10487,horror,others,15세이상관람가,0,일반영화
83,톰보이,셀린 시아마,0,2020-05-14,개봉영화,유럽,others,361,2680536,298,1625548,17239,drama,drama,12세이상관람가,0,독립/예술영화
84,뱅가드,당계례,0,2020-12-30,개봉영화,아시아,others,265,2658937,315,646059,7759,action,action,12세이상관람가,0,독립/예술영화
85,건즈 아킴보,제이슨 레이 하우덴,0,2020-04-15,개봉영화,유럽,others,181,2447310,279,903230,10314,action,action,청소년관람불가,1,독립/예술영화
86,그집,,0,2020-05-27,개봉영화,유럽,others,392,2382585,287,530735,6562,horror,others,15세이상관람가,0,독립/예술영화
87,부활: 그 증거,김상철,0,2020-10-08,개봉영화,한국,Korea,111,2364836,292,474932,5734,documentary,others,전체관람가,0,독립/예술영화
88,"어디갔어, 버나뎃",리차드 링클레이터,0,2020-10-08,개봉영화,북아메리카,NorthAmerica,253,2362530,284,1025480,12154,comedy,comedy,12세이상관람가,0,독립/예술영화
89,기생충,봉준호,2,2019-05-30,개봉영화,한국,Korea,1948,2348968,293,906013,11102,drama,drama,15세이상관람가,0,일반영화
90,미스비헤이비어,필립파 로소프,0,2020-05-27,개봉영화,유럽,others,378,2344219,289,1067004,12991,drama,drama,15세이상관람가,0,독립/예술영화
91,파리의 인어,마티아스 마르지유,0,2020-07-23,개봉영화,유럽,others,204,2322735,276,892365,10552,romance,romance,12세이상관람가,0,독립/예술영화
92,더 보이 2: 돌아온 브람스,윌리엄 브렌트 벨,0,2020-03-05,개봉영화,북아메리카,NorthAmerica,179,2311520,265,799280,9271,horror,others,15세이상관람가,0,일반영화
93,킹덤 오브 헤븐: 디렉터스 컷,리들리 스콧,0,2020-11-11,개봉영화,유럽,others,117,2309716,252,1185539,12497,action,action,15세이상관람가,0,일반영화
94,n번째 이별 중,,0,2020-04-01,개봉영화,북아메리카,NorthAmerica,171,2253588,249,872967,9615,romance,romance,12세이상관람가,0,독립/예술영화
95,찬실이는 복도 많지,김초희,0,2020-03-05,개봉영화,한국,Korea,241,2245240,262,1409370,15801,drama,drama,전체관람가,0,독립/예술영화
96,극장판 짱구는 못말려: 신혼여행 허리케인~ 사라진 아빠!,하시모토 마사카즈,2,2020-08-20,개봉영화,아시아,others,661,2216647,271,365587,4171,animation,animation,전체관람가,0,일반영화
97,결백,박상현,1,2020-06-10,개봉영화,한국,Korea,1112,2170700,282,2170700,28172,drama,drama,15세이상관람가,0,일반영화
98,더 프롬,라이언 머피,1,2020-12-02,개봉영화,북아메리카,NorthAmerica,662,2139207,246,840285,9478,comedy,comedy,12세이상관람가,0,일반영화
99,폰조,조쉬 트랭크,0,2020-10-14,개봉영화,북아메리카,NorthAmerica,574,2117593,254,792021,9237,criminal,criminal,청소년관람불가,1,독립/예술영화
100,애비규환,최하나,0,2020-11-12,개봉영화,한국,Korea,453,2067313,227,960409,9985,drama,drama,12세이상관람가,0,독립/예술영화
101,블루 아워,하코타 유코,0,2020-07-22,개봉영화,아시아,others,322,2025816,238,1176343,13168,drama,drama,12세이상관람가,0,독립/예술영화
102,캣츠토피아,게리 왕,0,2020-04-30,개봉영화,아시아,others,367,2012232,240,291532,3370,fantasy,others,전체관람가,0,독립/예술영화
103,비바리움,,0,2020-07-16,개봉영화,북아메리카,NorthAmerica,129,1953041,238,805589,9082,mystery,others,15세이상관람가,0,독립/예술영화
104,울프 콜,안토닌 보드리,0,2020-03-05,개봉영화,유럽,others,336,1920616,232,609719,7334,action,action,15세이상관람가,0,독립/예술영화
105,마리 퀴리,마르잔 사트라피,0,2020-11-18,개봉영화,유럽,others,484,1915009,246,869620,11943,drama,drama,15세이상관람가,0,독립/예술영화
106,오케이 마담,이철하,1,2020-08-12,개봉영화,한국,Korea,1288,1898667,235,508198,7059,comedy,comedy,15세이상관람가,0,일반영화
107,테슬라,마이클 알메레이다,0,2020-10-28,개봉영화,북아메리카,NorthAmerica,460,1848430,234,761325,9450,drama,drama,12세이상관람가,0,일반영화
108,유령선,김지영,0,2020-04-15,개봉영화,한국,Korea,165,1819339,208,682073,7684,documentary,others,12세이상관람가,0,독립/예술영화
109,인베이젼 2020,표도르 본다르추크,0,2020-07-01,개봉영화,유럽,others,354,1791353,216,460984,5411,SF,others,12세이상관람가,0,일반영화
110,에이바,테이트 테일러,0,2020-09-09,개봉영화,북아메리카,NorthAmerica,515,1786703,228,571662,7244,action,action,15세이상관람가,0,일반영화
111,아이 엠 우먼,문은주,0,2021-01-14,개봉영화,호주,others,494,1775528,219,775376,10395,drama,drama,15세이상관람가,0,독립/예술영화
112,팬데믹,,0,2020-07-22,개봉영화,북아메리카,NorthAmerica,382,1761820,204,395185,4459,thriller,others,15세이상관람가,0,독립/예술영화
113,극장판 바다 탐험대 옥토넛 : 대산호초 보호작전,,0,2020-11-12,개봉영화,유럽,others,187,1740690,259,321350,4680,animation,animation,전체관람가,0,독립/예술영화
114,비밀정보원: 인 더 프리즌,안드레아 디 스테파노,0,2020-04-15,개봉영화,유럽,others,200,1725889,203,649646,7585,criminal,criminal,청소년관람불가,1,일반영화
115,레미제라블: 뮤지컬 콘서트,제임스 파우웰,1,2020-05-13,개봉영화,북아메리카,NorthAmerica,339,1629219,124,681749,5768,musical,others,12세이상관람가,0,일반영화
116,추억의 검정고무신,송정율,0,2020-11-19,개봉영화,한국,Korea,215,1620831,201,290925,3247,animation,animation,전체관람가,0,독립/예술영화
117,블라인드,타마르 반 덴 도프,0,2021-01-14,개봉영화,유럽,others,239,1585321,183,588487,6742,drama,drama,15세이상관람가,0,일반영화
118,애프터 웨딩 인 뉴욕,바트 프룬디치,0,2020-04-23,개봉영화,유럽,others,169,1573463,192,911692,11103,drama,drama,12세이상관람가,0,독립/예술영화
119,더 터닝,플로리아 시지스몬디,0,2020-04-02,개봉영화,북아메리카,NorthAmerica,294,1541979,175,556481,6194,mystery,others,15세이상관람가,0,독립/예술영화
120,돌멩이,김정식,0,2020-10-15,개봉영화,한국,Korea,425,1463734,176,539501,6044,drama,drama,12세이상관람가,0,독립/예술영화
121,마틴 에덴,피에트로 마르첼로,0,2020-10-29,개봉영화,유럽,others,60,1433834,156,1054158,11136,drama,drama,12세이상관람가,0,독립/예술영화
122,800,관후,0,2020-12-10,개봉영화,아시아,others,223,1417102,166,438725,5010,war,others,15세이상관람가,0,일반영화
123,킹덤,사토 신스케,0,2020-04-29,개봉영화,아시아,others,186,1409375,177,448370,5614,action,action,15세이상관람가,0,일반영화
124,해수의 아이,와타나베 아유무,0,2020-09-30,개봉영화,아시아,others,76,1399879,152,773047,7749,animation,animation,전체관람가,0,독립/예술영화
125,택스 콜렉터,데이비드 에이어,0,2020-11-18,개봉영화,북아메리카,NorthAmerica,372,1385253,182,670398,9579,action,action,청소년관람불가,1,일반영화
126,아홉 스님,윤성준,0,2020-05-27,개봉영화,한국,Korea,141,1376252,223,706320,13607,drama,drama,전체관람가,0,독립/예술영화
127,#아이엠히어,에릭 라티고,2,2021-01-14,개봉영화,유럽,others,432,1357957,163,559240,7437,romance,romance,12세이상관람가,0,독립/예술영화
128,100% 울프: 푸들이 될 순 없어,알렉스 스타더만,0,2020-12-24,개봉영화,호주,others,370,1344906,171,244626,2967,animation,animation,전체관람가,0,독립/예술영화
129,프랑스여자,김희정,2,2020-06-04,개봉영화,한국,Korea,244,1292304,181,518252,6765,drama,drama,15세이상관람가,0,독립/예술영화
130,파티마의 기적,마르코 폰테코르보,0,2020-12-03,개봉영화,북아메리카,NorthAmerica,162,1290906,161,409680,5267,drama,drama,12세이상관람가,0,독립/예술영화
131,초미의 관심사,남연우,0,2020-05-27,개봉영화,한국,Korea,380,1286984,161,482368,5682,drama,drama,15세이상관람가,0,독립/예술영화
132,커넥트,제이콥 체이스,0,2021-01-20,개봉영화,북아메리카,NorthAmerica,386,1255575,141,287265,3117,horror,others,15세이상관람가,0,독립/예술영화
133,시원찮은 그녀를 위한 육성방법 피날레,,0,2020-02-27,개봉영화,아시아,others,71,1234793,149,536863,6328,animation,animation,12세이상관람가,0,일반영화
134,밥정,박혜령,0,2020-10-07,개봉영화,한국,Korea,182,1232049,157,769695,9458,documentary,others,전체관람가,0,독립/예술영화
135,빅풋 주니어2: 패밀리가 떴다,"벤 스타센,제레미 드그루손",0,2021-01-06,개봉영화,기타,others,308,1216646,147,232358,2601,animation,animation,전체관람가,0,일반영화
136,극장판 요괴워치: 포에버 프렌즈,타카하시 시게하루,2,2020-10-15,개봉영화,아시아,others,423,1209358,154,155737,1840,animation,animation,전체관람가,0,일반영화
137,가나의 혼인잔치: 언약,,0,2020-11-26,개봉영화,북아메리카,NorthAmerica,116,1200503,137,377896,4167,documentary,others,전체관람가,0,일반영화
138,나이팅게일,제니퍼 켄트,0,2020-12-30,개봉영화,호주,others,329,1126826,137,352132,4301,thriller,others,청소년관람불가,1,독립/예술영화
139,부활,구수환,0,2020-07-09,개봉영화,한국,Korea,83,1125965,144,356305,4343,documentary,others,전체관람가,0,일반영화
140,언플랜드,"척 콘젤만,캐리 솔로몬",0,2020-12-17,개봉영화,북아메리카,NorthAmerica,281,1119817,131,359236,4198,drama,drama,15세이상관람가,0,일반영화
141,엔딩스 비기닝스,드레이크 도리머스,2,2020-06-24,개봉영화,북아메리카,NorthAmerica,251,1101809,134,425672,5064,drama,drama,15세이상관람가,0,독립/예술영화
142,너는 달밤에 빛나고,츠키카와 쇼,0,2020-06-10,개봉영화,아시아,others,178,1095780,124,396045,4378,romance,romance,12세이상관람가,0,독립/예술영화
143,세인트 아가타,대런 린 보우즈만,0,2020-03-19,개봉영화,북아메리카,NorthAmerica,390,1094601,125,322002,3603,horror,others,청소년관람불가,1,독립/예술영화
144,극장판 엉덩이 탐정: 텐텐마을의 수수께끼,시바타 히로키,2,2020-09-24,개봉영화,아시아,others,157,1091915,148,213512,2745,animation,animation,전체관람가,0,일반영화
145,라라걸,레이첼 그리피스,0,2020-04-15,개봉영화,호주,others,187,1086845,128,601810,6862,drama,drama,전체관람가,0,독립/예술영화
146,마티아스와 막심,자비에 돌란,0,2020-07-23,개봉영화,북아메리카,NorthAmerica,91,1041834,117,799294,8454,drama,drama,15세이상관람가,0,독립/예술영화
147,바이올렛 에버가든 ? 영원과 자동 수기 인형 -,후지타 하루카,0,2020-03-26,개봉영화,아시아,others,62,1040915,119,439785,4790,animation,animation,전체관람가,0,독립/예술영화
148,리플레이,데이비드 하인즈,0,2020-12-16,개봉영화,북아메리카,NorthAmerica,242,1031823,127,565177,6934,drama,drama,12세이상관람가,0,독립/예술영화
149,사랑하고 있습니까,김정권,0,2020-03-25,개봉영화,한국,Korea,295,1026738,129,333058,4066,fantasy,others,12세이상관람가,0,일반영화
150,남매의 여름밤,윤단비,0,2020-08-20,개봉영화,한국,Korea,133,1021550,125,635754,7567,drama,drama,전체관람가,0,독립/예술영화
151,그레텔과 헨젤,오즈 퍼킨스,0,2020-07-08,개봉영화,북아메리카,NorthAmerica,325,1014645,116,265077,2936,fantasy,others,15세이상관람가,0,일반영화
152,슈퍼스타 뚜루,,0,2020-06-04,개봉영화,유럽,others,300,1013060,131,91592,1065,musical,others,전체관람가,0,일반영화
153,킹 오브 프리즘 올 스타즈 -프리즘 쇼☆베스트10-,히시다 마사카즈,0,2020-04-02,개봉영화,아시아,others,55,996675,124,672804,8107,animation,animation,12세이상관람가,0,일반영화
154,걸후드,셀린 시아마,0,2020-11-12,개봉영화,유럽,others,175,989250,114,527465,6282,drama,drama,12세이상관람가,0,독립/예술영화
155,시크릿 가든,마크 먼든,0,2020-08-19,개봉영화,유럽,others,267,946057,113,402922,4553,drama,drama,전체관람가,0,독립/예술영화
156,미스터 존스,아그네츠카 홀란드,0,2021-01-07,개봉영화,유럽,others,277,945954,107,399148,4423,drama,drama,15세이상관람가,0,독립/예술영화
157,교실 안의 야크,,0,2020-09-30,개봉영화,기타,others,30,937162,111,615056,6721,drama,drama,전체관람가,0,독립/예술영화
158,강철비2 : 정상회담 확장판,양우석,2,2020-09-30,개봉영화,한국,Korea,126,899225,183,283115,7243,drama,drama,15세이상관람가,0,일반영화
159,안티고네,소피 드라스프,0,2020-11-19,개봉영화,북아메리카,NorthAmerica,130,888334,101,532944,6063,drama,drama,15세이상관람가,0,독립/예술영화
160,라스트 풀 메저,토드 로빈슨,0,2020-05-20,개봉영화,북아메리카,NorthAmerica,333,888072,112,278524,3532,drama,drama,15세이상관람가,0,독립/예술영화
161,워터 릴리스,셀린 시아마,0,2020-08-13,개봉영화,유럽,others,89,873525,101,538480,6028,drama,drama,15세이상관람가,0,독립/예술영화
162,너와 파도를 탈 수 있다면,유아사 마사아키,1,2020-07-08,개봉영화,아시아,others,257,871460,101,371207,4083,animation,animation,12세이상관람가,0,독립/예술영화
163,도망친 여자,홍상수,0,2020-09-17,개봉영화,한국,Korea,143,865582,103,588169,6750,drama,drama,청소년관람불가,1,독립/예술영화
164,테스와 보낸 여름,스티븐 바우터루드,0,2020-09-10,개봉영화,유럽,others,194,844213,95,467264,5009,drama,drama,전체관람가,0,독립/예술영화
165,잔칫날,김록경,0,2020-12-02,개봉영화,한국,Korea,240,832211,108,311819,4166,drama,drama,12세이상관람가,0,독립/예술영화
166,나는보리,김진유,0,2020-05-21,개봉영화,한국,Korea,158,828534,115,473444,6280,family,others,전체관람가,0,독립/예술영화
167,썸머 85,프랑수아 오종,0,2020-12-24,개봉영화,기타,others,126,818225,93,497326,5406,romance,romance,15세이상관람가,0,독립/예술영화
168,루팡 3세: 더 퍼스트,야마자키 타카시,2,2020-05-21,개봉영화,아시아,others,132,800535,109,295045,4898,animation,animation,전체관람가,0,일반영화
169,요가학원 : 죽음의 쿤달리니,"전재홍,김지한",0,2020-11-18,개봉영화,한국,Korea,267,799731,91,245441,2721,horror,others,청소년관람불가,1,일반영화
170,소년 아메드,"장 피에르 다르덴,뤽 다르덴",0,2020-07-30,개봉영화,유럽,others,82,780642,98,541502,6477,drama,drama,12세이상관람가,0,독립/예술영화
171,지저귀는 새는 날지 않는다,마키타 카오리,0,2020-07-16,개봉영화,아시아,others,81,774450,86,486676,5356,animation,animation,청소년관람불가,1,독립/예술영화
172,씨 피버,니사 하디만,0,2020-05-13,개봉영화,유럽,others,278,772145,89,213610,2433,SF,others,15세이상관람가,0,독립/예술영화
173,나는 나를 해고하지 않는다,이태겸,0,2021-01-28,개봉영화,한국,Korea,313,763033,97,357480,4539,drama,drama,12세이상관람가,0,독립/예술영화
174,레옹 디 오리지널,뤽 베송,0,2020-06-11,개봉영화,유럽,others,130,761309,124,391905,6359,action,action,청소년관람불가,1,일반영화
175,토이 솔져스: 가짜사나이2 더 컴플리트,오윤동,2,2021-01-27,개봉영화,한국,Korea,155,753263,80,206925,2126,documentary,others,15세이상관람가,0,일반영화
176,완벽한 가족,로저 미첼,0,2021-01-06,개봉영화,북아메리카,NorthAmerica,318,752685,87,257926,2828,drama,drama,15세이상관람가,0,독립/예술영화
177,마이 리틀 포니: 레인보우 로드 트립,,0,2020-10-29,개봉영화,북아메리카,NorthAmerica,226,751097,95,139286,1570,animation,animation,전체관람가,0,일반영화
178,남매의 여름밤,윤단비,0,2020-08-20,개봉영화,한국,Korea,133,744086,87,531927,5916,drama,drama,전체관람가,0,독립/예술영화
179,트로이 디렉터스 컷,볼프강 페터젠,0,2020-07-03,개봉영화,북아메리카,NorthAmerica,159,734661,87,457093,5318,war,others,청소년관람불가,1,일반영화
180,세인트 주디,,0,2020-07-29,개봉영화,북아메리카,NorthAmerica,151,721274,87,445157,5172,drama,drama,12세이상관람가,0,독립/예술영화
181,카일라스 가는 길,정형민,0,2020-09-03,개봉영화,한국,Korea,47,712905,94,335243,4203,documentary,others,전체관람가,0,독립/예술영화
182,피아니스트의 마지막 인터뷰,클로드 라롱드,0,2020-11-19,개봉영화,북아메리카,NorthAmerica,55,704992,84,439851,5012,drama,drama,전체관람가,0,독립/예술영화
183,슈퍼 레이스,,0,2020-07-23,개봉영화,북아메리카,NorthAmerica,209,703482,90,100297,1189,animation,animation,전체관람가,0,독립/예술영화
184,딥워터,요아힘 헤덴,0,2020-07-09,개봉영화,기타,others,264,701203,81,230716,2586,action,action,12세이상관람가,0,독립/예술영화
185,조조 래빗,타이카 와이티티,2,2020-02-05,개봉영화,북아메리카,NorthAmerica,277,700540,78,502606,5484,comedy,comedy,12세이상관람가,0,독립/예술영화
186,"아무튼, 아담",,0,2020-07-02,개봉영화,북아메리카,NorthAmerica,110,699435,102,281240,4051,drama,drama,15세이상관람가,0,독립/예술영화
187,하이큐!! 또 다른 도전,미츠나카 스스무,0,2020-05-14,개봉영화,아시아,others,142,694559,85,164215,1832,animation,animation,12세이상관람가,0,일반영화
188,부니베어: 원시시대 대모험,정량,0,2020-10-22,개봉영화,아시아,others,216,691467,89,62412,720,animation,animation,전체관람가,0,독립/예술영화
189,작은 소망,전우성,0,2020-08-13,개봉영화,아시아,others,151,664480,79,217505,2583,comedy,comedy,12세이상관람가,0,독립/예술영화
190,고스트 오브 워,에릭 브레스,0,2020-09-02,개봉영화,유럽,others,228,640900,75,204120,2350,mystery,others,15세이상관람가,0,독립/예술영화
191,타오르는 여인의 초상,셀린 시아마,0,2020-01-16,개봉영화,유럽,others,120,614352,69,488698,5336,drama,drama,15세이상관람가,0,독립/예술영화
192,종이꽃,고훈,0,2020-10-22,개봉영화,한국,Korea,256,613883,73,231653,2624,drama,drama,12세이상관람가,0,독립/예술영화
193,미드나이트 스카이,조지 클루니,1,2020-12-09,개봉영화,북아메리카,NorthAmerica,257,611772,71,251462,2891,drama,drama,12세이상관람가,0,독립/예술영화
194,신과 나: 100일간의 거래,팍품 웡품,0,2020-04-08,개봉영화,기타,others,240,606271,72,244573,2856,mystery,others,15세이상관람가,0,일반영화
195,이누야시키 : 히어로 VS 빌런,사토 신스케,0,2020-04-22,개봉영화,아시아,others,185,604143,75,283011,3392,SF,others,15세이상관람가,0,독립/예술영화
196,더 렌탈 : 소리없는 감시자,데이브 프랑코,0,2020-09-16,개봉영화,북아메리카,NorthAmerica,245,602943,75,193060,2363,horror,others,15세이상관람가,0,일반영화
197,마이 미씽 발렌타인,진옥훈,0,2021-01-14,개봉영화,기타,others,153,599481,78,255959,3370,romance,romance,12세이상관람가,0,독립/예술영화
198,북스마트,올리비아 와일드,0,2021-01-27,개봉영화,북아메리카,NorthAmerica,163,585619,94,291029,5756,comedy,comedy,15세이상관람가,0,독립/예술영화
199,남과 여: 여전히 찬란한,끌로드 를르슈,0,2020-10-15,개봉영화,유럽,others,69,579639,69,379492,4320,drama,drama,15세이상관람가,0,독립/예술영화
200,엘라 벨라 빙고: 친구 찾기 대작전,"아틀 솔버그 블락세트,프랭크 모스볼드",0,2020-08-12,개봉영화,유럽,others,180,573264,73,61334,737,animation,animation,전체관람가,0,일반영화
201,69세,임선애,0,2020-08-20,개봉영화,한국,Korea,105,570907,69,377648,4434,drama,drama,15세이상관람가,0,독립/예술영화
202,운디네,크리스티안 펫졸드,0,2020-12-24,개봉영화,유럽,others,42,561190,65,372569,4109,drama,drama,12세이상관람가,0,독립/예술영화
203,환상의 마로나,안카 다미안,0,2020-06-11,개봉영화,유럽,others,48,558360,59,466097,4670,animation,animation,전체관람가,0,독립/예술영화
204,"내 어깨 위 고양이, 밥 2",찰스 마틴 스미스,0,2020-12-24,개봉영화,유럽,others,202,553062,64,237924,2638,family,others,전체관람가,0,일반영화
205,클로젯,김광빈,2,2020-02-05,개봉영화,한국,Korea,1197,534243,59,319170,3366,mystery,others,15세이상관람가,0,일반영화
206,그리고 우린 춤을 추었다,레반 아킨,0,2020-11-25,개봉영화,유럽,others,79,534058,61,379578,4088,drama,drama,15세이상관람가,0,독립/예술영화
207,인비저블 라이프,카림 아이노우즈,0,2020-06-24,개봉영화,기타,others,49,515435,64,329429,3941,drama,drama,청소년관람불가,1,독립/예술영화
208,마르지엘라,라이너 홀제메르,0,2020-09-30,개봉영화,기타,others,31,513682,56,438722,4712,documentary,others,전체관람가,0,독립/예술영화
209,파힘,피에르 프랑소와 마틴 라발,0,2021-01-21,개봉영화,유럽,others,165,503667,65,202006,2528,drama,drama,전체관람가,0,독립/예술영화
210,나이스 걸 라이크 유,,0,2020-11-18,개봉영화,북아메리카,NorthAmerica,149,480682,57,248078,3035,comedy,comedy,청소년관람불가,1,일반영화
211,아디오스,파코 카베자스,0,2020-07-22,개봉영화,유럽,others,150,480292,65,181461,2562,action,action,청소년관람불가,1,독립/예술영화
212,루키스,원금린,0,2020-05-20,개봉영화,아시아,others,277,478051,58,135878,1598,action,action,15세이상관람가,0,일반영화
213,"조금씩, 천천히 안녕",나카노 료타,0,2020-05-27,개봉영화,아시아,others,166,477813,60,300706,3738,family,others,전체관람가,0,독립/예술영화
214,작가 미상,플로리안 헨켈 폰 도너스마르크,0,2020-02-20,개봉영화,유럽,others,55,477730,56,365907,4200,drama,drama,청소년관람불가,1,독립/예술영화
215,헌트,크레이그 조벨,1,2020-04-23,개봉영화,북아메리카,NorthAmerica,30,475352,64,336326,4708,action,action,청소년관람불가,1,일반영화
216,뮤지컬 브로드웨이 42번가,마크 브램블,0,2020-07-08,개봉영화,북아메리카,NorthAmerica,48,475310,26,182405,1014,musical,others,전체관람가,0,일반영화
217,부력,로드 라스젠,0,2020-06-25,개봉영화,호주,others,90,460947,55,307993,3462,drama,drama,15세이상관람가,0,독립/예술영화
218,걸즈 앤 판처 최종장,미즈시마 츠토무,0,2020-03-12,개봉영화,아시아,others,11,460500,49,326510,3360,animation,animation,12세이상관람가,0,일반영화
219,사랑이 뭘까,이마이즈미 리키야,0,2020-04-09,개봉영화,아시아,others,132,450205,50,318998,3495,romance,romance,15세이상관람가,0,독립/예술영화
220,온다,나카시마 테츠야,0,2020-03-26,개봉영화,아시아,others,163,449048,55,256887,3080,horror,others,15세이상관람가,0,독립/예술영화
221,비독: 파리의 황제,장-프랑소와 리셰,0,2020-09-17,개봉영화,유럽,others,182,446617,51,220546,2395,action,action,15세이상관람가,0,독립/예술영화
222,젊은이의 양지,신수원,0,2020-10-28,개봉영화,한국,Korea,108,440828,52,287391,3315,drama,drama,15세이상관람가,0,독립/예술영화
223,걸,,0,2021-01-07,개봉영화,유럽,others,239,440535,49,216466,2248,drama,drama,15세이상관람가,0,독립/예술영화
224,그링고,내쉬 에드게톤,0,2020-03-05,개봉영화,북아메리카,NorthAmerica,45,431895,78,379410,7188,action,action,15세이상관람가,0,독립/예술영화
225,1942: 언노운 배틀,,0,2020-07-29,개봉영화,유럽,others,121,430251,54,188970,2354,war,others,15세이상관람가,0,일반영화
226,불량한 가족,장재일,0,2020-07-09,개봉영화,한국,Korea,161,415199,49,174104,1889,comedy,comedy,12세이상관람가,0,독립/예술영화
227,공포분자,에드워드 양,0,2020-09-17,개봉영화,기타,others,52,411666,52,272005,3330,drama,drama,15세이상관람가,0,독립/예술영화
228,에브리타임 아이 다이,로비 마이클,0,2020-10-21,개봉영화,북아메리카,NorthAmerica,140,409830,50,215468,2484,mystery,others,15세이상관람가,0,독립/예술영화
229,렛 힘 고,토마스 베주차,1,2020-11-05,개봉영화,북아메리카,NorthAmerica,47,408740,58,237925,3457,criminal,criminal,15세이상관람가,0,독립/예술영화
230,봉쇄수도원 카르투시오,김동일,0,2020-11-19,개봉영화,한국,Korea,125,405912,48,185464,2111,documentary,others,전체관람가,0,독립/예술영화
231,리벤지,코랄리 파르쟈,0,2020-05-06,개봉영화,유럽,others,143,402843,48,132245,1552,action,action,청소년관람불가,1,독립/예술영화
232,에이브의 쿠킹 다이어리,,0,2020-06-24,개봉영화,브라질,others,56,399931,52,335691,4365,drama,drama,전체관람가,0,독립/예술영화
233,아무도 없다,존 하이암스,0,2020-09-09,개봉영화,북아메리카,NorthAmerica,122,389015,45,131577,1556,thriller,others,15세이상관람가,0,독립/예술영화
234,극장판 시로바코,미즈시마 츠토무,0,2020-08-20,개봉영화,아시아,others,64,388496,45,163391,1829,animation,animation,12세이상관람가,0,일반영화
235,팔로우 미,,0,2020-10-22,개봉영화,북아메리카,NorthAmerica,138,387753,47,151435,1809,thriller,others,15세이상관람가,0,일반영화
236,이장,정승오,0,2020-03-25,개봉영화,한국,Korea,82,377370,47,216289,2426,drama,drama,12세이상관람가,0,독립/예술영화
237,트랜짓,크리스티안 펫졸드,0,2020-07-02,개봉영화,유럽,others,42,376867,44,308965,3517,drama,drama,12세이상관람가,0,독립/예술영화
238,지니어스 독,길 정거,0,2020-09-16,개봉영화,북아메리카,NorthAmerica,142,374634,48,134037,1838,comedy,comedy,12세이상관람가,0,일반영화
239,다시 만난 날들,심찬양,0,2020-09-24,개봉영화,한국,Korea,105,372458,42,219554,2284,musical,others,12세이상관람가,0,독립/예술영화
240,베이비티스,,0,2020-10-22,개봉영화,호주,others,57,365831,43,262997,3014,comedy,comedy,15세이상관람가,0,독립/예술영화
241,페뷸러스,멜라니 샤르본느,0,2020-11-05,개봉영화,북아메리카,NorthAmerica,71,365723,41,255679,2876,comedy,comedy,15세이상관람가,0,독립/예술영화
242,트롤 킹,케빈 먼로,0,2020-10-07,개봉영화,기타,others,190,365200,47,56559,662,animation,animation,전체관람가,0,일반영화
243,에베레스트,이인항,0,2020-07-22,개봉영화,아시아,others,142,364196,44,159198,1863,action,action,15세이상관람가,0,일반영화
244,프록시마 프로젝트,앨리스 위노코,0,2020-10-15,개봉영화,유럽,others,86,363298,42,256249,2845,drama,drama,12세이상관람가,0,독립/예술영화
245,극장판 기븐,야마구치 히카루,0,2020-11-26,개봉영화,아시아,others,103,361948,41,154665,1651,animation,animation,15세이상관람가,0,일반영화
246,맹크,데이빗 핀처,1,2020-11-18,개봉영화,북아메리카,NorthAmerica,100,360636,40,249349,2735,drama,drama,15세이상관람가,0,독립/예술영화
247,들리나요?,"김봉한,신승환",0,2020-06-10,개봉영화,한국,Korea,103,359111,36,151875,1570,documentary,others,전체관람가,0,독립/예술영화
248,트라이얼 오브 더 시카고 7,아론 소킨,1,2020-10-07,개봉영화,북아메리카,NorthAmerica,103,358937,44,199150,2338,drama,drama,15세이상관람가,0,독립/예술영화
249,슈팅걸스,배효민,0,2020-05-06,개봉영화,한국,Korea,207,358231,46,77147,913,drama,drama,12세이상관람가,0,독립/예술영화
250,와일드 시티,론 스캘펠로,0,2020-06-17,개봉영화,유럽,others,111,353102,42,155174,1885,action,action,청소년관람불가,1,독립/예술영화
251,부다페스트 스토리,아틸라 사스,0,2020-08-13,개봉영화,유럽,others,33,346615,42,203152,2365,thriller,others,15세이상관람가,0,독립/예술영화
252,미스터 보스,김형기,0,2020-12-30,개봉영화,한국,Korea,226,345166,43,82855,1031,drama,drama,15세이상관람가,0,일반영화
253,럭키 몬스터,봉준영,0,2020-12-03,개봉영화,한국,Korea,101,345056,46,173520,2255,drama,drama,청소년관람불가,1,독립/예술영화
254,고 피쉬!,숀 패트릭 오렐리,0,2020-07-23,개봉영화,북아메리카,NorthAmerica,138,339528,43,48776,597,animation,animation,전체관람가,0,일반영화
255,지옥의 묵시록 파이널 컷,프란시스 포드 코폴라,0,2020-11-26,개봉영화,북아메리카,NorthAmerica,64,339436,37,201062,2104,war,others,청소년관람불가,1,독립/예술영화
256,담쟁이,한제이,0,2020-10-28,개봉영화,한국,Korea,93,337051,43,194352,2347,family,others,15세이상관람가,0,독립/예술영화
257,퍼스트 러브,미이케 다카시,0,2020-12-17,개봉영화,아시아,others,79,336305,39,191310,2121,criminal,criminal,청소년관람불가,1,독립/예술영화
258,죽이는 여자,애슐리 해밀턴,0,2020-08-23,개봉영화,북아메리카,NorthAmerica,1,335000,66,6200,572,horror,others,청소년관람불가,1,일반영화
259,무협: 더 코드,조니 우,0,2020-06-22,개봉영화,북아메리카,NorthAmerica,1,334880,65,5990,551,action,action,15세이상관람가,0,일반영화
260,안녕까지 30분,,0,2020-10-14,개봉영화,아시아,others,115,334478,43,186225,2432,fantasy,others,12세이상관람가,0,독립/예술영화
261,레미: 집 없는 아이,앙트완 블로시에르,0,2020-05-28,개봉영화,유럽,others,168,332424,42,149166,1875,family,others,전체관람가,0,독립/예술영화
262,빛의 아버지: 파이널 판타지 XIV,"노구치 테루오,야마모토 키요시",0,2021-01-14,개봉영화,아시아,others,98,331512,35,144691,1543,drama,drama,전체관람가,0,독립/예술영화
263,부산행:익스텐디드,연상호,2,2020-07-01,개봉영화,한국,Korea,88,328085,41,137635,1715,action,action,15세이상관람가,0,일반영화
264,모추어리 컬렉션,,0,2021-01-21,개봉영화,북아메리카,NorthAmerica,115,322418,38,121627,1425,fantasy,others,청소년관람불가,1,독립/예술영화
265,매지컬: 공주를 웃겨라,정윤철,0,2020-09-17,개봉영화,한국,Korea,220,318097,41,53531,642,animation,animation,전체관람가,0,일반영화
266,보테로,돈 밀러,0,2020-09-24,개봉영화,북아메리카,NorthAmerica,34,313018,38,215370,2406,documentary,others,전체관람가,0,독립/예술영화
267,카메론 포스트의 잘못된 교육,데지레 아카반,0,2020-06-04,개봉영화,북아메리카,NorthAmerica,108,312080,35,183536,2063,drama,drama,15세이상관람가,0,독립/예술영화
268,로그,M.J. 버세트,0,2020-11-25,개봉영화,북아메리카,NorthAmerica,180,312031,40,126136,1571,action,action,15세이상관람가,0,일반영화
269,주식회사 스페셜액터스,우에다 신이치로,0,2020-08-06,개봉영화,아시아,others,43,310334,36,220114,2396,comedy,comedy,전체관람가,0,독립/예술영화
270,누군가 어디에서 나를 기다리면 좋겠다,아르노 비야르,0,2020-12-17,개봉영화,유럽,others,54,310036,41,217267,2731,drama,drama,15세이상관람가,0,독립/예술영화
271,힐빌리의 노래,론 하워드,1,2020-11-11,개봉영화,북아메리카,NorthAmerica,84,306828,36,178455,2071,drama,drama,청소년관람불가,1,독립/예술영화
272,어서오시게스트하우스,심요한,0,2020-08-13,개봉영화,한국,Korea,58,306657,35,213100,2323,drama,drama,15세이상관람가,0,독립/예술영화
273,해피 디 데이,켄 마리노,0,2020-07-01,개봉영화,북아메리카,NorthAmerica,153,304938,37,120782,1441,comedy,comedy,전체관람가,0,독립/예술영화
274,용길이네 곱창집,정의신,0,2020-03-12,개봉영화,아시아,others,93,304632,38,147695,1846,drama,drama,15세이상관람가,0,독립/예술영화
275,스웨그,임성관,0,2020-12-10,개봉영화,한국,Korea,118,303007,32,189715,1998,drama,drama,15세이상관람가,0,독립/예술영화
276,카오산 탱고,김범삼,0,2020-07-30,개봉영화,한국,Korea,45,301669,37,219055,2474,drama,drama,12세이상관람가,0,독립/예술영화
277,나이브스 아웃,라이언 존슨,0,2019-12-04,개봉영화,북아메리카,NorthAmerica,686,300777,51,136820,2319,mystery,others,12세이상관람가,0,일반영화
278,헌티드 파크,타카하시 히로시,0,2020-05-06,개봉영화,아시아,others,143,300474,35,74084,823,horror,others,15세이상관람가,0,독립/예술영화
279,썸원 썸웨어,세드릭 클라피쉬,0,2020-04-29,개봉영화,유럽,others,37,299206,36,215013,2469,romance,romance,12세이상관람가,0,독립/예술영화
280,증발,김성민,0,2020-11-12,개봉영화,한국,Korea,35,286723,39,173901,2154,documentary,others,전체관람가,0,독립/예술영화
281,시라이,,0,2020-07-15,개봉영화,아시아,others,70,285716,33,45063,498,horror,others,15세이상관람가,0,독립/예술영화
282,비행,조성빈,0,2020-03-19,개봉영화,한국,Korea,128,284414,33,166862,1881,drama,drama,15세이상관람가,0,독립/예술영화
283,마샤와 곰: 최고 중에 최고,,0,2020-10-08,개봉영화,유럽,others,158,283945,35,43643,513,animation,animation,전체관람가,0,일반영화
284,맨슨 패밀리,앤드류 존스,0,2020-06-15,개봉영화,유럽,others,1,279800,55,170200,3532,horror,others,15세이상관람가,0,일반영화
285,호프,마리아 소달,0,2020-12-17,개봉영화,기타,others,171,277220,33,108693,1257,drama,drama,12세이상관람가,0,독립/예술영화
286,수퍼 소닉,제프 파울러,2,2020-02-12,개봉영화,북아메리카,NorthAmerica,609,274238,34,123642,1469,animation,animation,전체관람가,0,일반영화
287,루브르박물관 기획특별전,,2,2020-09-16,개봉영화,유럽,others,22,274080,21,136465,1050,documentary,others,전체관람가,0,일반영화
288,모리의 정원,오키타 슈이치,0,2020-03-26,개봉영화,아시아,others,66,272157,32,169803,1918,drama,drama,전체관람가,0,독립/예술영화
289,메탈리카와 샌프란시스코 심포니,,2,2020-05-20,개봉영화,북아메리카,NorthAmerica,41,271940,15,116060,653,show,others,12세이상관람가,0,일반영화
290,강철비2: 정상회담,양우석,2,2020-07-29,개봉영화,한국,Korea,2137,271594,103,232752,9807,drama,drama,15세이상관람가,0,일반영화
291,리암 갤러거,"찰리 라이트닝,게빈 피츠제럴드",0,2020-03-12,개봉영화,유럽,others,54,271158,27,194875,1837,documentary,others,15세이상관람가,0,독립/예술영화
292,소년시절의 너,증국상,0,2020-07-09,개봉영화,아시아,others,252,267478,40,124585,1790,romance,romance,15세이상관람가,0,독립/예술영화
293,가을의 마티네,니시타니 히로시,0,2020-12-31,개봉영화,아시아,others,19,264924,40,177013,2558,romance,romance,12세이상관람가,0,독립/예술영화
294,맛있는 녀석들,순 하이펑,0,2020-07-16,개봉영화,아시아,others,152,260450,33,38499,462,animation,animation,전체관람가,0,독립/예술영화
295,레벨 16,,0,2020-12-10,개봉영화,북아메리카,NorthAmerica,137,259283,29,100583,1066,thriller,others,15세이상관람가,0,독립/예술영화
296,태양의 소녀들,에바 허슨,0,2020-10-22,개봉영화,유럽,others,103,255810,30,137424,1501,drama,drama,15세이상관람가,0,독립/예술영화
297,공수도,채여준,0,2020-04-09,개봉영화,한국,Korea,79,250895,30,75245,930,action,action,15세이상관람가,0,일반영화
298,포드 V 페라리,제임스 맨골드,2,2019-12-04,개봉영화,북아메리카,NorthAmerica,986,244682,27,88527,1048,action,action,12세이상관람가,0,일반영화
299,리골레토,필립 슈톨츨,0,2020-04-05,개봉영화,유럽,others,6,244675,10,197416,803,show,others,12세이상관람가,0,일반영화
300,도미노,브라이언 드 팔마,0,2020-06-11,개봉영화,유럽,others,113,242854,27,115974,1293,criminal,criminal,15세이상관람가,0,독립/예술영화
301,타오르는 여인의 초상,셀린 시아마,0,2020-01-16,개봉영화,유럽,others,120,234310,28,137670,1623,drama,drama,15세이상관람가,0,독립/예술영화
302,블랙아웃 : 인베이젼 어스,예고르 바라노프,0,2020-08-05,개봉영화,유럽,others,51,232754,27,129869,1420,SF,others,15세이상관람가,0,일반영화
303,프리키 데스데이 순한맛,크리스토퍼 랜던,1,2020-12-10,개봉영화,북아메리카,NorthAmerica,159,232732,25,59652,637,comedy,comedy,15세이상관람가,0,일반영화
304,인퍼머스,,0,2020-11-11,개봉영화,북아메리카,NorthAmerica,135,230587,25,95180,998,criminal,criminal,청소년관람불가,1,독립/예술영화
305,"안녕, 미누",지혜원,0,2020-05-27,개봉영화,한국,Korea,25,229665,29,163080,2020,documentary,others,12세이상관람가,0,독립/예술영화
306,글로리아를 위하여,로베르 게디기앙,0,2020-10-29,개봉영화,유럽,others,36,228754,28,174531,2179,drama,drama,15세이상관람가,0,독립/예술영화
307,반교: 디텐션,존 쉬,0,2020-08-13,개봉영화,기타,others,128,228741,34,137671,2392,horror,others,15세이상관람가,0,독립/예술영화
308,사냥의 시간: 데스 게임,아론 머티스,0,2020-06-22,개봉영화,북아메리카,NorthAmerica,1,225015,45,5870,539,horror,others,청소년관람불가,1,일반영화
309,사일런싱,,0,2021-01-28,개봉영화,북아메리카,NorthAmerica,89,223112,29,94363,1236,horror,others,15세이상관람가,0,일반영화
310,인헤리턴스,,0,2020-06-25,개봉영화,북아메리카,NorthAmerica,58,222570,34,157660,2666,thriller,others,15세이상관람가,0,일반영화
311,악몽,송정우,0,2020-03-12,개봉영화,한국,Korea,165,219537,26,45372,497,mystery,others,청소년관람불가,1,독립/예술영화
312,고양이와 할아버지,미츠아키 이와고,0,2020-04-23,개봉영화,아시아,others,71,217493,26,123091,1445,drama,drama,전체관람가,0,독립/예술영화
313,그리드,마이클 윈터바텀,0,2020-10-15,개봉영화,유럽,others,66,214095,24,144517,1546,comedy,comedy,15세이상관람가,0,독립/예술영화
314,후쿠오카,장률,0,2020-08-27,개봉영화,한국,Korea,101,212970,26,105810,1277,drama,drama,15세이상관람가,0,독립/예술영화
315,피원에이치 : 새로운 세계의 시작,창,2,2020-10-08,개봉영화,한국,Korea,87,211092,23,120312,1223,drama,drama,15세이상관람가,0,일반영화
316,레전더리 콘서트: 헤르베르트 폰 카라얀,헤르베르트 폰 카라얀,0,2020-11-01,개봉영화,유럽,others,15,209760,7,128990,429,show,others,전체관람가,0,일반영화
317,엠마,어텀 드 와일드,1,2020-02-27,개봉영화,유럽,others,18,209065,29,134020,1803,comedy,comedy,12세이상관람가,0,독립/예술영화
318,런 보이 런,오원재,0,2020-05-28,개봉영화,한국,Korea,25,208937,30,113860,1536,drama,drama,15세이상관람가,0,일반영화
319,조커,토드 필립스,1,2019-10-02,개봉영화,북아메리카,NorthAmerica,1418,207455,21,107085,1071,action,action,15세이상관람가,0,일반영화
320,열혈형사,윤여창,0,2020-06-18,개봉영화,한국,Korea,121,205400,25,73810,850,comedy,comedy,12세이상관람가,0,일반영화
321,고양이 집사,이희섭,0,2020-05-14,개봉영화,한국,Korea,49,204722,24,113968,1287,documentary,others,전체관람가,0,독립/예술영화
322,나를 구하지 마세요,정연경,0,2020-09-10,개봉영화,한국,Korea,79,204038,23,105382,1140,drama,drama,12세이상관람가,0,독립/예술영화
323,후쿠오카,장률,0,2020-08-27,개봉영화,한국,Korea,101,202495,24,133731,1455,drama,drama,15세이상관람가,0,독립/예술영화
324,토스카,,0,2020-12-01,개봉영화,유럽,others,4,201759,7,139523,437,show,others,12세이상관람가,0,일반영화
325,나인스 게이트: 아홉 번째 살인,니콜라이 콤메리키,0,2020-11-04,개봉영화,유럽,others,93,199437,22,88404,962,adventure,others,15세이상관람가,0,일반영화
326,광주비디오: 사라진 4시간,이조훈,0,2020-07-16,개봉영화,한국,Korea,70,198405,26,83130,1033,documentary,others,12세이상관람가,0,독립/예술영화
327,포기와 베스,,0,2020-10-06,개봉영화,북아메리카,NorthAmerica,7,198239,8,146636,582,show,others,12세이상관람가,0,일반영화
328,너의 새는 노래할 수 있어,미야케 쇼,0,2020-04-16,개봉영화,아시아,others,37,197619,22,153420,1590,romance,romance,15세이상관람가,0,독립/예술영화
329,셰이프 오브 뮤직: 알렉상드르 데스플라,파스칼 쾨노,0,2020-08-13,개봉영화,유럽,others,30,195611,23,141521,1565,documentary,others,전체관람가,0,독립/예술영화
330,69세,임선애,0,2020-08-20,개봉영화,한국,Korea,105,195515,26,134420,1676,drama,drama,15세이상관람가,0,독립/예술영화
331,더 시크릿,유발 애들러,0,2021-01-21,개봉영화,유럽,others,72,195349,28,86178,1273,thriller,others,15세이상관람가,0,독립/예술영화
332,얼론,조니 마틴,0,2020-11-18,개봉영화,북아메리카,NorthAmerica,189,194743,23,70690,794,action,action,15세이상관람가,0,독립/예술영화
333,큰엄마의 미친봉고,백승환,0,2021-01-21,개봉영화,한국,Korea,67,193447,28,74309,1096,comedy,comedy,12세이상관람가,0,일반영화
334,그 누구도 아닌,아르노 데 팔리에르,0,2020-03-26,개봉영화,유럽,others,74,190510,23,127307,1537,drama,drama,15세이상관람가,0,독립/예술영화
335,버든: 세상을 바꾸는 힘,앤드류 헤클러,0,2020-11-25,개봉영화,북아메리카,NorthAmerica,82,187806,23,110708,1294,drama,drama,15세이상관람가,0,독립/예술영화
336,알피니스트 - 어느 카메라맨의 고백,"임일진,김민철",0,2020-10-15,개봉영화,한국,Korea,21,187624,23,119440,1451,documentary,others,12세이상관람가,0,독립/예술영화
337,코마,,0,2020-11-12,개봉영화,유럽,others,46,187395,26,121110,1652,SF,others,15세이상관람가,0,독립/예술영화
338,"하이, 젝시","존 루카스,스콧 무어",0,2020-02-19,개봉영화,북아메리카,NorthAmerica,205,186960,30,74265,1219,comedy,comedy,15세이상관람가,0,일반영화
339,우리가 이별 뒤에 알게 되는 것들,아이스링 친-이,0,2020-09-30,개봉영화,북아메리카,NorthAmerica,37,185797,23,119463,1353,drama,drama,12세이상관람가,0,독립/예술영화
340,보이콰이어,프랑소아 지라드,0,2020-05-14,개봉영화,북아메리카,NorthAmerica,74,185091,22,113682,1319,drama,drama,전체관람가,0,독립/예술영화
341,내언니전지현과 나,박윤진,0,2020-12-03,개봉영화,한국,Korea,36,183583,21,133070,1454,documentary,others,12세이상관람가,0,독립/예술영화
342,첫키스만 50번째,후쿠다 유이치,0,2020-03-26,개봉영화,아시아,others,117,183366,22,83162,975,comedy,comedy,12세이상관람가,0,독립/예술영화
343,핀란드 메탈밴드,,0,2020-04-09,개봉영화,유럽,others,59,180222,22,131467,1634,comedy,comedy,15세이상관람가,0,독립/예술영화
344,파라다이스 힐스,앨리스 웨딩턴,0,2020-03-19,개봉영화,유럽,others,109,178552,20,103605,1103,fantasy,others,12세이상관람가,0,독립/예술영화
345,엑설런트 어드벤쳐 3,딘 패리소트,0,2020-11-19,개봉영화,북아메리카,NorthAmerica,54,178330,34,70649,1275,adventure,others,12세이상관람가,0,일반영화
346,관계의 가나다에 있는 우리는,이인의,0,2021-01-28,개봉영화,한국,Korea,39,176581,24,117248,1499,drama,drama,전체관람가,0,독립/예술영화
347,베토벤 프로젝트,존 노이마이어,0,2020-07-12,개봉영화,유럽,others,13,176390,10,130130,774,show,others,전체관람가,0,일반영화
348,모든 것을 벗어던진 특별한 여행,,0,2020-07-29,개봉영화,호주,others,51,176357,22,120867,1467,comedy,comedy,15세이상관람가,0,독립/예술영화
349,숀더쉽 더 무비: 꼬마 외계인 룰라!,"리처드 펠런,윌 베처",0,2020-02-19,개봉영화,유럽,others,270,175867,25,45393,646,animation,animation,전체관람가,0,일반영화
350,레전더리 콘서트: 카를로스 클라이버,카를로스 클라이버,0,2020-12-02,개봉영화,유럽,others,14,171300,6,115030,381,show,others,전체관람가,0,일반영화
351,사랑이 눈뜰 때,마이클 메일러,0,2020-08-26,개봉영화,북아메리카,NorthAmerica,92,168378,22,74713,967,drama,drama,12세이상관람가,0,독립/예술영화
352,공포체험라디오 4DX,서정희,2,2020-09-16,개봉영화,한국,Korea,37,166040,18,60995,650,horror,others,15세이상관람가,0,일반영화
353,웰컴 투 X-월드,한태의,0,2020-10-29,개봉영화,한국,Korea,23,165224,21,127609,1444,documentary,others,전체관람가,0,독립/예술영화
354,용루각: 비정도시,최상훈,0,2020-12-03,개봉영화,한국,Korea,22,163082,27,60688,1024,action,action,청소년관람불가,1,일반영화
355,제이티 르로이,,0,2021-01-21,개봉영화,북아메리카,NorthAmerica,93,162667,20,81159,969,drama,drama,15세이상관람가,0,독립/예술영화
356,킬 스위치,,0,2020-07-01,개봉영화,북아메리카,NorthAmerica,51,162609,32,63609,1250,SF,others,15세이상관람가,0,일반영화
357,행복의 단추를 채우는 완벽한 방법,칼 헌터,0,2020-04-02,개봉영화,유럽,others,55,162501,20,108441,1280,comedy,comedy,12세이상관람가,0,독립/예술영화
358,기도의 힘,알렉스 켄드릭,0,2020-04-09,개봉영화,북아메리카,NorthAmerica,69,161932,20,72365,923,drama,drama,12세이상관람가,0,독립/예술영화
359,송 오브 러브,,0,2020-09-10,개봉영화,기타,others,48,161341,31,56676,1069,drama,drama,12세이상관람가,0,일반영화
360,위 섬온 더 다크니스,,0,2020-09-17,개봉영화,북아메리카,NorthAmerica,49,161013,31,54328,1053,horror,others,청소년관람불가,1,일반영화
361,함께 있을 수 있다면,끌로드 베리,0,2020-12-24,개봉영화,유럽,others,30,158766,21,92772,1185,romance,romance,12세이상관람가,0,독립/예술영화
362,걸즈 앤 판처 제? 63회 전차도 전국 고교생 대회,미즈시마 츠토무,0,2020-04-09,개봉영화,아시아,others,11,154655,17,104145,1102,animation,animation,12세이상관람가,0,일반영화
363,캐리비안 해적과 마법 다이아몬드,라스무스 A. 실버르센,0,2020-08-26,개봉영화,유럽,others,138,153683,19,29539,353,animation,animation,전체관람가,0,일반영화
364,찬실이는 복도 많지,김초희,0,2020-03-05,개봉영화,한국,Korea,241,151594,16,107756,1050,drama,drama,전체관람가,0,독립/예술영화
365,래시 컴 홈,올더디센 하노,0,2021-01-07,개봉영화,유럽,others,13,150225,25,84053,1392,family,others,전체관람가,0,독립/예술영화
366,프린세스 에미: 마법 책의 비밀,피엣 드 라이커,0,2020-11-26,개봉영화,유럽,others,133,145558,19,14604,181,animation,animation,전체관람가,0,일반영화
367,극장판 시티헌터: 신주쿠 프라이빗 아이즈,코다마 켄지,0,2020-06-18,개봉영화,아시아,others,64,143190,21,65955,912,animation,animation,12세이상관람가,0,독립/예술영화
368,마담 버터플라이,,0,2020-05-05,개봉영화,북아메리카,NorthAmerica,6,143049,6,100872,396,show,others,전체관람가,0,일반영화
369,파리 오페라 발레단,"티에리 데마이지에르,알반 테우를라이",0,2020-06-11,개봉영화,유럽,others,18,142875,18,109580,1341,documentary,others,전체관람가,0,독립/예술영화
370,태백권,최상훈,0,2020-08-20,개봉영화,한국,Korea,62,142478,20,59920,941,comedy,comedy,15세이상관람가,0,일반영화
371,팡파레,이돈구,0,2020-07-09,개봉영화,한국,Korea,24,141420,16,104070,1100,drama,drama,청소년관람불가,1,독립/예술영화
372,마치다군의 세계,이시이 유야,0,2020-11-12,개봉영화,아시아,others,44,141242,15,105928,1076,romance,romance,전체관람가,0,독립/예술영화
373,범털,강태호,0,2020-05-14,개봉영화,한국,Korea,48,140236,17,30093,340,criminal,criminal,15세이상관람가,0,독립/예술영화
374,네 멋대로 해라: 장 뤽 고다르,미셀 하자나비시우스,0,2020-03-19,개봉영화,유럽,others,93,138296,17,80297,978,comedy,comedy,15세이상관람가,0,독립/예술영화
375,피가로의 결혼,그레이엄 빅,0,2020-05-01,개봉영화,유럽,others,4,136955,5,97035,325,show,others,12세이상관람가,0,일반영화
376,프리즈너,양길영,0,2020-07-23,개봉영화,한국,Korea,49,136424,17,40755,490,action,action,15세이상관람가,0,일반영화
377,블러드샷,데이브 윌슨,1,2020-05-21,개봉영화,북아메리카,NorthAmerica,8,135680,18,86760,1212,action,action,15세이상관람가,0,일반영화
378,김일성의 아이들,김덕영,0,2020-06-25,개봉영화,한국,Korea,13,130685,17,95195,1233,documentary,others,전체관람가,0,독립/예술영화
379,컨택트 2020,,0,2020-07-15,개봉영화,북아메리카,NorthAmerica,1,130170,26,49170,956,SF,others,12세이상관람가,0,일반영화
380,큐리오사,루 주네,0,2020-08-06,개봉영화,유럽,others,19,129698,15,82381,875,drama,drama,청소년관람불가,1,독립/예술영화
381,제인의 썸머,송은주,0,2020-06-18,개봉영화,한국,Korea,43,125755,22,110945,2013,romance,romance,청소년관람불가,1,일반영화
382,뮤직 앤 리얼리티,"빅 포니,스티브 리",0,2020-12-23,개봉영화,한국,Korea,38,122814,14,85066,946,drama,drama,12세이상관람가,0,독립/예술영화
383,살로메,로메오 카스텔루치,0,2020-09-20,개봉영화,유럽,others,8,122236,5,89218,347,show,others,15세이상관람가,0,일반영화
384,그날이 온다,크리스토퍼 모리스,0,2020-12-09,개봉영화,유럽,others,105,122019,14,56510,594,comedy,comedy,15세이상관람가,0,독립/예술영화
385,얼굴없는 보스: 못다한 이야기 감독판,임성용,0,2020-05-13,개봉영화,한국,Korea,50,121572,17,22878,332,criminal,criminal,15세이상관람가,0,일반영화
386,겨울밤에,장우진,0,2020-12-10,개봉영화,한국,Korea,49,120840,14,78356,869,drama,drama,12세이상관람가,0,독립/예술영화
387,아르코라이브 뮤지컬 안테모사,"이정민,오미선",0,2020-03-25,개봉영화,한국,Korea,16,120595,10,64050,536,show,others,전체관람가,0,일반영화
388,바람의 언덕,박석영,0,2020-04-23,개봉영화,한국,Korea,28,120549,17,75054,1078,drama,drama,전체관람가,0,독립/예술영화
389,우리집 똥멍청이,이반 아탈,0,2020-07-22,개봉영화,유럽,others,79,119836,15,32652,396,comedy,comedy,15세이상관람가,0,독립/예술영화
390,스왈로우,카를로 미라벨라 데이비스,0,2020-07-03,개봉영화,북아메리카,NorthAmerica,10,119800,15,74860,951,mystery,others,15세이상관람가,0,독립/예술영화
391,라이어트: 기계들의 역습,,0,2020-12-23,개봉영화,북아메리카,NorthAmerica,52,119759,23,103509,1958,SF,others,15세이상관람가,0,일반영화
392,싸커 퀸즈,모하메드 하미디,0,2020-05-27,개봉영화,유럽,others,57,119326,15,83757,1075,comedy,comedy,12세이상관람가,0,독립/예술영화
393,반도,연상호,2,2020-07-15,개봉영화,한국,Korea,2575,118210,18,93260,1440,action,action,15세이상관람가,0,일반영화
394,벌새,김보라,0,2019-08-29,개봉영화,한국,Korea,145,117724,14,87245,995,drama,drama,15세이상관람가,0,독립/예술영화
395,아이 빌리브,,0,2020-11-05,개봉영화,북아메리카,NorthAmerica,75,117576,14,50825,607,drama,drama,전체관람가,0,일반영화
396,피아니스트의 전설,쥬세페 토르나토레,0,2020-01-01,개봉영화,유럽,others,69,116535,23,63390,1231,drama,drama,15세이상관람가,0,독립/예술영화
397,세비야의 이발사,,0,2020-03-03,개봉영화,유럽,others,5,115805,4,62245,207,show,others,전체관람가,0,일반영화
398,지옥의 오르페,"베리 코스키,마이클 베이어",0,2020-10-25,개봉영화,유럽,others,7,114791,5,87814,353,show,others,청소년관람불가,1,일반영화
399,크루아상,조성규,0,2021-01-21,개봉영화,한국,Korea,42,114635,12,70073,736,drama,drama,12세이상관람가,0,독립/예술영화
400,엠티맨,,2,2020-11-19,개봉영화,북아메리카,NorthAmerica,100,113141,13,49678,556,horror,others,15세이상관람가,0,일반영화
401,코드 8,,0,2020-07-02,개봉영화,북아메리카,NorthAmerica,82,112414,14,33380,400,SF,others,15세이상관람가,0,일반영화
402,피델리오,,0,2020-05-31,개봉영화,유럽,others,7,112308,5,81943,330,show,others,전체관람가,0,일반영화
403,아웃사이더,"가한진,후닝 유안",0,2020-04-02,개봉영화,아시아,others,96,110273,14,44979,548,etc,others,청소년관람불가,1,독립/예술영화
404,빈폴,칸테미르 발라고프,0,2020-02-27,개봉영화,유럽,others,33,109310,14,82388,1006,drama,drama,15세이상관람가,0,독립/예술영화
405,다니엘 이즌 리얼,아담 이집트 모티머,0,2020-04-09,개봉영화,북아메리카,NorthAmerica,36,109140,12,59420,635,thriller,others,청소년관람불가,1,독립/예술영화
406,라스트 프론티어,,0,2021-01-14,개봉영화,유럽,others,20,108245,18,88419,1606,war,others,15세이상관람가,0,독립/예술영화
407,어트랙션,"만스 말린드,비욘 스테인",0,2020-09-17,개봉영화,유럽,others,101,108076,13,44521,522,drama,drama,12세이상관람가,0,독립/예술영화
408,극장판 미니특공대: 공룡왕 디노,이영준,0,2020-02-06,개봉영화,한국,Korea,485,107920,15,7695,96,animation,animation,전체관람가,0,일반영화
409,스카이와 친구들: 로보시티의 비밀,,0,2020-12-10,개봉영화,기타,others,83,107657,14,12597,145,animation,animation,전체관람가,0,일반영화
410,황무지 5월의 고해,김태영,0,2020-10-28,개봉영화,한국,Korea,39,106245,13,67880,824,drama,drama,15세이상관람가,0,독립/예술영화
411,디어 마이 지니어스,구윤주,0,2020-10-22,개봉영화,한국,Korea,14,105824,18,47489,711,documentary,others,전체관람가,0,독립/예술영화
412,비홀드 마이 하트,조슈아 레오나드,0,2020-05-21,개봉영화,북아메리카,NorthAmerica,47,104673,12,77315,911,drama,drama,12세이상관람가,0,독립/예술영화
413,페인티드 버드,,0,2020-03-26,개봉영화,유럽,others,12,104043,11,97639,1024,drama,drama,청소년관람불가,1,독립/예술영화
414,겨울왕국 2,"크리스 벅,제니퍼 리",2,2019-11-21,개봉영화,북아메리카,NorthAmerica,2648,103877,16,54632,799,animation,animation,전체관람가,0,일반영화
415,앙상블,정형석,0,2020-11-05,개봉영화,한국,Korea,52,103766,11,64125,678,drama,drama,12세이상관람가,0,독립/예술영화
416,포스 오브 네이쳐,마이클 폴리쉬,0,2020-07-01,개봉영화,북아메리카,NorthAmerica,46,101802,15,56503,871,action,action,15세이상관람가,0,일반영화
417,레전더리 콘서트: 레너드 번스타인,,0,2021-01-03,개봉영화,유럽,others,12,101325,4,67165,229,show,others,전체관람가,0,일반영화
418,욕창,심혜정,0,2020-07-02,개봉영화,한국,Korea,17,100676,13,64701,736,drama,drama,12세이상관람가,0,독립/예술영화
419,예티: 신비한 동물 탐험대,"피에르 그레코,낸시 플로렌스 사바드",0,2020-10-08,개봉영화,북아메리카,NorthAmerica,78,100322,13,10230,131,animation,animation,전체관람가,0,독립/예술영화
420,투란도트,프랑코 제피렐리,0,2020-02-08,개봉영화,북아메리카,NorthAmerica,5,100125,4,73530,278,show,others,12세이상관람가,0,일반영화
421,그녀의 비밀정원,김인식,0,2020-04-22,개봉영화,한국,Korea,79,99669,13,29059,375,drama,drama,15세이상관람가,0,독립/예술영화
422,라 보엠,,0,2020-11-29,개봉영화,유럽,others,7,97194,4,70690,278,show,others,전체관람가,0,일반영화
423,어쩌다 아스널,줄리엔 라페뉴,0,2020-05-13,개봉영화,유럽,others,85,95649,12,37812,500,drama,drama,전체관람가,0,독립/예술영화
424,마지막 휴가,노거경,0,2020-12-10,개봉영화,한국,Korea,11,95610,12,63190,790,etc,others,15세이상관람가,0,독립/예술영화
425,기억의 전쟁,이길보라,0,2020-02-27,개봉영화,한국,Korea,14,95163,12,77781,875,documentary,others,12세이상관람가,0,독립/예술영화
426,백두산,"이해준,김병서",2,2019-12-19,개봉영화,한국,Korea,19,94700,10,0,0,adventure,others,12세이상관람가,0,일반영화
427,1945: 포인트 오브 노 리턴,릭 로버츠,0,2020-06-24,개봉영화,유럽,others,47,93442,14,28619,392,war,others,15세이상관람가,0,일반영화
428,킬러맨,말릭 베이더,0,2020-08-13,개봉영화,북아메리카,NorthAmerica,25,91923,11,55383,690,action,action,청소년관람불가,1,일반영화
429,국도극장: 감독판,전지희,0,2020-05-29,개봉영화,한국,Korea,1,90460,11,63050,700,drama,drama,12세이상관람가,0,독립/예술영화
430,스킨,기 나티브,0,2020-03-19,개봉영화,북아메리카,NorthAmerica,34,88252,11,58182,754,drama,drama,청소년관람불가,1,독립/예술영화
431,사랑의 묘약,,0,2020-06-02,개봉영화,유럽,others,5,87400,3,67845,229,show,others,12세이상관람가,0,일반영화
432,왕과 나: 런던 팔라디움 극장 뮤지컬,게리 할버슨,2,2020-04-29,개봉영화,유럽,others,12,87370,5,46725,276,show,others,전체관람가,0,일반영화
433,히트맨,최원섭,2,2020-01-22,개봉영화,한국,Korea,1122,86896,10,44780,463,comedy,comedy,15세이상관람가,0,일반영화
434,래드윔프스 안티 안티 제너레이션 2019,,0,2020-11-05,개봉영화,아시아,others,27,85490,5,38875,216,show,others,전체관람가,0,일반영화
435,구르는 수레바퀴,문정윤,0,2020-09-23,개봉영화,한국,Korea,4,85100,11,84190,1060,family,others,12세이상관람가,0,독립/예술영화
436,버즈 오브 프레이(할리 퀸의 황홀한 해방),캐시 얀,1,2020-02-05,개봉영화,북아메리카,NorthAmerica,963,84228,10,70750,806,action,action,15세이상관람가,0,일반영화
437,구직자들,황승재,0,2020-11-12,개봉영화,한국,Korea,29,84047,9,59211,631,SF,others,전체관람가,0,독립/예술영화
438,바다로 가자,김량,0,2020-06-18,개봉영화,한국,Korea,15,83625,12,64585,977,family,others,전체관람가,0,독립/예술영화
439,팔리아치,마리오 마르토네,0,2020-07-03,개봉영화,유럽,others,5,83547,3,48636,162,show,others,12세이상관람가,0,일반영화
440,꿀벌과 천둥,이시카와 케이,0,2020-10-29,개봉영화,아시아,others,35,82706,9,40411,431,drama,drama,전체관람가,0,독립/예술영화
441,리메인,김민경,0,2020-08-27,개봉영화,한국,Korea,45,82207,10,43482,476,drama,drama,청소년관람불가,1,독립/예술영화
442,장 미쉘 바스키아: 더 레이디언트 차일드,탐라 데이비스,2,2020-12-09,개봉영화,북아메리카,NorthAmerica,18,79791,9,53813,580,documentary,others,12세이상관람가,0,일반영화
443,파도를 걷는 소년,최창환,0,2020-05-14,개봉영화,한국,Korea,25,79542,9,48372,518,drama,drama,15세이상관람가,0,독립/예술영화
444,해피 해피 레스토랑,후카가와 요시히로,0,2020-05-14,개봉영화,아시아,others,24,79401,10,66758,855,family,others,전체관람가,0,독립/예술영화
445,어게인,조창열,0,2020-07-30,개봉영화,한국,Korea,22,78995,10,62650,773,musical,others,12세이상관람가,0,독립/예술영화
446,마농,로랑 펠리,0,2020-03-31,개봉영화,북아메리카,NorthAmerica,5,78943,3,66547,284,show,others,12세이상관람가,0,일반영화
447,족벌 두 신문 이야기,"김용진,박중석",0,2021-01-01,개봉영화,한국,Korea,10,78794,10,56214,686,documentary,others,12세이상관람가,0,독립/예술영화
448,438일,예스퍼 갠스란트,0,2021-01-21,개봉영화,기타,others,40,78728,10,41084,500,drama,drama,15세이상관람가,0,독립/예술영화
449,산티아고의 흰 지팡이,이종은,0,2020-03-19,개봉영화,한국,Korea,21,77995,10,57921,708,documentary,others,전체관람가,0,독립/예술영화
450,아이리시맨,마틴 스코세이지,0,2019-11-20,개봉영화,북아메리카,NorthAmerica,68,77477,16,35338,694,criminal,criminal,청소년관람불가,1,독립/예술영화
451,요요현상,고두현,0,2021-01-14,개봉영화,한국,Korea,27,76958,8,53316,516,documentary,others,전체관람가,0,독립/예술영화
452,체이싱,,0,2020-04-23,개봉영화,유럽,others,60,76931,10,19275,254,action,action,15세이상관람가,0,일반영화
453,시체들의 새벽: 컨테이젼,헥터 헤르난데즈 비센스,0,2020-04-09,개봉영화,유럽,others,52,76519,9,26909,298,horror,others,청소년관람불가,1,일반영화
454,"이별유예, 일주일",김규현,0,2020-12-09,개봉영화,한국,Korea,29,75860,8,33865,348,drama,drama,15세이상관람가,0,일반영화
455,에듀케이션,김덕중,0,2020-11-26,개봉영화,한국,Korea,23,75107,9,55305,598,drama,drama,12세이상관람가,0,독립/예술영화
456,마라가 큰 결정을 해야 해,로버트 루케틱,0,2021-01-07,개봉영화,북아메리카,NorthAmerica,79,74759,9,28308,321,romance,romance,15세이상관람가,0,일반영화
457,시크릿 가든,마크 먼든,0,2020-08-19,개봉영화,유럽,others,267,72640,9,56145,696,drama,drama,전체관람가,0,독립/예술영화
458,해머 오브 갓,파렌 블랙번,0,2020-11-25,개봉영화,유럽,others,42,71755,10,24490,314,action,action,청소년관람불가,1,독립/예술영화
459,극장판 시로바코,미즈시마 츠토무,0,2020-08-20,개봉영화,아시아,others,64,70159,8,50184,569,animation,animation,12세이상관람가,0,일반영화
460,나의이름,허동우,0,2020-10-14,개봉영화,한국,Korea,38,69975,8,48195,560,romance,romance,12세이상관람가,0,독립/예술영화
461,조쉬 그로반: 브리지스 뉴욕 매디슨스퀘어가든 콘서트,,2,2020-05-20,개봉영화,유럽,others,20,69885,4,29470,165,show,others,전체관람가,0,일반영화
462,마음에 부는 바람,윤석호,0,2020-11-05,개봉영화,아시아,others,13,69530,8,63455,739,etc,others,12세이상관람가,0,독립/예술영화
463,O.J. 심슨 사건 파일,다니엘 패런즈,0,2020-08-05,개봉영화,북아메리카,NorthAmerica,50,69060,14,51660,1026,thriller,others,청소년관람불가,1,일반영화
464,리메인,김민경,0,2020-08-27,개봉영화,한국,Korea,45,67099,9,13409,156,drama,drama,청소년관람불가,1,독립/예술영화
465,하이큐!! 땅 VS 하늘,미츠나카 스스무,0,2020-01-23,개봉영화,아시아,others,82,66717,9,41438,512,animation,animation,전체관람가,0,일반영화
466,나의 작은 동무,,0,2021-01-14,개봉영화,기타,others,40,65264,8,34246,358,drama,drama,12세이상관람가,0,독립/예술영화
467,낙엽귀근,장양,0,2020-09-24,개봉영화,아시아,others,23,62599,8,38934,460,comedy,comedy,15세이상관람가,0,독립/예술영화
468,천사는 바이러스,김성준,0,2021-01-06,개봉영화,한국,Korea,44,61157,8,24048,278,drama,drama,15세이상관람가,0,독립/예술영화
469,래미의 드래곤월드 구출작전,웨이밍 황,0,2020-07-16,개봉영화,아시아,others,65,60673,8,6345,74,animation,animation,전체관람가,0,일반영화
470,프리저베이션홀 재즈밴드,"T.G. 헤링턴,대니 클린치",0,2020-04-02,개봉영화,북아메리카,NorthAmerica,30,60173,7,39670,453,documentary,others,전체관람가,0,독립/예술영화
471,남산의 부장들,우민호,2,2020-01-22,개봉영화,한국,Korea,1659,59045,7,25603,315,drama,drama,15세이상관람가,0,일반영화
472,선생님과 길고양이,후카가와 요시히로,0,2020-04-09,개봉영화,아시아,others,53,58608,7,32481,401,comedy,comedy,전체관람가,0,독립/예술영화
473,아메리칸 잡,마크 스티븐 존슨,0,2020-09-03,개봉영화,북아메리카,NorthAmerica,36,58477,22,26253,332,criminal,criminal,15세이상관람가,0,일반영화
474,결혼 이야기,노아 바움백,0,2019-11-27,개봉영화,유럽,others,83,57831,12,31898,650,romance,romance,15세이상관람가,0,독립/예술영화
475,모탈: 레전드 오브 토르,안드레 외브레달,0,2020-07-09,개봉영화,기타,others,28,57421,8,39861,590,action,action,12세이상관람가,0,독립/예술영화
476,아틸라,,0,2020-04-03,개봉영화,유럽,others,5,56500,2,40920,134,show,others,15세이상관람가,0,일반영화
477,유쾌한 과부,다미아노 미키엘레토,0,2020-10-02,개봉영화,유럽,others,4,55130,2,31545,102,show,others,12세이상관람가,0,일반영화
478,펠리칸 베이커리,,0,2020-04-02,개봉영화,아시아,others,28,54921,7,37801,449,documentary,others,전체관람가,0,독립/예술영화
479,초능력소년사건,채수응,0,2020-05-28,개봉영화,아시아,others,12,53059,6,49324,520,drama,drama,12세이상관람가,0,독립/예술영화
480,윤희에게,임대형,0,2019-11-14,개봉영화,한국,Korea,317,52410,7,35225,481,romance,romance,12세이상관람가,0,독립/예술영화
481,마농 레스코,,0,2020-08-03,개봉영화,유럽,others,5,52407,2,36650,113,show,others,12세이상관람가,0,일반영화
482,쉬 네버 다이,오드리 커밍스,0,2020-04-02,개봉영화,북아메리카,NorthAmerica,41,52247,6,21545,268,thriller,others,청소년관람불가,1,독립/예술영화
483,치어리딩 클럽,자라 헤이즈,0,2020-09-10,개봉영화,북아메리카,NorthAmerica,35,51452,7,32513,421,comedy,comedy,12세이상관람가,0,독립/예술영화
484,장마,"이용남,음정현",0,2020-02-27,개봉영화,한국,Korea,1,50310,10,50140,990,documentary,others,전체관람가,0,독립/예술영화
485,동아시아반일무장전선,김미례,0,2020-08-20,개봉영화,한국,Korea,23,49405,6,37190,429,documentary,others,15세이상관람가,0,독립/예술영화
486,로맨틱 코미디,,0,2020-12-03,개봉영화,북아메리카,NorthAmerica,28,49195,6,32152,355,documentary,others,12세이상관람가,0,독립/예술영화
487,기도의 막이 내릴 때,후쿠자와 카츠오,0,2020-05-14,개봉영화,아시아,others,33,48745,6,26973,323,drama,drama,15세이상관람가,0,독립/예술영화
488,백년의 기억,피에르 올리비에 프랑수아,0,2020-06-11,개봉영화,유럽,others,6,48635,7,28250,343,documentary,others,전체관람가,0,독립/예술영화
489,나의 인생여행,,0,2020-12-10,개봉영화,유럽,others,31,48222,6,26823,327,drama,drama,15세이상관람가,0,독립/예술영화
490,전쟁,요크 샤클톤,0,2020-12-30,개봉영화,북아메리카,NorthAmerica,35,47629,7,11909,170,action,action,15세이상관람가,0,일반영화
491,내 사랑 찾기,,0,2020-10-22,개봉영화,북아메리카,NorthAmerica,38,45573,6,20433,249,romance,romance,12세이상관람가,0,독립/예술영화
492,뮤지컬 버드나무에 부는 바람,,0,2020-10-07,개봉영화,유럽,others,11,44765,3,26115,148,musical,others,전체관람가,0,일반영화
493,늙은 부부이야기: 스테이지 무비,신태연,0,2020-08-19,개봉영화,한국,Korea,16,43965,4,28620,303,show,others,12세이상관람가,0,독립/예술영화
494,귀여운 남자,김정욱,0,2021-01-14,개봉영화,한국,Korea,41,43765,5,11594,136,comedy,comedy,15세이상관람가,0,독립/예술영화
495,최미역행,판위린,0,2020-11-25,개봉영화,아시아,others,20,43505,6,22040,289,drama,drama,12세이상관람가,0,독립/예술영화
496,쓰루 더 파이어,,0,2020-07-23,개봉영화,유럽,others,23,43418,6,29463,395,drama,drama,15세이상관람가,0,독립/예술영화
497,캐리비안 해적과 마법 다이아몬드,라스무스 A. 실버르센,0,2020-08-26,개봉영화,유럽,others,138,43127,6,6156,77,animation,animation,전체관람가,0,일반영화
498,블러드 킬,제임스 쿨렌 브레삭,0,2020-09-28,개봉영화,북아메리카,NorthAmerica,50,42835,8,6035,93,criminal,criminal,15세이상관람가,0,일반영화
499,무협강호,,0,2020-11-13,개봉영화,아시아,others,48,42300,8,6300,104,action,action,12세이상관람가,0,일반영화
500,플레인 하이스트,앤드류 로렌스,0,2020-09-29,개봉영화,북아메리카,NorthAmerica,50,42110,9,12000,240,action,action,15세이상관람가,0,일반영화
501,이별식당,임왕태,0,2020-08-27,개봉영화,한국,Korea,24,42106,5,28814,352,musical,others,12세이상관람가,0,독립/예술영화
502,메피스토,김동후,0,2020-09-10,개봉영화,한국,Korea,30,40549,5,27109,324,drama,drama,15세이상관람가,0,독립/예술영화
503,파이널 킬,저스틴 리,0,2020-09-21,개봉영화,북아메리카,NorthAmerica,49,40460,8,3660,68,action,action,15세이상관람가,0,일반영화
504,도둑까치,,0,2020-11-03,개봉영화,유럽,others,4,39656,2,26335,93,show,others,전체관람가,0,일반영화
505,뮤지컬 남극 탐험가는 나를 좋아해,데이빗 혼,0,2020-09-16,개봉영화,북아메리카,NorthAmerica,16,39400,2,20510,114,musical,others,15세이상관람가,0,일반영화
506,이 마스나디에리,데이비드 맥비커,0,2020-09-01,개봉영화,유럽,others,3,36041,2,20816,74,show,others,12세이상관람가,0,일반영화
507,여름날,오정석,0,2020-08-20,개봉영화,한국,Korea,12,35180,4,26430,305,drama,drama,전체관람가,0,독립/예술영화
508,테우리,이난,0,2020-07-09,개봉영화,한국,Korea,16,35060,4,28950,343,drama,drama,15세이상관람가,0,독립/예술영화
509,슈퍼펫,벤 스미스,0,2020-08-13,개봉영화,유럽,others,5,35000,7,0,0,animation,animation,전체관람가,0,독립/예술영화
510,사랑이 눈뜰 때,마이클 메일러,0,2020-08-26,개봉영화,북아메리카,NorthAmerica,92,34843,5,16863,228,drama,drama,12세이상관람가,0,독립/예술영화
511,선샤인 패밀리,김태식,0,2020-12-31,개봉영화,한국,Korea,26,34806,4,21721,245,drama,drama,12세이상관람가,0,독립/예술영화
512,골든맨,빈센조 알피리,0,2021-01-27,개봉영화,유럽,others,25,33266,4,9556,130,criminal,criminal,15세이상관람가,0,독립/예술영화
513,이십일세기 소녀,야마토 유키,0,2020-09-03,개봉영화,아시아,others,20,32794,4,26554,292,drama,drama,15세이상관람가,0,독립/예술영화
514,루비,박한진,0,2020-07-30,개봉영화,한국,Korea,12,32629,4,29154,329,drama,drama,12세이상관람가,0,독립/예술영화
515,워터 릴리스,셀린 시아마,0,2020-08-13,개봉영화,유럽,others,89,32555,4,23755,265,drama,drama,15세이상관람가,0,독립/예술영화
516,메기,이옥섭,0,2019-09-26,개봉영화,한국,Korea,155,32500,4,25010,301,mystery,others,15세이상관람가,0,독립/예술영화
517,퀸 오브 아이스,안네 세비스퀴,0,2020-03-26,개봉영화,유럽,others,36,31098,4,17469,239,drama,drama,15세이상관람가,0,독립/예술영화
518,두 교황,페르난도 메이렐레스,0,2019-12-11,개봉영화,북아메리카,NorthAmerica,66,30498,6,17673,337,drama,drama,12세이상관람가,0,독립/예술영화
519,사라센의 칼,임재영,0,2021-01-14,개봉영화,한국,Korea,14,30450,3,20809,217,drama,drama,15세이상관람가,0,독립/예술영화
520,킹 오브 프리즘 올 스타즈 -프리즘 쇼☆베스트10-,히시다 마사카즈,0,2020-04-02,개봉영화,아시아,others,55,30320,4,18786,216,animation,animation,12세이상관람가,0,일반영화
521,게임의 법칙: 인간사냥,이수성,0,2021-01-28,개봉영화,한국,Korea,20,30110,4,12565,155,thriller,others,청소년관람불가,1,일반영화
522,하트,정가영,0,2020-02-27,개봉영화,한국,Korea,11,29465,4,24075,287,drama,drama,청소년관람불가,1,독립/예술영화
523,동아시아반일무장전선,김미례,0,2020-08-20,개봉영화,한국,Korea,23,29050,4,25000,326,documentary,others,15세이상관람가,0,독립/예술영화
524,시체들의 새벽,조지 A. 로메로,0,2020-04-15,개봉영화,북아메리카,NorthAmerica,8,28912,3,26583,298,horror,others,15세이상관람가,0,독립/예술영화
525,페인 앤 글로리,페드로 알모도바르,0,2020-02-05,개봉영화,유럽,others,198,27119,3,25084,284,drama,drama,청소년관람불가,1,독립/예술영화
526,머리카락,이미해,0,2020-12-10,개봉영화,한국,Korea,12,26467,3,19901,210,documentary,others,전체관람가,0,독립/예술영화
527,스윈들러,이동환,0,2020-10-08,개봉영화,한국,Korea,16,26340,3,16545,201,drama,drama,15세이상관람가,0,독립/예술영화
528,"오늘, 우리 2","양재준,이나연,이준섭,여장천",0,2021-01-21,개봉영화,한국,Korea,14,26332,3,20652,234,drama,drama,12세이상관람가,0,독립/예술영화
529,국도극장,전지희,0,2020-05-29,개봉영화,한국,Korea,7,25810,3,14010,171,drama,drama,12세이상관람가,0,독립/예술영화
530,16세의 사운드트랙,힐러리 셰익스피어,0,2020-07-02,개봉영화,유럽,others,19,24604,3,15029,165,comedy,comedy,12세이상관람가,0,독립/예술영화
531,낮손님,박세민,0,2020-04-15,개봉영화,한국,Korea,19,24045,3,20370,286,comedy,comedy,청소년관람불가,1,일반영화
532,보체크,윌리엄 켄트리지,0,2020-08-18,개봉영화,북아메리카,NorthAmerica,6,23179,1,18521,80,show,others,12세이상관람가,0,일반영화
533,인플루언서,오영근,0,2020-11-25,개봉영화,한국,Korea,7,22929,2,17390,164,documentary,others,전체관람가,0,일반영화
534,마티아스와 막심,자비에 돌란,0,2020-07-23,개봉영화,북아메리카,NorthAmerica,91,22810,2,21940,197,drama,drama,15세이상관람가,0,독립/예술영화
535,엽문 리부트 2020,이입명,0,2020-11-26,개봉영화,아시아,others,24,22778,3,3639,48,action,action,12세이상관람가,0,독립/예술영화
536,래미와 친구들: 푸른푸른 초원의 위기,웨이밍 황,0,2020-07-30,개봉영화,아시아,others,18,22526,3,3741,47,animation,animation,전체관람가,0,일반영화
537,문신을 한 신부님,얀 코마사,0,2020-02-13,개봉영화,유럽,others,57,22284,3,15314,177,drama,drama,15세이상관람가,0,독립/예술영화
538,밤쉘: 세상을 바꾼 폭탄선언,제이 로치,0,2020-07-08,개봉영화,북아메리카,NorthAmerica,882,21960,4,21800,428,drama,drama,15세이상관람가,0,독립/예술영화
539,더 워닝,다니엘 칼파소로,0,2020-05-06,개봉영화,유럽,others,32,20685,4,7205,140,thriller,others,15세이상관람가,0,독립/예술영화
540,더 테러리스트,,0,2020-02-26,개봉영화,기타,others,17,20410,3,16386,214,criminal,criminal,15세이상관람가,0,독립/예술영화
541,데드워터,,0,2020-05-28,개봉영화,북아메리카,NorthAmerica,10,20000,4,0,0,thriller,others,15세이상관람가,0,독립/예술영화
542,이웃의 아내,아론 하비,0,2020-05-26,개봉영화,북아메리카,NorthAmerica,10,20000,4,0,0,thriller,others,15세이상관람가,0,독립/예술영화
543,붉은 눈,,0,2020-12-24,개봉영화,아시아,others,5,19654,4,15654,299,mystery,others,청소년관람불가,1,독립/예술영화
544,맨슨 패밀리,앤드류 존스,0,2020-06-15,개봉영화,유럽,others,1,19420,19,19410,1863,horror,others,15세이상관람가,0,일반영화
545,"시, 나리오",김동원,0,2020-07-02,개봉영화,한국,Korea,18,19280,2,9395,104,drama,drama,15세이상관람가,0,독립/예술영화
546,소년 아메드,"장 피에르 다르덴,뤽 다르덴",0,2020-07-30,개봉영화,유럽,others,82,19195,4,17300,341,drama,drama,12세이상관람가,0,독립/예술영화
547,무협: 더 코드,조니 우,0,2020-06-22,개봉영화,북아메리카,NorthAmerica,1,18880,18,18870,1821,action,action,15세이상관람가,0,일반영화
548,사냥의 시간: 데스 게임,아론 머티스,0,2020-06-22,개봉영화,북아메리카,NorthAmerica,1,18690,18,18680,1798,horror,others,청소년관람불가,1,일반영화
549,이 멋진 세계에 축복을! 붉은 전설,카나사키 타카오미,0,2020-02-06,개봉영화,아시아,others,57,18554,2,18554,213,animation,animation,15세이상관람가,0,일반영화
550,7월7일,손승현,0,2020-09-02,개봉영화,한국,Korea,18,18466,2,12836,145,drama,drama,12세이상관람가,0,독립/예술영화
551,개 같은 것들,최종학,0,2020-12-17,개봉영화,한국,Korea,2,17970,2,17650,203,drama,drama,청소년관람불가,1,일반영화
552,"집에 돌아오면, 언제나 아내가 죽은 척을 하고있다",리 토시오,0,2020-02-20,개봉영화,아시아,others,34,17469,2,15449,181,romance,romance,12세이상관람가,0,독립/예술영화
553,이별식당,임왕태,0,2020-08-27,개봉영화,한국,Korea,24,17242,2,10945,136,musical,others,12세이상관람가,0,독립/예술영화
554,디노소어 어드벤쳐,,0,2021-01-27,개봉영화,북아메리카,NorthAmerica,26,17181,2,4220,56,adventure,others,15세이상관람가,0,일반영화
555,이별의 목적,이건우,0,2020-09-10,개봉영화,한국,Korea,15,16905,2,9975,124,romance,romance,12세이상관람가,0,독립/예술영화
556,애니멀 크래커,토니 밴크로프트,0,2020-08-05,개봉영화,북아메리카,NorthAmerica,473,16764,2,13640,195,animation,animation,전체관람가,0,독립/예술영화
557,벌새,김보라,0,2019-08-29,개봉영화,한국,Korea,145,16700,2,4840,65,drama,drama,15세이상관람가,0,독립/예술영화
558,여름날,오정석,0,2020-08-20,개봉영화,한국,Korea,12,16185,2,7915,98,drama,drama,전체관람가,0,독립/예술영화
559,잠자는 숲 속의 미녀,마리우스 프티파,0,2020-05-02,개봉영화,유럽,others,3,16170,1,9600,39,show,others,전체관람가,0,일반영화
560,벨빌 캅,라시드 부샤렙,0,2020-06-25,개봉영화,유럽,others,5,16005,2,10420,131,criminal,criminal,15세이상관람가,0,독립/예술영화
561,나이트 언데드,,0,2021-01-27,개봉영화,북아메리카,NorthAmerica,20,15850,3,12100,236,mystery,others,15세이상관람가,0,일반영화
562,덩케르크 이스케이프,,0,2020-08-20,개봉영화,유럽,others,13,15729,2,6864,87,war,others,15세이상관람가,0,독립/예술영화
563,젊은 모녀,왕지방,0,2020-09-10,개봉영화,한국,Korea,20,15620,3,6690,125,romance,romance,청소년관람불가,1,일반영화
564,용감한 토끼 당당이,증헌림,0,2020-12-17,개봉영화,아시아,others,5,15500,3,0,0,animation,animation,전체관람가,0,독립/예술영화
565,브레이크,,0,2020-05-20,개봉영화,유럽,others,5,15000,3,0,0,thriller,others,15세이상관람가,0,독립/예술영화
566,탱크 투 베를린,,0,2020-12-23,개봉영화,유럽,others,16,14987,2,8778,98,action,action,15세이상관람가,0,독립/예술영화
567,일 트로바토레,프랑코 제피렐리,0,2020-01-12,개봉영화,유럽,others,5,14850,1,6180,25,show,others,전체관람가,0,일반영화
568,너와 파도를 탈 수 있다면,유아사 마사아키,1,2020-07-08,개봉영화,아시아,others,257,14210,1,14210,135,animation,animation,12세이상관람가,0,독립/예술영화
569,세트플레이,문승욱,0,2020-12-10,개봉영화,한국,Korea,16,13630,2,5845,72,drama,drama,청소년관람불가,1,독립/예술영화
570,좋은 여자,전규환,0,2020-05-28,개봉영화,한국,Korea,5,12170,2,9685,125,drama,drama,청소년관람불가,1,독립/예술영화
571,아르코라이브 의자 고치는 여인,,0,2020-05-20,개봉영화,한국,Korea,6,12055,1,10295,86,show,others,12세이상관람가,0,일반영화
572,이장,정승오,0,2020-03-25,개봉영화,한국,Korea,82,11960,2,1000,12,drama,drama,12세이상관람가,0,독립/예술영화
573,누드모델의 목적,,0,2020-04-03,개봉영화,한국,Korea,10,11830,2,11410,229,romance,romance,청소년관람불가,1,일반영화
574,환각섹스,,0,2020-04-03,개봉영화,한국,Korea,10,11830,2,11410,229,romance,romance,청소년관람불가,1,일반영화
575,블라인드 파트너,이로운,0,2020-03-19,개봉영화,한국,Korea,18,11810,2,11410,229,romance,romance,청소년관람불가,1,일반영화
576,스폰서 X,에로핑,0,2020-03-27,개봉영화,한국,Korea,18,11810,2,11410,229,romance,romance,청소년관람불가,1,일반영화
577,새엄마의 목적,이로운,0,2020-03-19,개봉영화,한국,Korea,17,11800,2,11410,229,romance,romance,청소년관람불가,1,일반영화
578,아크나텐,,0,2020-07-07,개봉영화,북아메리카,NorthAmerica,5,11713,1,8293,35,show,others,전체관람가,0,일반영화
579,사마에게,"와드 알-카팁,에드워드 와츠",0,2020-01-23,개봉영화,유럽,others,75,11699,1,11369,121,documentary,others,15세이상관람가,0,독립/예술영화
580,야구소녀,최윤태,0,2020-06-18,개봉영화,한국,Korea,264,11690,2,1000,19,drama,drama,12세이상관람가,0,독립/예술영화
581,좀비파이터,임지환,0,2020-04-16,개봉영화,한국,Korea,5,11370,1,8010,88,horror,others,15세이상관람가,0,독립/예술영화
582,터칭 더 보이드,케빈 맥도널드,0,2020-09-24,개봉영화,유럽,others,8,11306,2,8817,126,documentary,others,12세이상관람가,0,독립/예술영화
583,초대받은 배달부,이상수,0,2021-01-01,개봉영화,한국,Korea,20,10660,2,7200,126,romance,romance,청소년관람불가,1,일반영화
584,마농 레스코,,0,2020-08-03,개봉영화,유럽,others,5,10335,1,3295,22,show,others,12세이상관람가,0,일반영화
585,더 듀얼,,0,2020-11-19,개봉영화,북아메리카,NorthAmerica,5,10000,2,0,0,criminal,criminal,청소년관람불가,1,독립/예술영화
586,런 위드 더 헌티드,,0,2020-11-04,개봉영화,북아메리카,NorthAmerica,5,10000,2,0,0,criminal,criminal,15세이상관람가,0,독립/예술영화
587,犬견 : 버려진 아이들,서하늘,0,2020-10-18,개봉영화,한국,Korea,1,9960,3,0,0,criminal,criminal,15세이상관람가,0,독립/예술영화
588,18 섹시퀸 유진의 섹스 스캔들,최진철,0,2020-11-13,개봉영화,한국,Korea,20,9680,2,6660,125,romance,romance,청소년관람불가,1,일반영화
589,불륜의 세계,신성진,0,2020-07-10,개봉영화,한국,Korea,20,9650,2,6600,123,etc,others,청소년관람불가,1,일반영화
590,구멍동서,이상수,0,2020-07-20,개봉영화,한국,Korea,20,9610,2,6600,123,etc,others,청소년관람불가,1,일반영화
591,용주골 2,김종석,0,2020-11-12,개봉영화,한국,Korea,20,9600,2,6630,125,romance,romance,청소년관람불가,1,일반영화
592,천년여우 구미호,최환,0,2020-12-03,개봉영화,한국,Korea,11,9570,2,9140,188,romance,romance,청소년관람불가,1,일반영화
593,관전녀2,김종석,0,2020-11-06,개봉영화,한국,Korea,20,9550,2,6630,125,romance,romance,청소년관람불가,1,일반영화
594,음란 과외 3,김종석,0,2020-11-26,개봉영화,한국,Korea,20,9540,2,6670,127,romance,romance,청소년관람불가,1,일반영화
595,셰이프 오브 뮤직: 알렉상드르 데스플라,파스칼 쾨노,0,2020-08-13,개봉영화,유럽,others,30,9494,1,7454,73,documentary,others,전체관람가,0,독립/예술영화
596,이모의유혹3,원명준,0,2020-05-29,개봉영화,한국,Korea,20,9460,2,6690,125,romance,romance,청소년관람불가,1,일반영화
597,어린 그녀,정태준,0,2020-04-09,개봉영화,한국,Korea,20,9430,2,6640,125,romance,romance,청소년관람불가,1,일반영화
598,젊은엄마5,정도수,0,2020-04-08,개봉영화,한국,Korea,20,9430,2,6640,125,romance,romance,청소년관람불가,1,일반영화
599,주인집 딸,계장혁,0,2020-05-07,개봉영화,한국,Korea,21,9420,2,6640,125,romance,romance,청소년관람불가,1,일반영화
600,금의위 3인의 무사,등연성,0,2021-01-21,개봉영화,아시아,others,20,9410,2,9030,172,action,action,15세이상관람가,0,독립/예술영화
601,옆집소녀4,원명준,0,2020-07-03,개봉영화,한국,Korea,19,9400,2,6640,125,romance,romance,청소년관람불가,1,일반영화
602,기색충,김종석,0,2020-09-10,개봉영화,한국,Korea,25,9400,2,6630,125,romance,romance,청소년관람불가,1,일반영화
603,섹스의 세계,김종석,0,2020-09-17,개봉영화,한국,Korea,25,9400,2,6630,125,romance,romance,청소년관람불가,1,일반영화
604,초대녀 3,김종석,0,2020-12-10,개봉영화,한국,Korea,20,9400,2,6700,126,romance,romance,청소년관람불가,1,일반영화
605,극장판 원피스 스탬피드,,0,2020-02-13,개봉영화,아시아,others,372,9400,1,9320,96,animation,animation,전체관람가,0,일반영화
606,그녀의 모유는 백신,정미나,0,2020-08-21,개봉영화,한국,Korea,20,9370,2,6630,125,ero,others,청소년관람불가,1,일반영화
607,몽정 : 파는여자,왕지방,0,2020-04-09,개봉영화,한국,Korea,20,9360,2,6630,125,romance,romance,청소년관람불가,1,일반영화
608,주부남편의 발기찬 바깥생활,정미나,0,2020-07-31,개봉영화,한국,Korea,20,9350,2,6630,125,ero,others,청소년관람불가,1,일반영화
609,미세스 잘주리 미스 안주리,김종석,0,2021-01-07,개봉영화,한국,Korea,21,9350,2,6630,125,romance,romance,청소년관람불가,1,일반영화
610,애완남,김종석,0,2020-10-23,개봉영화,한국,Korea,20,9350,2,6630,125,romance,romance,청소년관람불가,1,일반영화
611,어린 엄마4,김종석,0,2020-10-23,개봉영화,한국,Korea,20,9350,2,6630,125,romance,romance,청소년관람불가,1,일반영화
612,처제가 왜 거기서 나와?,김종석,0,2020-12-23,개봉영화,한국,Korea,20,9350,2,6630,125,romance,romance,청소년관람불가,1,일반영화
613,형수 길들이기,정태준,0,2020-10-07,개봉영화,한국,Korea,20,9350,2,6630,125,romance,romance,청소년관람불가,1,일반영화
614,막내 처제 2,정진호,0,2020-03-12,개봉영화,한국,Korea,20,9330,2,6660,126,romance,romance,청소년관람불가,1,일반영화
615,여선생3,최성은,0,2020-03-20,개봉영화,한국,Korea,20,9330,2,6660,126,etc,others,청소년관람불가,1,일반영화
616,어린 처제 4,계장혁,0,2020-03-19,개봉영화,한국,Korea,20,9310,2,6660,126,romance,romance,청소년관람불가,1,일반영화
617,에이리,오오토모 케이시,0,2021-01-22,개봉영화,아시아,others,1,9265,1,9265,86,mystery,others,15세이상관람가,0,독립/예술영화
618,아르코 라이브 완창판소리프로젝트2 강산제수궁가,,0,2020-04-14,개봉영화,한국,Korea,7,9170,1,1980,17,show,others,전체관람가,0,일반영화
619,두 번째 엄마-불륜정사,최환,0,2020-12-03,개봉영화,한국,Korea,20,9120,2,9030,182,romance,romance,청소년관람불가,1,일반영화
620,딸의 친구 5,계장혁,0,2020-04-23,개봉영화,한국,Korea,20,8830,2,6040,122,romance,romance,청소년관람불가,1,일반영화
621,새아가,계장혁,0,2020-04-23,개봉영화,한국,Korea,20,8830,2,6040,122,romance,romance,청소년관람불가,1,일반영화
622,카잔자키스,,0,2020-01-30,개봉영화,기타,others,21,8771,1,8771,100,drama,drama,12세이상관람가,0,독립/예술영화
623,죽이는 여자,애슐리 해밀턴,0,2020-08-23,개봉영화,북아메리카,NorthAmerica,1,8710,8,8710,823,horror,others,청소년관람불가,1,일반영화
624,할로윈: 살인마 잭,앤드류 존스,0,2020-07-21,개봉영화,유럽,others,1,8690,8,8690,821,horror,others,15세이상관람가,0,일반영화
625,기도하는 남자,강동헌,0,2020-02-20,개봉영화,한국,Korea,34,8505,1,4825,73,drama,drama,15세이상관람가,0,독립/예술영화
626,블러드: 궁금한 이야기,,0,2020-06-15,개봉영화,유럽,others,1,8420,8,8410,817,horror,others,15세이상관람가,0,일반영화
627,피그테일:피그테일과 거미소녀 그리고 레슬링,"카이야 토시히사,유아사 마사아키",0,2020-07-09,개봉영화,아시아,others,12,8230,1,6390,81,animation,animation,15세이상관람가,0,독립/예술영화
628,사내정사: 은밀한 회의실,이두희,0,2020-04-24,개봉영화,한국,Korea,20,8210,2,6040,122,drama,drama,청소년관람불가,1,일반영화
629,카르멘,,0,2020-06-03,개봉영화,유럽,others,6,8200,0,4820,20,show,others,12세이상관람가,0,일반영화
630,어서오시게스트하우스,심요한,0,2020-08-13,개봉영화,한국,Korea,58,7760,1,2090,27,drama,drama,15세이상관람가,0,독립/예술영화
631,백년의 기억,피에르 올리비에 프랑수아,0,2020-06-11,개봉영화,유럽,others,6,7550,1,240,4,documentary,others,전체관람가,0,독립/예술영화
632,미스터 주: 사라진 VIP,김태윤,1,2020-01-22,개봉영화,한국,Korea,692,7500,2,4500,90,comedy,comedy,12세이상관람가,0,일반영화
633,설화,최형렬,0,2020-04-16,개봉영화,한국,Korea,4,7430,1,3000,60,thriller,others,15세이상관람가,0,독립/예술영화
634,기묘한 이야기: 리플레이,,0,2020-08-23,개봉영화,북아메리카,NorthAmerica,1,7380,7,7380,696,adventure,others,15세이상관람가,0,일반영화
635,좀비캠프,데이빗 마탈론,0,2020-09-25,개봉영화,북아메리카,NorthAmerica,5,7000,1,3000,60,thriller,others,청소년관람불가,1,독립/예술영화
636,장모님들의 사랑,왕지방,0,2020-05-13,개봉영화,한국,Korea,20,6890,1,6160,123,romance,romance,청소년관람불가,1,일반영화
637,더 프린세스 : 도둑맞은 공주,올레말라므,0,2020-08-12,개봉영화,유럽,others,423,6736,1,0,0,animation,animation,전체관람가,0,일반영화
638,외출 3,구재은,0,2020-09-28,개봉영화,한국,Korea,19,6720,1,2090,42,romance,romance,청소년관람불가,1,일반영화
639,화끈한 미용실,김춘수,0,2020-09-09,개봉영화,한국,Korea,20,6720,1,6090,122,romance,romance,청소년관람불가,1,일반영화
640,배달노출2 : 초대남과 좋아죽는 와이프,공자관,0,2020-05-29,개봉영화,한국,Korea,20,6530,1,6040,122,ero,others,청소년관람불가,1,일반영화
641,가자 장미여관으로 4,최우성,0,2020-05-28,개봉영화,한국,Korea,20,6500,1,6040,122,romance,romance,청소년관람불가,1,일반영화
642,구멍 교환,김종석,0,2020-08-27,개봉영화,한국,Korea,20,6500,1,6030,122,romance,romance,청소년관람불가,1,일반영화
643,나는 야한 여자가 좋다 4,김종석,0,2020-07-30,개봉영화,한국,Korea,20,6500,1,6030,122,romance,romance,청소년관람불가,1,일반영화
644,마누라 공유하기,계장혁,0,2020-08-13,개봉영화,한국,Korea,20,6500,1,6030,122,romance,romance,청소년관람불가,1,일반영화
645,어린 구멍,김종석,0,2020-08-13,개봉영화,한국,Korea,20,6500,1,6030,122,romance,romance,청소년관람불가,1,일반영화
646,김비서는 정말 왜 그럴까?,김종석,0,2020-09-03,개봉영화,한국,Korea,20,6500,1,6030,122,romance,romance,청소년관람불가,1,일반영화
647,가슴 큰 연주,이동준,0,2020-06-16,개봉영화,한국,Korea,20,6470,1,3700,66,romance,romance,청소년관람불가,1,일반영화
648,어린 여동생2,이정석,0,2020-04-03,개봉영화,한국,Korea,20,6450,1,3660,66,romance,romance,청소년관람불가,1,일반영화
649,작은 소망,전우성,0,2020-08-13,개봉영화,아시아,others,151,6400,1,6400,128,comedy,comedy,12세이상관람가,0,독립/예술영화
650,친구누나들,이정석,0,2020-03-20,개봉영화,한국,Korea,20,6390,1,3660,66,romance,romance,청소년관람불가,1,일반영화
651,어린과부,한동호,0,2020-08-11,개봉영화,한국,Korea,20,6370,1,3630,65,romance,romance,청소년관람불가,1,일반영화
652,예민한 모녀,성운아,0,2020-07-28,개봉영화,한국,Korea,20,6330,1,3630,65,romance,romance,청소년관람불가,1,일반영화
653,부다페스트 스토리,아틸라 사스,0,2020-08-13,개봉영화,유럽,others,33,6005,1,4520,64,thriller,others,15세이상관람가,0,독립/예술영화
654,피델리티,니기나 사이풀라에바,0,2020-04-15,개봉영화,유럽,others,1,5760,1,5760,64,drama,drama,청소년관람불가,1,독립/예술영화
655,판타스틱 썸머,,0,2020-06-25,개봉영화,북아메리카,NorthAmerica,5,5685,1,4426,62,drama,drama,15세이상관람가,0,독립/예술영화
656,슈윙! 블루 노트 레코드 스토리,에릭 프리에들러,0,2020-03-19,개봉영화,유럽,others,2,5560,1,5560,60,documentary,others,12세이상관람가,0,독립/예술영화
657,바람의 언덕,박석영,0,2020-04-23,개봉영화,한국,Korea,28,5510,1,60,1,drama,drama,전체관람가,0,독립/예술영화
